delete from habilidade_faixa_ano;
delete from habilidade_competencia;
delete from competencia;
delete from habilidade;

ALTER TABLE public.direito ALTER COLUMN id DROP DEFAULT;
ALTER TABLE public.objetivo ALTER COLUMN id DROP DEFAULT;
ALTER TABLE public.competencia ALTER COLUMN id DROP DEFAULT;
ALTER TABLE public.habilidade ALTER COLUMN id DROP DEFAULT;
ALTER TABLE public.faixa_ano ALTER COLUMN id DROP DEFAULT;
ALTER TABLE public.componente ALTER COLUMN id DROP DEFAULT;
ALTER TABLE public.campo_experiencia ALTER COLUMN id DROP DEFAULT;
ALTER TABLE public.nivel ALTER COLUMN id DROP DEFAULT;

--delete from competencia;
--competencias do ensino fundamental 1º ao 9º ano
insert into competencia (id, descricao, id_nivel, id_componente, codigo, bncc, geral, ativo) values (1, 'Valorizar e utilizar os conhecimentos historicamente construídos sobre o mundo físico, social, cultural e digital para entender e explicar a realidade, continuar aprendendo e colaborar para a construção de uma sociedade justa, democrática e inclusiva', 2, Null, 'C0001', true, true, true);
insert into competencia (id, descricao, id_nivel, id_componente, codigo, bncc, geral, ativo) values (2, 'Exercitar a curiosidade intelectual e recorrer à abordagem própria das ciências, incluindo a investigação, a reflexão, a análise crítica, a imaginação e a criatividade, para investigar causas, elaborar e testar hipóteses, formular e resolver problemas e criar soluções (inclusive tecnológicas) com base nos conhecimentos das diferentes áreas', 2, Null, 'C0002', true, true, true);
insert into competencia (id, descricao, id_nivel, id_componente, codigo, bncc, geral, ativo) values (3, 'Valorizar e fruir as diversas manifestações artísticas e culturais, das locais às mundiais, e também participar de práticas diversificadas da produção artístico-cultural', 2, Null, 'C0003', true, true, true);
insert into competencia (id, descricao, id_nivel, id_componente, codigo, bncc, geral, ativo) values (4, 'Utilizar diferentes linguagens – verbal (oral ou visual-motora, como Libras, e escrita), corporal, visual, sonora e digital –, bem como conhecimentos das linguagens artística, matemática e científica, para se expressar e partilhar informações, experiências, ideias e sentimentos em diferentes contextos e produzir sentidos que levem ao entendimento mútuo', 2, Null, 'C0004', true, true, true);
insert into competencia (id, descricao, id_nivel, id_componente, codigo, bncc, geral, ativo) values (5, 'Compreender, utilizar e criar tecnologias digitais de informação e comunicação de forma crítica, significativa, reflexiva e ética nas diversas práticas sociais (incluindo as escolares) para se comunicar, acessar e disseminar informações, produzir conhecimentos, resolver problemas e exercer protagonismo e autoria na vida pessoal e coletiva', 2, Null, 'C0005', true, true, true);
insert into competencia (id, descricao, id_nivel, id_componente, codigo, bncc, geral, ativo) values (6, 'Valorizar a diversidade de saberes e vivências culturais e apropriar-se de conhecimentos e experiências que lhe possibilitem entender as relações próprias do mundo do trabalho e fazer escolhas alinhadas ao exercício da cidadania e ao seu projeto de vida, com liberdade, autonomia, consciência crítica e responsabilidade', 2, Null, 'C0006', true, true, true);
insert into competencia (id, descricao, id_nivel, id_componente, codigo, bncc, geral, ativo) values (7, 'Argumentar com base em fatos, dados e informações confiáveis, para formular, negociar e defender ideias, pontos de vista e decisões comuns que respeitem e promovam os direitos humanos, a consciência socioambiental e o consumo responsável em âmbito local, regional e global, com posicionamento ético em relação ao cuidado de si mesmo, dos outros e do planeta', 2, Null, 'C0007', true, true, true);
insert into competencia (id, descricao, id_nivel, id_componente, codigo, bncc, geral, ativo) values (8, 'Conhecer-se, apreciar-se e cuidar de sua saúde física e emocional, compreendendo-se na diversidade humana e reconhecendo suas emoções e as dos outros, com autocrítica e capacidade para lidar com elas', 2, Null, 'C0008', true, true, true);
insert into competencia (id, descricao, id_nivel, id_componente, codigo, bncc, geral, ativo) values (9, 'Exercitar a empatia, o diálogo, a resolução de conflitos e a cooperação,fazendo-se respeitar e promovendo o respeito ao outro e aos direitos humanos, com acolhimento e valorização da diversidade de indivíduos e de grupos sociais, seus saberes, identidades, culturas e potencialidades, sem preconceitos de qualquer natureza', 2, Null, 'C0009', true, true, true);
insert into competencia (id, descricao, id_nivel, id_componente, codigo, bncc, geral, ativo) values (10, 'Agir pessoal e coletivamente com autonomia, responsabilidade, flexibilidade, resiliência e determinação, tomando decisões com base em princípios éticos, democráticos, inclusivos, sustentáveis e solidários', 2, Null, 'C0010', true, true, true);

insert into competencia (id, descricao, id_nivel, id_componente, codigo, bncc, geral, ativo) values (11, 'Compreender a si e ao outro como identidades diferentes, de forma a exercitar o respeito à diferença em uma sociedade plural e promover os direitos humanos', 2, 1, 'C0011', true, false, true);
insert into competencia (id, descricao, id_nivel, id_componente, codigo, bncc, geral, ativo) values (12, 'Analisar o mundo social, cultural e digital e o meio técnico-científico-informacional com base nos conhecimentos das Ciências Humanas, considerando suas variações de significado no tempo e no espaço, para intervir em situações do cotidiano e se posicionar diante de problemas do mundo contemporâneo', 2, 1, 'C0012', true, false, true);
insert into competencia (id, descricao, id_nivel, id_componente, codigo, bncc, geral, ativo) values (13, 'Identificar, comparar e explicar a intervenção do ser humano na natureza e na sociedade, exercitando a curiosidade e propondo ideias e ações que contribuam para a transformação espacial, social e cultural, de modo a participar efetivamente das dinâmicas da vida social', 2, 1, 'C0013', true, false, true);
insert into competencia (id, descricao, id_nivel, id_componente, codigo, bncc, geral, ativo) values (14, 'Interpretar e expressar sentimentos, crenças e dúvidas com relação a si mesmo, aos outros e às diferentes culturas, com base nos instrumentos de investigação das Ciências Humanas, promovendo o acolhimento e a valorização da diversidade de indivíduos e de grupos sociais, seus saberes, identidades, culturas e potencialidades, sem preconceitos de qualquer natureza', 2, 1, 'C0014', true, false, true);
insert into competencia (id, descricao, id_nivel, id_componente, codigo, bncc, geral, ativo) values (15, 'Comparar eventos ocorridos simultaneamente no mesmo espaço e em espaços variados, e eventos ocorridos em tempos diferentes no mesmo espaço e em espaços variados', 2, 1, 'C0015', true, false, true);
insert into competencia (id, descricao, id_nivel, id_componente, codigo, bncc, geral, ativo) values (16, 'Construir argumentos, com base nos conhecimentos das Ciências Humanas, para negociar e defender ideias e opiniões que respeitem e promovam os direitos humanos e a consciência socioambiental, exercitando a responsabilidade e o protagonismo voltados para o bem comum e a construção de uma sociedade justa, democrática e inclusiva', 2, 1, 'C0016', true, false, true);
insert into competencia (id, descricao, id_nivel, id_componente, codigo, bncc, geral, ativo) values (17, 'Utilizar as linguagens cartográfica, gráfica e iconográfica e diferentes gêneros textuais e tecnologias digitais de informação e comunicação no desenvolvimento do raciocínio espaço-temporal relacionado a localização, distância, direção, duração, simultaneidade, sucessão, ritmo e conexão', 2, 1, 'C0017', true, false, true);

insert into competencia (id, descricao, id_nivel, id_componente, codigo, bncc, geral, ativo) values (18, 'Conviver com a diversidade de crenças, pensamentos, convicções, modos de ser e viver', 2, 2, 'C0018', true, false, true);
insert into competencia (id, descricao, id_nivel, id_componente, codigo, bncc, geral, ativo) values (19, 'Conhecer os aspectos estruturantes das diferentes tradições/movimentos religiosos e filosofias de vida, a partir de pressupostos científicos, filosóficos, estéticos e éticos', 2, 2, 'C0019', true, false, true);
insert into competencia (id, descricao, id_nivel, id_componente, codigo, bncc, geral, ativo) values (20, 'Compreender, valorizar e respeitar as manifestações religiosas e filosofias de vida, suas experiências e saberes, em diferentes tempos, espaços e territórios', 2, 2, 'C0020', true, false, true);
insert into competencia (id, descricao, id_nivel, id_componente, codigo, bncc, geral, ativo) values (21, 'Reconhecer e cuidar de si, do outro, da coletividade e da natureza, enquanto expressão de valor da vida', 2, 2, 'C0021', true, false, true);
insert into competencia (id, descricao, id_nivel, id_componente, codigo, bncc, geral, ativo) values (22, 'Analisar as relações entre as tradições religiosas e os campos da cultura, da política, da economia, da saúde, da ciência, da tecnologia e do meio ambiente', 2, 2, 'C0022', true, false, true);
insert into competencia (id, descricao, id_nivel, id_componente, codigo, bncc, geral, ativo) values (23, 'Debater, problematizar e posicionar-se frente aos discursos e práticas de intolerância, discriminação e violência de cunho religioso, de modo a assegurar os direitos humanos no constante exercício da cidadania e da cultura de paz', 2, 2, 'C0023', true, false, true);

insert into competencia (id, descricao, id_nivel, id_componente, codigo, bncc, geral, ativo) values (24, 'Compreender as linguagens como construção humana, histórica, social e cultural, de natureza dinâmica, reconhecendo-as e valorizando-as como formas de significação da realidade e expressão de subjetividades e identidades sociais e culturais', 2, 3, 'C0024', true, false, true);
insert into competencia (id, descricao, id_nivel, id_componente, codigo, bncc, geral, ativo) values (25, 'Conhecer e explorar diversas práticas de linguagem (artísticas, corporais e linguísticas) em diferentes campos da atividade humana para continuar aprendendo, ampliar suas possibilidades de participação na vida social e colaborar para a construção de uma sociedade mais justa, democrática e inclusiva', 2, 3, 'C0025', true, false, true);
insert into competencia (id, descricao, id_nivel, id_componente, codigo, bncc, geral, ativo) values (26, 'Utilizar diferentes linguagens – verbal (oral ou visual-motora, como Libras, e escrita), corporal, visual, sonora e digital –, para se expressar e partilhar informações, experiências, ideias e sentimentos em diferentes contextos e produzir sentidos que levem ao diálogo, à resolução de conflitos e à cooperação', 2, 3, 'C0026', true, false, true);
insert into competencia (id, descricao, id_nivel, id_componente, codigo, bncc, geral, ativo) values (27, 'Utilizar diferentes linguagens para defender pontos de vista que respeitem o outro e promovam os direitos humanos, a consciência socioambiental e o consumo responsável em âmbito local, regional e global, atuando criticamente frente a questões do mundo contemporâneo', 2, 3, 'C0027', true, false, true);
insert into competencia (id, descricao, id_nivel, id_componente, codigo, bncc, geral, ativo) values (28, 'Desenvolver o senso estético para reconhecer, fruir e respeitar as diversas manifestações artísticas e culturais, das locais às mundiais, inclusive aquelas pertencentes ao patrimônio cultural da humanidade, bem como participar de práticas diversificadas, individuais e coletivas, da produção artístico-cultural, com respeito à diversidade de saberes, identidades e culturas', 2, 3, 'C0028', true, false, true);
insert into competencia (id, descricao, id_nivel, id_componente, codigo, bncc, geral, ativo) values (29, 'Compreender e utilizar tecnologias digitais de informação e comunicação de forma crítica, significativa, reflexiva e ética nas diversas práticas sociais (incluindo as escolares), para se comunicar por meio das diferentes linguagens e mídias, produzir conhecimentos, resolver problemas e desenvolver projetos autorais e coletivos', 2, 3, 'C0029', true, false, true);

insert into competencia (id, descricao, id_nivel, id_componente, codigo, bncc, geral, ativo) values (30, 'Reconhecer que a Matemática é uma ciência humana, fruto das necessidades e preocupações de diferentes culturas, em diferentes momentos históricos, e é uma ciência viva, que contribui para solucionar problemas científicos e tecnológicos e para alicerçar descobertas e construções, inclusive com impactos no mundo do trabalho', 2, 4, 'C0030', true, false, true);
insert into competencia (id, descricao, id_nivel, id_componente, codigo, bncc, geral, ativo) values (31, 'Desenvolver o raciocínio lógico, o espírito de investigação e a capacidade de produzir argumentos convincentes, recorrendo aos conhecimentos matemáticos para compreender e atuar no mundo', 2, 4, 'C0031', true, false, true);
insert into competencia (id, descricao, id_nivel, id_componente, codigo, bncc, geral, ativo) values (32, 'Compreender as relações entre conceitos e procedimentos dos diferentes campos da Matemática (Aritmética, Álgebra, Geometria, Estatística e Probabilidade) e de outras áreas do conhecimento, sentindo segurança quanto à própria capacidade de construir e aplicar conhecimentos matemáticos, desenvolvendo a autoestima e a perseverança na busca de soluções', 2, 4, 'C0032', true, false, true);
insert into competencia (id, descricao, id_nivel, id_componente, codigo, bncc, geral, ativo) values (33, 'Fazer observações sistemáticas de aspectos quantitativos e qualitativos presentes nas práticas sociais e culturais, de modo a investigar, organizar, representar e comunicar informações relevantes, para interpretá-las e avaliá-las crítica e eticamente, produzindo argumentos convincentes', 2, 4, 'C0033', true, false, true);
insert into competencia (id, descricao, id_nivel, id_componente, codigo, bncc, geral, ativo) values (34, 'Utilizar processos e ferramentas matemáticas, inclusive tecnologias digitais disponíveis, para modelar e resolver problemas cotidianos, sociais e de outras áreas de conhecimento, validando estratégias e resultados', 2, 4, 'C0034', true, false, true);
insert into competencia (id, descricao, id_nivel, id_componente, codigo, bncc, geral, ativo) values (35, 'Enfrentar situações-problema em múltiplos contextos, incluindo-se situações imaginadas, não diretamente relacionadas com o aspecto prático-utilitário, expressar suas respostas e sintetizar conclusões, utilizando diferentes registros e linguagens (gráficos, tabelas, esquemas, além de texto escrito na língua materna e outras linguagens para descrever algoritmos, como fluxogramas, e dados)', 2, 4, 'C0035', true, false, true);
insert into competencia (id, descricao, id_nivel, id_componente, codigo, bncc, geral, ativo) values (36, 'Desenvolver e/ou discutir projetos que abordem, sobretudo, questões de urgência social, com base em princípios éticos, democráticos, sustentáveis e solidários, valorizando a diversidade de opiniões de indivíduos e de grupos sociais, sem preconceitos de qualquer natureza', 2, 4, 'C0036', true, false, true);
insert into competencia (id, descricao, id_nivel, id_componente, codigo, bncc, geral, ativo) values (37, 'Interagir com seus pares de forma cooperativa, trabalhando coletivamente no planejamento e desenvolvimento de pesquisas para responder a questionamentos e na busca de soluções para problemas, de modo a identificar aspectos consensuais ou não na discussão de uma determinada questão, respeitando o modo de pensar dos colegas e aprendendo com eles', 2, 4, 'C0037', true, false, true);

insert into competencia (id, descricao, id_nivel, id_componente, codigo, bncc, geral, ativo) values (38, 'Compreender as Ciências da Natureza como empreendimento humano, e o conhecimento científico como provisório, cultural e histórico', 2, 5, 'C0038', true, false, true);
insert into competencia (id, descricao, id_nivel, id_componente, codigo, bncc, geral, ativo) values (39, 'Compreender conceitos fundamentais e estruturas explicativas das Ciências da Natureza, bem como dominar processos, práticas e procedimentos da investigação científica, de modo a sentir segurança no debate de questões científicas, tecnológicas, socioambientais e do mundo do trabalho, continuar aprendendo e colaborar para a construção de uma sociedade justa, democrática e inclusiva', 2, 5, 'C0039', true, false, true);
insert into competencia (id, descricao, id_nivel, id_componente, codigo, bncc, geral, ativo) values (40, 'Analisar, compreender e explicar características, fenômenos e processos relativos ao mundo natural, social e tecnológico (incluindo o digital), como também as relações que se estabelecem entre eles, exercitando a curiosidade para fazer perguntas, buscar respostas e criar soluções (inclusive tecnológicas) com base nos conhecimentos das Ciências da Natureza', 2, 5, 'C0040', true, false, true);
insert into competencia (id, descricao, id_nivel, id_componente, codigo, bncc, geral, ativo) values (41, 'Avaliar aplicações e implicações políticas, socioambientais e culturais da ciência e de suas tecnologias para propor alternativas aos desafios do mundo contemporâneo, incluindo aqueles relativos ao mundo do trabalho', 2, 5, 'C0041', true, false, true);
insert into competencia (id, descricao, id_nivel, id_componente, codigo, bncc, geral, ativo) values (42, 'Construir argumentos com base em dados, evidências e informações confiáveis e negociar e defender ideias e pontos de vista que promovam a consciência socioambiental e o respeito a si próprio e ao outro, acolhendo e valorizando a diversidade de indivíduos e de grupos sociais, sem preconceitos de qualquer natureza', 2, 5, 'C0042', true, false, true);
insert into competencia (id, descricao, id_nivel, id_componente, codigo, bncc, geral, ativo) values (43, 'Utilizar diferentes linguagens e tecnologias digitais de informação e comunicação para se comunicar, acessar e disseminar informações, produzir conhecimentos e resolver problemas das Ciências da Natureza de forma crítica, significativa, reflexiva e ética', 2, 5, 'C0043', true, false, true);
insert into competencia (id, descricao, id_nivel, id_componente, codigo, bncc, geral, ativo) values (44, 'Conhecer, apreciar e cuidar de si, do seu corpo e bem-estar, compreendendo-se na diversidade humana, fazendo-se respeitar e respeitando o outro, recorrendo aos conhecimentos das Ciências da Natureza e às suas tecnologias', 2, 5, 'C0044', true, false, true);
insert into competencia (id, descricao, id_nivel, id_componente, codigo, bncc, geral, ativo) values (45, 'Agir pessoal e coletivamente com respeito, autonomia, responsabilidade, flexibilidade, resiliência e determinação, recorrendo aos conhecimentos das Ciências da Natureza para tomar decisões frente a questões científico-tecnológicas e socioambientais e a respeito da saúde individual e coletiva, com base em princípios éticos, democráticos, sustentáveis e solidários', 2, 5, 'C0045', true, false, true);

insert into competencia (id, descricao, id_nivel, id_componente, codigo, bncc, geral, ativo) values (46, 'Reconhecer o texto como lugar de manifestação e negociação de sentidos, valores e ideologias', 2, 6, 'C0046', true, false, true);
insert into competencia (id, descricao, id_nivel, id_componente, codigo, bncc, geral, ativo) values (47, 'Compreender a língua como fenômeno cultural, histórico, social, variável, heterogêneo e sensível aos contextos de uso, reconhecendo-a como meio de construção de identidades de seus usuários e da comunidade a que pertencem', 2, 6, 'C0047', true, false, true);
insert into competencia (id, descricao, id_nivel, id_componente, codigo, bncc, geral, ativo) values (48, 'Apropriar-se da linguagem escrita, reconhecendo-a como forma de interação nos diferentes campos de atuação da vida social e utilizando-a para ampliar suas possibilidades de participar da cultura letrada, de construir conhecimentos (inclusive escolares) e de se envolver com maior autonomia e protagonismo na vida social', 2, 6, 'C0048', true, false, true);
insert into competencia (id, descricao, id_nivel, id_componente, codigo, bncc, geral, ativo) values (49, 'Ler, escutar e produzir textos orais, escritos e multissemióticos que circulam em diferentes campos de atuação e mídias, com compreensão, autonomia, ﬂuência e criticidade, de modo a se expressar e partilhar informações, experiências, ideias e sentimentos, e continuar aprendendo', 2, 6, 'C0049', true, false, true);
insert into competencia (id, descricao, id_nivel, id_componente, codigo, bncc, geral, ativo) values (50, 'Compreender o fenômeno da variação linguística, demonstrando atitude respeitosa diante de variedades linguísticas e rejeitando preconceitos linguísticos', 2, 6, 'C0050', true, false, true);
insert into competencia (id, descricao, id_nivel, id_componente, codigo, bncc, geral, ativo) values (51, 'Empregar, nas interações sociais, a variedade e o estilo de linguagem adequados à situação comunicativa, ao(s) interlocutor(es) e ao gênero do discurso/gênero textual', 2, 6, 'C0051', true, false, true);
insert into competencia (id, descricao, id_nivel, id_componente, codigo, bncc, geral, ativo) values (52, 'Analisar informações, argumentos e opiniões manifestados em interações sociais e nos meios de comunicação, posicionando-se ética e criticamente em relação a conteúdos discriminatórios que ferem direitos humanos e ambientais', 2, 6, 'C0052', true, false, true);
insert into competencia (id, descricao, id_nivel, id_componente, codigo, bncc, geral, ativo) values (53, 'Selecionar textos e livros para leitura integral, de acordo com objetivos, interesses e projetos pessoais (estudo, formação pessoal, entretenimento, pesquisa, trabalho etc)', 2, 6, 'C0053', true, false, true);
insert into competencia (id, descricao, id_nivel, id_componente, codigo, bncc, geral, ativo) values (54, 'Envolver-se em práticas de leitura literária que possibilitem o desenvolvimento do senso estético para fruição, valorizando a literatura e outras manifestações artístico-culturais como formas de acesso às dimensões lúdicas, de imaginário e encantamento, reconhecendo o potencial transformador e humanizador da experiência com a literatura', 2, 6, 'C0054', true, false, true);
insert into competencia (id, descricao, id_nivel, id_componente, codigo, bncc, geral, ativo) values (55, 'Mobilizar práticas da cultura digital, diferentes linguagens, mídias e ferramentas digitais para expandir as formas de produzir sentidos (nos processos de compreensão e produção), aprender e refletir sobre o mundo e realizar diferentes projetos autorais', 2, 6, 'C0055', true, false, true);

insert into competencia (id, descricao, id_nivel, id_componente, codigo, bncc, geral, ativo) values (56, 'Explorar, conhecer, fruir e analisar criticamente práticas e produções artísticas e culturais do seu entorno social, dos povos indígenas, das comunidades tradicionais brasileiras e de diversas sociedades, em distintos tempos e espaços, para reconhecer a arte como um fenômeno cultural, histórico, social e sensível a diferentes contextos e dialogar com as diversidades', 2, 7, 'C0056', true, false, true);
insert into competencia (id, descricao, id_nivel, id_componente, codigo, bncc, geral, ativo) values (57, 'Compreender as relações entre as linguagens da Arte e suas práticas integradas, inclusive aquelas possibilitadas pelo uso das novas tecnologias de informação e comunicação, pelo cinema e pelo audiovisual, nas condições particulares de produção, na prática de cada linguagem e nas suas articulações', 2, 7, 'C0057', true, false, true);
insert into competencia (id, descricao, id_nivel, id_componente, codigo, bncc, geral, ativo) values (58, 'Pesquisar e conhecer distintas matrizes estéticas e culturais – especialmente aquelas manifestas na arte e nas culturas que constituem a identidade brasileira –, sua tradição e manifestações contemporâneas, reelaborando-as nas criações em Arte', 2, 7, 'C0058', true, false, true);
insert into competencia (id, descricao, id_nivel, id_componente, codigo, bncc, geral, ativo) values (59, 'Experienciar a ludicidade, a percepção, a expressividade e a imaginação, ressignificando espaços da escola e de fora dela no âmbito da Arte', 2, 7, 'C0059', true, false, true);
insert into competencia (id, descricao, id_nivel, id_componente, codigo, bncc, geral, ativo) values (60, 'Mobilizar recursos tecnológicos como formas de registro, pesquisa e criação artística', 2, 7, 'C0060', true, false, true);
insert into competencia (id, descricao, id_nivel, id_componente, codigo, bncc, geral, ativo) values (61, 'Estabelecer relações entre arte, mídia, mercado e consumo, compreendendo, de forma crítica e problematizadora, modos de produção e de circulação da arte na sociedade', 2, 7, 'C0061', true, false, true);
insert into competencia (id, descricao, id_nivel, id_componente, codigo, bncc, geral, ativo) values (62, 'Problematizar questões políticas, sociais, econômicas, científicas, tecnológicas e culturais, por meio de exercícios, produções, intervenções e apresentações artísticas', 2, 7, 'C0062', true, false, true);
insert into competencia (id, descricao, id_nivel, id_componente, codigo, bncc, geral, ativo) values (63, 'Desenvolver a autonomia, a crítica, a autoria e o trabalho coletivo e colaborativo nas artes', 2, 7, 'C0063', true, false, true);
insert into competencia (id, descricao, id_nivel, id_componente, codigo, bncc, geral, ativo) values (64, 'Analisar e valorizar o patrimônio artístico nacional e internacional, material e imaterial, com suas histórias e diferentes visões de mundo', 2, 7, 'C0064', true, false, true);

insert into competencia (id, descricao, id_nivel, id_componente, codigo, bncc, geral, ativo) values (65, 'Compreender a origem da cultura corporal de movimento e seus vínculos com a organização da vida coletiva e individual', 2, 8, 'C0065', true, false, true);
insert into competencia (id, descricao, id_nivel, id_componente, codigo, bncc, geral, ativo) values (66, 'Planejar e empregar estratégias para resolver desafios e aumentar as possibilidades de aprendizagem das práticas corporais, além de se envolver no processo de ampliação do acervo cultural nesse campo', 2, 8, 'C0066', true, false, true);
insert into competencia (id, descricao, id_nivel, id_componente, codigo, bncc, geral, ativo) values (67, 'Refletir, criticamente, sobre as relações entre a realização das práticas corporais e os processos de saúde/doença, inclusive no contexto das atividades laborais', 2, 8, 'C0067', true, false, true);
insert into competencia (id, descricao, id_nivel, id_componente, codigo, bncc, geral, ativo) values (68, 'Identificar a multiplicidade de padrões de desempenho, saúde, beleza e estética corporal, analisando, criticamente, os modelos disseminados na mídia e discutir posturas consumistas e preconceituosas', 2, 8, 'C0068', true, false, true);
insert into competencia (id, descricao, id_nivel, id_componente, codigo, bncc, geral, ativo) values (69, 'Identificar as formas de produção dos preconceitos, compreender seus efeitos e combater posicionamentos discriminatórios em relação às práticas corporais e aos seus participantes', 2, 8, 'C0069', true, false, true);
insert into competencia (id, descricao, id_nivel, id_componente, codigo, bncc, geral, ativo) values (70, 'Interpretar e recriar os valores, os sentidos e os significados atribuídos às diferentes práticas corporais, bem como aos sujeitos que delas participam', 2, 8, 'C0070', true, false, true);
insert into competencia (id, descricao, id_nivel, id_componente, codigo, bncc, geral, ativo) values (71, 'Reconhecer as práticas corporais como elementos constitutivos da identidade cultural dos povos e grupos', 2, 8, 'C0071', true, false, true);
insert into competencia (id, descricao, id_nivel, id_componente, codigo, bncc, geral, ativo) values (72, 'Usufruir das práticas corporais de forma autônoma para potencializar o envolvimento em contextos de lazer, ampliar as redes de sociabilidade e a promoção da saúde', 2, 8, 'C0072', true, false, true);
insert into competencia (id, descricao, id_nivel, id_componente, codigo, bncc, geral, ativo) values (73, 'Reconhecer o acesso às práticas corporais como direito do cidadão, propondo e produzindo alternativas para sua realização no contexto comunitário', 2, 8, 'C0073', true, false, true);
insert into competencia (id, descricao, id_nivel, id_componente, codigo, bncc, geral, ativo) values (74, 'Experimentar, desfrutar, apreciar e criar diferentes brincadeiras, jogos, danças, ginásticas, esportes, lutas e práticas corporais de aventura, valorizando o trabalho coletivo e o protagonismo', 2, 8, 'C0074', true, false, true);

insert into competencia (id, descricao, id_nivel, id_componente, codigo, bncc, geral, ativo) values (75, 'Identificar o lugar de si e o do outro em um mundo plurilíngue e multicultural, refletindo, criticamente, sobre como a aprendizagem da língua inglesa contribui para a inserção dos sujeitos no mundo globalizado, inclusive no que concerne ao mundo do trabalho', 2, 9, 'C0075', true, false, true);
insert into competencia (id, descricao, id_nivel, id_componente, codigo, bncc, geral, ativo) values (76, 'Comunicar-se na língua inglesa, por meio do uso variado de linguagens em mídias impressas ou digitais, reconhecendo-a como ferramenta de acesso ao conhecimento, de ampliação das perspectivas e de possibilidades para a compreensão dos valores e interesses de outras culturas e para o exercício do protagonismo social', 2, 9, 'C0076', true, false, true);
insert into competencia (id, descricao, id_nivel, id_componente, codigo, bncc, geral, ativo) values (77, 'Identificar similaridades e diferenças entre a língua inglesa e a língua materna/outras línguas, articulando-as a aspectos sociais, culturais e identitários, em uma relação intrínseca entre língua, cultura e identidade', 2, 9, 'C0077', true, false, true);
insert into competencia (id, descricao, id_nivel, id_componente, codigo, bncc, geral, ativo) values (78, 'Elaborar repertórios linguístico-discursivos da língua inglesa, usados em diferentes países e por grupos sociais distintos dentro de um mesmo país, de modo a reconhecer a diversidade linguística como direito e valorizar os usos heterogêneos, híbridos e multimodais emergentes nas sociedades contemporâneas', 2, 9, 'C0078', true, false, true);
insert into competencia (id, descricao, id_nivel, id_componente, codigo, bncc, geral, ativo) values (79, 'Utilizar novas tecnologias, com novas linguagens e modos de interação, para pesquisar, selecionar, compartilhar, posicionar-se e produzir sentidos em práticas de letramento na língua inglesa, de forma ética, crítica e responsável', 2, 9, 'C0079', true, false, true);
insert into competencia (id, descricao, id_nivel, id_componente, codigo, bncc, geral, ativo) values (80, 'Conhecer diferentes patrimônios culturais, materiais e imateriais, difundidos na língua inglesa, com vistas ao exercício da fruição e da ampliação de perspectivas no contato com diferentes manifestações artístico-culturais', 2, 9, 'C0080', true, false, true);

insert into competencia (id, descricao, id_nivel, id_componente, codigo, bncc, geral, ativo) values (81, 'Utilizar os conhecimentos geográficos para entender a interação sociedade/natureza e exercitar o interesse e o espírito de investigação e de resolução de problemas', 2, 10, 'C0081', true, false, true);
insert into competencia (id, descricao, id_nivel, id_componente, codigo, bncc, geral, ativo) values (82, 'Estabelecer conexões entre diferentes temas do conhecimento geográfico, reconhecendo a importância dos objetos técnicos para a compreensão das formas como os seres humanos fazem uso dos recursos da natureza ao longo da história', 2, 10, 'C0082', true, false, true);
insert into competencia (id, descricao, id_nivel, id_componente, codigo, bncc, geral, ativo) values (83, 'Desenvolver autonomia e senso crítico para compreensão e aplicação do raciocínio geográfico na análise da ocupação humana e produção do espaço, envolvendo os princípios de analogia, conexão, diferenciação, distribuição, extensão, localização e ordem', 2, 10, 'C0083', true, false, true);
insert into competencia (id, descricao, id_nivel, id_componente, codigo, bncc, geral, ativo) values (84, 'Desenvolver o pensamento espacial, fazendo uso das linguagens cartográficas e iconográficas, de diferentes gêneros textuais e das geotecnologias para a resolução de problemas que envolvam informações geográficas', 2, 10, 'C0084', true, false, true);
insert into competencia (id, descricao, id_nivel, id_componente, codigo, bncc, geral, ativo) values (85, 'Desenvolver e utilizar processos, práticas e procedimentos de investigação para compreender o mundo natural, social, econômico, político e o meio técnico-científico e informacional, avaliar ações e propor perguntas e soluções (inclusive tecnológicas) para questões que requerem conhecimentos científicos da Geografia', 2, 10, 'C0085', true, false, true);
insert into competencia (id, descricao, id_nivel, id_componente, codigo, bncc, geral, ativo) values (86, 'Construir argumentos com base em informações geográficas, debater e defender ideias e pontos de vista que respeitem e promovam a consciência socioambiental e o respeito à biodiversidade e ao outro, sem preconceitos de qualquer natureza', 2, 10, 'C0086', true, false, true);
insert into competencia (id, descricao, id_nivel, id_componente, codigo, bncc, geral, ativo) values (87, 'Agir pessoal e coletivamente com respeito, autonomia, responsabilidade, flexibilidade, resiliência e determinação, propondo ações sobre as questões socioambientais, com base em princípios éticos, democráticos, sustentáveis e solidários', 2, 10, 'C0087', true, false, true);

insert into competencia (id, descricao, id_nivel, id_componente, codigo, bncc, geral, ativo) values (88, 'Compreender e problematizar os conceitos e procedimentos norteadores da produção historiográfica.', 2, 11, 'C0088', true, false, true);
insert into competencia (id, descricao, id_nivel, id_componente, codigo, bncc, geral, ativo) values (89, 'Compreender acontecimentos históricos, relações de poder e processos e mecanismos de transformação e manutenção das estruturas sociais, políticas, econômicas e culturais ao longo do tempo e em diferentes espaços para analisar, posicionar-se e intervir no mundo contemporâneo.', 2, 11, 'C0089', true, false, true);
insert into competencia (id, descricao, id_nivel, id_componente, codigo, bncc, geral, ativo) values (90, 'Compreender a historicidade no tempo e no espaço, relacionando acontecimentos e processos de transformação e manutenção das estruturas sociais, políticas, econômicas e culturais, bem como problematizar os significados das lógicas de organização cronológica.', 2, 11, 'C0090', true, false, true);
insert into competencia (id, descricao, id_nivel, id_componente, codigo, bncc, geral, ativo) values (91, 'Elaborar questionamentos, hipóteses, argumentos e proposições em relação a documentos, interpretações e contextos históricos específicos, recorrendo a diferentes linguagens e mídias, exercitando a empatia, o diálogo, a resolução de conflitos, a cooperação e o respeito.', 2, 11, 'C0091', true, false, true);
insert into competencia (id, descricao, id_nivel, id_componente, codigo, bncc, geral, ativo) values (92, 'Identificar interpretações que expressem visões de diferentes sujeitos, culturas e povos com relação a um mesmo contexto histórico, e posicionar-se criticamente com base em princípios éticos, democráticos, inclusivos, sustentáveis e solidários.', 2, 11, 'C0092', true, false, true);
insert into competencia (id, descricao, id_nivel, id_componente, codigo, bncc, geral, ativo) values (93, 'Analisar e compreender o movimento de populações e mercadorias no tempo e no espaço e seus significados históricos, levando em conta o respeito e a solidariedade com as diferentes populações.', 2, 11, 'C0093', true, false, true);
insert into competencia (id, descricao, id_nivel, id_componente, codigo, bncc, geral, ativo) values (94, 'Produzir, avaliar e utilizar tecnologias digitais de informação e comunicação de modo crítico, ético e responsável, compreendendo seus significados para os diferentes grupos ou estratos sociais.', 2, 11, 'C0094', true, false, true);

-- habilidades do ensino fundamental do 1º ao 9º ano
insert into habilidade (id, id_componente, codigo, bncc, ativo, descricao, campo_atuacao, pratica_liguagem, objeto_conhecimento, unidade_tematica) values (1, 6, 'EF01LP01', true, true, 'Reconhecer que textos são lidos e escritos da esquerda para a direita e de cima para baixo da página', 'Todos os campos de atuação', 'Leitura/escuta (compartilhada e autônoma)', 'Protocolos de leitura',  Null);
insert into habilidade (id, id_componente, codigo, bncc, ativo, descricao, campo_atuacao, pratica_liguagem, objeto_conhecimento, unidade_tematica) values (2, 6, 'EF01LP02', true, true, 'Escrever, espontaneamente ou por ditado, palavras e frases de forma alfabética – usando letras/grafemas que representem fonemas', 'Todos os campos de atuação', 'Escrita (compartilhada e autônoma)', 'Correspondência fonema-grafema',  Null);
insert into habilidade (id, id_componente, codigo, bncc, ativo, descricao, campo_atuacao, pratica_liguagem, objeto_conhecimento, unidade_tematica) values (3, 6, 'EF01LP03', true, true, 'Observar escritas convencionais, comparando-as às suas produções escritas, percebendo semelhanças e diferenças', 'Todos os campos de atuação', 'Escrita (compartilhada e autônoma)', 'Construção do sistema alfabético/ Convenções da escrita',  Null);
insert into habilidade (id, id_componente, codigo, bncc, ativo, descricao, campo_atuacao, pratica_liguagem, objeto_conhecimento, unidade_tematica) values (4, 6, 'EF01LP04', true, true, 'Distinguir as letras do alfabeto de outros sinais gráficos', 'Todos os campos de atuação', 'Análise linguística/semiótica (Alfabetização)', 'Conhecimento do alfabeto do português do Brasil',  Null);
insert into habilidade (id, id_componente, codigo, bncc, ativo, descricao, campo_atuacao, pratica_liguagem, objeto_conhecimento, unidade_tematica) values (5, 6, 'EF01LP05', true, true, 'Reconhecer o sistema de escrita alfabética como representação dos sons da fala', 'Todos os campos de atuação', 'Análise linguística/semiótica (Alfabetização)', 'Construção do sistema alfabético',  Null);
insert into habilidade (id, id_componente, codigo, bncc, ativo, descricao, campo_atuacao, pratica_liguagem, objeto_conhecimento, unidade_tematica) values (6, 6, 'EF01LP06', true, true, 'Segmentar oralmente palavras em sílabas', 'Todos os campos de atuação', 'Análise linguística/semiótica (Alfabetização)', 'Construção do sistema alfabético e da ortografia',  Null);
insert into habilidade (id, id_componente, codigo, bncc, ativo, descricao, campo_atuacao, pratica_liguagem, objeto_conhecimento, unidade_tematica) values (7, 6, 'EF01LP07', true, true, 'Identificar fonemas e sua representação por letras', 'Todos os campos de atuação', 'Análise linguística/semiótica (Alfabetização)', 'Construção do sistema alfabético e da ortografia',  Null);
insert into habilidade (id, id_componente, codigo, bncc, ativo, descricao, campo_atuacao, pratica_liguagem, objeto_conhecimento, unidade_tematica) values (8, 6, 'EF01LP08', true, true, 'Relacionar elementos sonoros (sílabas, fonemas, partes de palavras) com sua representação escrita', 'Todos os campos de atuação', 'Análise linguística/semiótica (Alfabetização)', 'Construção do sistema alfabético e da ortografia',  Null);
insert into habilidade (id, id_componente, codigo, bncc, ativo, descricao, campo_atuacao, pratica_liguagem, objeto_conhecimento, unidade_tematica) values (9, 6, 'EF01LP09', true, true, 'Comparar palavras, identificando semelhanças e diferenças entre sons de sílabas iniciais', 'Todos os campos de atuação', 'Análise linguística/semiótica (Alfabetização)', 'Construção do sistema alfabético e da ortografia',  Null);
insert into habilidade (id, id_componente, codigo, bncc, ativo, descricao, campo_atuacao, pratica_liguagem, objeto_conhecimento, unidade_tematica) values (10, 6, 'EF01LP10', true, true, 'Nomear as letras do alfabeto e recitá-lo na ordem das letras', 'Todos os campos de atuação', 'Análise linguística/semiótica (Alfabetização)', 'Conhecimento do alfabeto do português do Brasil',  Null);
insert into habilidade (id, id_componente, codigo, bncc, ativo, descricao, campo_atuacao, pratica_liguagem, objeto_conhecimento, unidade_tematica) values (11, 6, 'EF01LP11', true, true, 'Conhecer, diferenciar e relacionar letras em formato imprensa e cursiva, maiúsculas e minúsculas', 'Todos os campos de atuação', 'Análise linguística/semiótica (Alfabetização)', 'Conhecimento das diversas grafias do alfabeto/ Acentuação',  Null);
insert into habilidade (id, id_componente, codigo, bncc, ativo, descricao, campo_atuacao, pratica_liguagem, objeto_conhecimento, unidade_tematica) values (12, 6, 'EF01LP12', true, true, 'Reconhecer a separação das palavras, na escrita, por espaços em branco', 'Todos os campos de atuação', 'Análise linguística/semiótica (Alfabetização)', 'Segmentação de palavras/Classificação de palavras por número de sílabas',  Null);
insert into habilidade (id, id_componente, codigo, bncc, ativo, descricao, campo_atuacao, pratica_liguagem, objeto_conhecimento, unidade_tematica) values (13, 6, 'EF01LP13', true, true, 'Comparar palavras, identificando semelhanças e diferenças entre sons de sílabas mediais e finais', 'Todos os campos de atuação', 'Análise linguística/semiótica (Alfabetização)', 'Construção do sistema alfabético',  Null);
insert into habilidade (id, id_componente, codigo, bncc, ativo, descricao, campo_atuacao, pratica_liguagem, objeto_conhecimento, unidade_tematica) values (14, 6, 'EF01LP14', true, true, 'Identificar outros sinais no texto além das letras, como pontos finais, de interrogação e exclamação e seus efeitos na entonação', 'Todos os campos de atuação', 'Análise linguística/semiótica (Alfabetização)', 'Pontuação',  Null);
insert into habilidade (id, id_componente, codigo, bncc, ativo, descricao, campo_atuacao, pratica_liguagem, objeto_conhecimento, unidade_tematica) values (15, 6, 'EF01LP15', true, true, 'Agrupar palavras pelo critério de aproximação de significado (sinonímia) e separar palavras pelo critério de oposição de significado (antonímia)', 'Todos os campos de atuação', 'Análise linguística/semiótica (Alfabetização)', 'Sinonímia e antonímia/Morfologia/Pontuação',  Null);
insert into habilidade (id, id_componente, codigo, bncc, ativo, descricao, campo_atuacao, pratica_liguagem, objeto_conhecimento, unidade_tematica) values (16, 6, 'EF01LP16', true, true, 'Ler e compreender, em colaboração com os colegas e com a ajuda do professor, quadras, quadrinhas, parlendas, trava-línguas, dentre outros gêneros do campo da vida cotidiana, considerando a situação comunicativa e o tema/assunto do texto e relacionando sua forma de organização à sua finalidade', 'Campo da vida cotidiana', 'Leitura/escuta (compartilhada e autônoma)', 'Compreensão em leitura',  Null);
insert into habilidade (id, id_componente, codigo, bncc, ativo, descricao, campo_atuacao, pratica_liguagem, objeto_conhecimento, unidade_tematica) values (17, 6, 'EF01LP17', true, true, 'Planejar e produzir, em colaboração com os colegas e com a ajuda do professor, listas, agendas, calendários, avisos, convites, receitas, instruções de montagem e legendas para álbuns, fotos ou ilustrações (digitais ou impressos), dentre outros gêneros do campo da vida cotidiana, considerando a situação comunicativa e o tema/assunto/ finalidade do texto', 'Campo da vida cotidiana', 'Escrita (compartilhada e autônoma)', 'Escrita autônoma e compartilhada',  Null);
insert into habilidade (id, id_componente, codigo, bncc, ativo, descricao, campo_atuacao, pratica_liguagem, objeto_conhecimento, unidade_tematica) values (18, 6, 'EF01LP18', true, true, 'Registrar, em colaboração com os colegas e com a ajuda do professor, cantigas, quadras, quadrinhas, parlendas, trava-línguas, dentre outros gêneros do campo da vida cotidiana, considerando a situação comunicativa e o tema/assunto/finalidade do texto', 'Campo da vida cotidiana', 'Escrita (compartilhada e autônoma)', 'Escrita autônoma e compartilhada',  Null);
insert into habilidade (id, id_componente, codigo, bncc, ativo, descricao, campo_atuacao, pratica_liguagem, objeto_conhecimento, unidade_tematica) values (19, 6, 'EF01LP19', true, true, 'Recitar parlendas, quadras, quadrinhas, trava-línguas, com entonação adequada e observando as rimas', 'Campo da vida cotidiana', 'Oralidade', 'Produção de texto oral',  Null);
insert into habilidade (id, id_componente, codigo, bncc, ativo, descricao, campo_atuacao, pratica_liguagem, objeto_conhecimento, unidade_tematica) values (20, 6, 'EF01LP20', true, true, 'Identificar e reproduzir, em listas, agendas, calendários, regras, avisos, convites, receitas, instruções de montagem e legendas para álbuns, fotos ou ilustrações (digitais ou impressos), a formatação e diagramação específica de cada um desses gêneros', 'Campo da vida cotidiana', 'Análise linguística/semiótica (Alfabetização)', 'Forma de composição do texto',  Null);



insert into habilidade (id, id_componente, codigo, bncc, ativo, descricao, campo_atuacao, pratica_liguagem, objeto_conhecimento, unidade_tematica) values (27, 6, 'EF12LP01', true, true, 'Ler palavras novas com precisão na decodificação, no caso de palavras de uso frequente, ler globalmente, por memorização', 'Todos os campos de atuação', 'Leitura/escuta (compartilhada e autônoma)', 'Decodificação/Fluência de leitura',  Null);
insert into habilidade (id, id_componente, codigo, bncc, ativo, descricao, campo_atuacao, pratica_liguagem, objeto_conhecimento, unidade_tematica) values (28, 6, 'EF12LP02', true, true, 'Buscar, selecionar e ler, com a mediação do professor (leitura compartilhada), textos que circulam em meios impressos ou digitais, de acordo com as necessidades e interesses', 'Todos os campos de atuação', 'Leitura/escuta (compartilhada e autônoma)', 'Formação de leitor',  Null);
insert into habilidade (id, id_componente, codigo, bncc, ativo, descricao, campo_atuacao, pratica_liguagem, objeto_conhecimento, unidade_tematica) values (29, 6, 'EF12LP03', true, true, 'Copiar textos breves, mantendo suas características e voltando para o texto sempre que tiver dúvidas sobre sua distribuição gráfica, espaçamento entre as palavras, escrita das palavras e pontuação', 'Todos os campos de atuação', 'Escrita (compartilhada e autônoma)', 'Construção do sistema alfabético/ Estabelecimento de relações anafóricas na referenciação e construção da coesão',  Null);
insert into habilidade (id, id_componente, codigo, bncc, ativo, descricao, campo_atuacao, pratica_liguagem, objeto_conhecimento, unidade_tematica) values (30, 6, 'EF12LP04', true, true, 'Ler e compreender, em colaboração com os colegas e com a ajuda do professor ou já com certa autonomia, listas, agendas, calendários, avisos, convites, receitas, instruções de montagem (digitais ou impressos), dentre outros gêneros do campo da vida cotidiana, considerando a situação comunicativa e o tema/assunto do texto e relacionando sua forma de organização à sua finalidade', 'Campo da vida cotidiana', 'Leitura/escuta (compartilhada e autônoma)', 'Compreensão em leitura',  Null);
insert into habilidade (id, id_componente, codigo, bncc, ativo, descricao, campo_atuacao, pratica_liguagem, objeto_conhecimento, unidade_tematica) values (31, 6, 'EF12LP05', true, true, 'Planejar e produzir, em colaboração com os colegas e com a ajuda do professor, (re)contagens de histórias, poemas e outros textos versificados (letras de canção, quadrinhas, cordel), poemas visuais, tiras e histórias em quadrinhos, dentre outros gêneros do campo artístico-literário, considerando a situação comunicativa e a finalidade do texto', 'Campo da vida cotidiana', 'Escrita (compartilhada e autônoma)', 'Escrita compartilhada',  Null);
insert into habilidade (id, id_componente, codigo, bncc, ativo, descricao, campo_atuacao, pratica_liguagem, objeto_conhecimento, unidade_tematica) values (32, 6, 'EF12LP06', true, true, 'Planejar e produzir, em colaboração com os colegas e com a ajuda do professor, recados, avisos, convites, receitas, instruções de montagem, dentre outros gêneros do campo da vida cotidiana, que possam ser repassados oralmente por meio de ferramentas digitais, em áudio ou vídeo, considerando a situação comunicativa e o tema/assunto/finalidade do texto', 'Campo da vida cotidiana', 'Oralidade', 'Produção de texto oral',  Null);
insert into habilidade (id, id_componente, codigo, bncc, ativo, descricao, campo_atuacao, pratica_liguagem, objeto_conhecimento, unidade_tematica) values (33, 6, 'EF12LP07', true, true, 'Identificar e (re)produzir, em cantiga, quadras, quadrinhas, parlendas, trava-línguas e canções, rimas, aliterações, assonâncias, o ritmo de fala relacionado ao ritmo e à melodia das músicas e seus efeitos de sentido', 'Campo da vida cotidiana', 'Análise linguística/semiótica (Alfabetização)', 'Forma de composição do texto',  Null);
insert into habilidade (id, id_componente, codigo, bncc, ativo, descricao, campo_atuacao, pratica_liguagem, objeto_conhecimento, unidade_tematica) values (34, 6, 'EF12LP08', true, true, 'Ler e compreender, em colaboração com os colegas e com a ajuda do professor, fotolegendas em notícias, manchetes e lides em notícias, álbum de fotos digital noticioso e notícias curtas para público infantil, dentre outros gêneros do campo jornalístico, considerando a situação comunicativa e o tema/assunto do texto', 'Campo da vida pública', 'Leitura/escuta (compartilhada e autônoma)', 'Compreensão em leitura',  Null);
insert into habilidade (id, id_componente, codigo, bncc, ativo, descricao, campo_atuacao, pratica_liguagem, objeto_conhecimento, unidade_tematica) values (35, 6, 'EF12LP09', true, true, 'Ler e compreender, em colaboração com os colegas e com a ajuda do professor, slogans, anúncios publicitários e textos de campanhas de conscientização destinados ao público infantil, dentre outros gêneros do campo publicitário, considerando a situação comunicativa e o tema/assunto do texto', 'Campo da vida pública', 'Leitura/escuta (compartilhada e autônoma)', 'Compreensão em leitura',  Null);
insert into habilidade (id, id_componente, codigo, bncc, ativo, descricao, campo_atuacao, pratica_liguagem, objeto_conhecimento, unidade_tematica) values (36, 6, 'EF12LP10', true, true, 'Ler e compreender, em colaboração com os colegas e com a ajuda do professor, cartazes, avisos, folhetos, regras e regulamentos que organizam a vida na comunidade escolar, dentre outros gêneros do campo da atuação cidadã, considerando a situação comunicativa e o tema/assunto do texto', 'Campo da vida pública', 'Leitura/escuta (compartilhada e autônoma)', 'Compreensão em leitura',  Null);
insert into habilidade (id, id_componente, codigo, bncc, ativo, descricao, campo_atuacao, pratica_liguagem, objeto_conhecimento, unidade_tematica) values (37, 6, 'EF12LP11', true, true, 'Escrever, em colaboração com os colegas e com a ajuda do professor, fotolegendas em notícias, manchetes e lides em notícias, álbum de fotos digital noticioso e notícias curtas para público infantil, digitais ou impressos, dentre outros gêneros do campo jornalístico, considerando a situação comunicativa e o tema/assunto do texto', 'Campo da vida pública', 'Escrita (compartilhada e autônoma)', 'Escrita compartilhada',  Null);
insert into habilidade (id, id_componente, codigo, bncc, ativo, descricao, campo_atuacao, pratica_liguagem, objeto_conhecimento, unidade_tematica) values (38, 6, 'EF12LP12', true, true, 'Escrever, em colaboração com os colegas e com a ajuda do professor, slogans, anúncios publicitários e textos de campanhas de conscientização destinados ao público infantil, dentre outros gêneros do campo publicitário, considerando a situação comunicativa e o tema/ assunto/finalidade do texto', 'Campo da vida pública', 'Escrita (compartilhada e autônoma)', 'Escrita compartilhada',  Null);
insert into habilidade (id, id_componente, codigo, bncc, ativo, descricao, campo_atuacao, pratica_liguagem, objeto_conhecimento, unidade_tematica) values (39, 6, 'EF12LP13', true, true, 'Planejar, em colaboração com os colegas e com a ajuda do professor, slogans e peça de campanha de conscientização destinada ao público infantil que possam ser repassados oralmente por meio de ferramentas digitais, em áudio ou vídeo, considerando a situação comunicativa e o tema/assunto/finalidade do texto', 'Campo da vida pública', 'Oralidade', 'Produção de texto oral',  Null);
insert into habilidade (id, id_componente, codigo, bncc, ativo, descricao, campo_atuacao, pratica_liguagem, objeto_conhecimento, unidade_tematica) values (40, 6, 'EF12LP14', true, true, 'Identificar e reproduzir, em fotolegendas de notícias, álbum de fotos digital noticioso, cartas de leitor (revista infantil), digitais ou impressos, a formatação e diagramação específica de cada um desses gêneros, inclusive em suas versões orais', 'Campo da vida pública', 'Análise linguística/semiótica (Alfabetização)', 'Forma de composição do texto',  Null);
insert into habilidade (id, id_componente, codigo, bncc, ativo, descricao, campo_atuacao, pratica_liguagem, objeto_conhecimento, unidade_tematica) values (41, 6, 'EF12LP15', true, true, 'Identificar a forma de composição de slogans publicitários', 'Campo da vida pública', 'Análise linguística/semiótica (Alfabetização)', 'Forma de composição do texto',  Null);
insert into habilidade (id, id_componente, codigo, bncc, ativo, descricao, campo_atuacao, pratica_liguagem, objeto_conhecimento, unidade_tematica) values (42, 6, 'EF12LP16', true, true, 'Identificar e reproduzir, em anúncios publicitários e textos de campanhas de conscientização destinados ao público infantil (orais e escritos, digitais ou impressos), a formatação e diagramação específica de cada um desses gêneros, inclusive o uso de imagens', 'Campo da vida pública', 'Análise linguística/semiótica (Alfabetização)', 'Forma de composição do texto',  Null);
insert into habilidade (id, id_componente, codigo, bncc, ativo, descricao, campo_atuacao, pratica_liguagem, objeto_conhecimento, unidade_tematica) values (43, 6, 'EF12LP17', true, true, 'Ler e compreender, em colaboração com os colegas e com a ajuda do professor, enunciados de tarefas escolares, diagramas, curiosidades, pequenos relatos de experimentos, entrevistas, verbetes de enciclopédia infantil, entre outros gêneros do campo investigativo, considerando a situação comunicativa e o tema/assunto do texto', 'Campo das práticas de estudo e pesquisa', 'Leitura/escuta (compartilhada e autônoma)', 'Compreensão em leitura',  Null);
insert into habilidade (id, id_componente, codigo, bncc, ativo, descricao, campo_atuacao, pratica_liguagem, objeto_conhecimento, unidade_tematica) values (44, 6, 'EF12LP18', true, true, 'Apreciar poemas e outros textos versificados, observando rimas, sonoridades, jogos de palavras, reconhecendo seu pertencimento ao mundo imaginário e sua dimensão de encantamento, jogo e fruição', 'Campo artístico-literário', 'Leitura/escuta (compartilhada e autônoma)', 'Apreciação estética/Estilo',  Null);
insert into habilidade (id, id_componente, codigo, bncc, ativo, descricao, campo_atuacao, pratica_liguagem, objeto_conhecimento, unidade_tematica) values (45, 6, 'EF12LP19', true, true, 'Reconhecer, em textos versificados, rimas, sonoridades, jogos de palavras, palavras, expressões, comparações, relacionando-as com sensações e associações', 'Campo artístico-literário', 'Análise linguística/semiótica (Alfabetização)', 'Formas de composição de textos poéticos',  Null);
insert into habilidade (id, id_componente, codigo, bncc, ativo, descricao, campo_atuacao, pratica_liguagem, objeto_conhecimento, unidade_tematica) values (46, 6, 'EF15LP01', true, true, 'Identificar a função social de textos que circulam em campos da vida social dos quais participa cotidianamente (a casa, a rua, a comunidade, a escola) e nas mídias impressa, de massa e digital, reconhecendo para que foram produzidos, onde circulam, quem os produziu e a quem se destinam', 'Todos os campos de atuação', 'Leitura/escuta (compartilhada e autônoma)', 'Reconstrução das condições de produção e recepção de textos',  Null);
insert into habilidade (id, id_componente, codigo, bncc, ativo, descricao, campo_atuacao, pratica_liguagem, objeto_conhecimento, unidade_tematica) values (47, 6, 'EF15LP02', true, true, 'Estabelecer expectativas em relação ao texto que vai ler (pressuposições antecipadoras dos sentidos, da forma e da função social do texto), apoiando-se em seus conhecimentos prévios sobre as condições de produção e recepção desse texto, o gênero, o suporte e o universo temático, bem como sobre saliências textuais, recursos gráficos, imagens, dados da própria obra (índice, prefácio etc), confirmando antecipações e inferências realizadas antes e durante a leitura de textos, checando a adequação das hipóteses realizadas', 'Todos os campos de atuação', 'Leitura/escuta (compartilhada e autônoma)', 'Estratégia de leitura',  Null);


insert into habilidade (id, id_componente, codigo, bncc, ativo, descricao, campo_atuacao, pratica_liguagem, objeto_conhecimento, unidade_tematica) values (95, 6, 'EF03LP02', true, true, 'Ler e escrever corretamente palavras com sílabas CV, V, CVC, CCV, VC, VV, CVV, identificando que existem vogais em todas as sílabas', 'Todos os campos de atuação', 'Análise linguística/semiótica (Ortografização)', 'Construção do sistema alfabético e da ortografia',  Null);
insert into habilidade (id, id_componente, codigo, bncc, ativo, descricao, campo_atuacao, pratica_liguagem, objeto_conhecimento, unidade_tematica) values (96, 6, 'EF03LP03', true, true, 'Ler e escrever corretamente palavras com os dígrafos lh, nh, ch', 'Todos os campos de atuação', 'Análise linguística/semiótica (Ortografização)', 'Construção do sistema alfabético e da ortografia',  Null);
insert into habilidade (id, id_componente, codigo, bncc, ativo, descricao, campo_atuacao, pratica_liguagem, objeto_conhecimento, unidade_tematica) values (97, 6, 'EF03LP04', true, true, 'Usar acento gráfico (agudo ou circunflexo) em monossílabos tônicos terminados em a, e, o e em palavras oxítonas terminadas em a, e, o, seguidas ou não de s', 'Todos os campos de atuação', 'Análise linguística/semiótica (Ortografização)', 'Conhecimento das diversas grafias do alfabeto/ Acentuação',  Null);
insert into habilidade (id, id_componente, codigo, bncc, ativo, descricao, campo_atuacao, pratica_liguagem, objeto_conhecimento, unidade_tematica) values (98, 6, 'EF03LP05', true, true, 'Identificar o número de sílabas de palavras, classificando-as em monossílabas, dissílabas, trissílabas e polissílabas', 'Todos os campos de atuação', 'Análise linguística/semiótica (Ortografização)', 'Segmentação de palavras/Classificação de palavras por número de sílabas',  Null);
insert into habilidade (id, id_componente, codigo, bncc, ativo, descricao, campo_atuacao, pratica_liguagem, objeto_conhecimento, unidade_tematica) values (99, 6, 'EF03LP06', true, true, 'Identificar a sílaba tônica em palavras, classificando-as em oxítonas, paroxítonas e proparoxítonas', 'Todos os campos de atuação', 'Análise linguística/semiótica (Ortografização)', 'Construção do sistema alfabético',  Null);
insert into habilidade (id, id_componente, codigo, bncc, ativo, descricao, campo_atuacao, pratica_liguagem, objeto_conhecimento, unidade_tematica) values (100, 6, 'EF03LP07', true, true, 'Identificar a função na leitura e usar na escrita ponto final, ponto de interrogação, ponto de exclamação e, em diálogos (discurso direto), dois-pontos e travessão', 'Todos os campos de atuação', 'Análise linguística/semiótica (Ortografização)', 'Pontuação',  Null);
insert into habilidade (id, id_componente, codigo, bncc, ativo, descricao, campo_atuacao, pratica_liguagem, objeto_conhecimento, unidade_tematica) values (101, 6, 'EF03LP08', true, true, 'Identificar e diferenciar, em textos, substantivos e verbos e suas funções na oração: agente, ação, objeto da ação', 'Todos os campos de atuação', 'Análise linguística/semiótica (Ortografização)', 'Morfologia',  Null);
insert into habilidade (id, id_componente, codigo, bncc, ativo, descricao, campo_atuacao, pratica_liguagem, objeto_conhecimento, unidade_tematica) values (102, 6, 'EF03LP09', true, true, 'Identificar, em textos, adjetivos e sua função de atribuição de propriedades aos substantivos', 'Todos os campos de atuação', 'Análise linguística/semiótica (Ortografização)', 'Morfossintaxe',  Null);
insert into habilidade (id, id_componente, codigo, bncc, ativo, descricao, campo_atuacao, pratica_liguagem, objeto_conhecimento, unidade_tematica) values (103, 6, 'EF03LP10', true, true, 'Reconhecer prefixos e sufixos produtivos na formação de palavras derivadas de substantivos, de adjetivos e de verbos, utilizando-os para compreender palavras e para formar novas palavras', 'Todos os campos de atuação', 'Análise linguística/semiótica (Ortografização)', 'Morfologia',  Null);
insert into habilidade (id, id_componente, codigo, bncc, ativo, descricao, campo_atuacao, pratica_liguagem, objeto_conhecimento, unidade_tematica) values (104, 6, 'EF03LP11', true, true, 'Ler e compreender, com autonomia, textos injuntivos instrucionais (receitas, instruções de montagem etc), com a estrutura própria desses textos (verbos imperativos, indicação de passos a ser seguidos) e mesclando palavras, imagens e recursos gráfico- visuais, considerando a situação comunicativa e o tema/assunto do texto', 'Campo da vida cotidiana', 'Leitura/escuta (compartilhada e autônoma)', 'Compreensão em leitura',  Null);
insert into habilidade (id, id_componente, codigo, bncc, ativo, descricao, campo_atuacao, pratica_liguagem, objeto_conhecimento, unidade_tematica) values (105, 6, 'EF03LP12', true, true, 'Ler e compreender, com autonomia, cartas pessoais e diários, com expressão de sentimentos e opiniões, dentre outros gêneros do campo da vida cotidiana, de acordo com as convenções do gênero carta e considerando a situação comunicativa e o tema/assunto do texto', 'Campo da vida cotidiana', 'Leitura/escuta (compartilhada e autônoma)', 'Compreensão em leitura',  Null);
insert into habilidade (id, id_componente, codigo, bncc, ativo, descricao, campo_atuacao, pratica_liguagem, objeto_conhecimento, unidade_tematica) values (106, 6, 'EF03LP13', true, true, 'Planejar e produzir cartas pessoais e diários, com expressão de sentimentos e opiniões, dentre outros gêneros do campo da vida cotidiana, de acordo com as convenções dos gêneros carta e diário e considerando a situação comunicativa e o tema/assunto do texto', 'Campo da vida cotidiana', 'Produção de textos (escrita compartilhada e autônoma)', 'Escrita colaborativa',  Null);
insert into habilidade (id, id_componente, codigo, bncc, ativo, descricao, campo_atuacao, pratica_liguagem, objeto_conhecimento, unidade_tematica) values (107, 6, 'EF03LP14', true, true, 'Planejar e produzir textos injuntivos instrucionais, com a estrutura própria desses textos (verbos imperativos, indicação de passos a ser seguidos) e mesclando palavras, imagens e recursos gráfico-visuais, considerando a situação comunicativa e o tema/ assunto do texto', 'Campo da vida cotidiana', 'Escrita (compartilhada e autônoma)', 'Escrita colaborativa',  Null);
insert into habilidade (id, id_componente, codigo, bncc, ativo, descricao, campo_atuacao, pratica_liguagem, objeto_conhecimento, unidade_tematica) values (108, 6, 'EF03LP15', true, true, 'Assistir, em vídeo digital, a programa de culinária infantil e, a partir dele, planejar e produzir receitas em áudio ou vídeo', 'Campo da vida cotidiana', 'Oralidade', 'Produção de texto oral',  Null);
insert into habilidade (id, id_componente, codigo, bncc, ativo, descricao, campo_atuacao, pratica_liguagem, objeto_conhecimento, unidade_tematica) values (109, 6, 'EF03LP16', true, true, 'Identificar e reproduzir, em textos injuntivos instrucionais (receitas, instruções de montagem, digitais ou impressos), a formatação própria desses textos (verbos imperativos, indicação de passos a ser seguidos) e a diagramação específica dos textos desses gêneros (lista de ingredientes ou materiais e instruções de execução – "modo de fazer")', 'Campo da vida cotidiana', 'Análise linguística/semiótica (Ortografização)', 'Forma de composição do texto',  Null);
insert into habilidade (id, id_componente, codigo, bncc, ativo, descricao, campo_atuacao, pratica_liguagem, objeto_conhecimento, unidade_tematica) values (110, 6, 'EF03LP17', true, true, 'Identificar e reproduzir, em gêneros epistolares e diários, a formatação própria desses textos (relatos de acontecimentos, expressão de vivências, emoções, opiniões ou críticas) e a diagramação específica dos textos desses gêneros (data, saudação, corpo do texto, despedida, assinatura)', 'Campo da vida cotidiana', 'Análise linguística/semiótica (Ortografização)', 'Forma de composição do texto',  Null);
insert into habilidade (id, id_componente, codigo, bncc, ativo, descricao, campo_atuacao, pratica_liguagem, objeto_conhecimento, unidade_tematica) values (111, 6, 'EF03LP18', true, true, 'Ler e compreender, com autonomia, cartas dirigidas a veículos da mídia impressa ou digital (cartas de leitor e de reclamação a jornais, revistas) e notícias, dentre outros gêneros do campo jornalístico, de acordo com as convenções do gênero carta e considerando a situação comunicativa e o tema/assunto do texto', 'Campo da vida pública', 'Leitura/escuta (compartilhada e autônoma)', 'Compreensão em leitura',  Null);
insert into habilidade (id, id_componente, codigo, bncc, ativo, descricao, campo_atuacao, pratica_liguagem, objeto_conhecimento, unidade_tematica) values (112, 6, 'EF03LP19', true, true, 'Identificar e discutir o propósito do uso de recursos de persuasão (cores, imagens, escolha de palavras, jogo de palavras, tamanho de letras) em textos publicitários e de propaganda, como elementos de convencimento', 'Campo da vida pública', 'Leitura/escuta (compartilhada e autônoma)', 'Compreensão em leitura',  Null);
insert into habilidade (id, id_componente, codigo, bncc, ativo, descricao, campo_atuacao, pratica_liguagem, objeto_conhecimento, unidade_tematica) values (113, 6, 'EF03LP20', true, true, 'Produzir cartas dirigidas a veículos da mídia impressa ou digital (cartas do leitor ou de reclamação a jornais ou revistas), dentre outros gêneros do campopo lítico-cidadão, com opiniões e críticas, de acordo com as convenções do gênero carta e considerando a situação comunicativa e o tema/assunto do texto', 'Campo da vida pública', 'Produção de textos (escrita compartilhada e autônoma)', 'Escrita colaborativa',  Null);
insert into habilidade (id, id_componente, codigo, bncc, ativo, descricao, campo_atuacao, pratica_liguagem, objeto_conhecimento, unidade_tematica) values (114, 6, 'EF03LP21', true, true, 'Produzir anúncios publicitários, textos de campanhas de conscientização destinados ao público infantil, observando os recursos de persuasão utilizados nos textos publicitários e de propaganda (cores, imagens, slogan, escolha de palavras, jogo de palavras, tamanho e tipo de letras, diagramação)', 'Campo da vida pública', 'Produção de textos (escrita compartilhada e autônoma)', 'Escrita colaborativa',  Null);


insert into habilidade (id, id_componente, codigo, bncc, ativo, descricao, campo_atuacao, pratica_liguagem, objeto_conhecimento, unidade_tematica) values (122, 6, 'EF35LP02', true, true, 'Selecionar livros da biblioteca e/ou do cantinho de leitura da sala de aula e/ou disponíveis em meios digitais para leitura individual, justificando a escolha e compartilhando com os colegas sua opinião, após a leitura', 'Todos os campos de atuação', 'Leitura/escuta (compartilhada e autônoma)', 'Formação de leitor',  Null);
insert into habilidade (id, id_componente, codigo, bncc, ativo, descricao, campo_atuacao, pratica_liguagem, objeto_conhecimento, unidade_tematica) values (123, 6, 'EF35LP03', true, true, 'Identificar a ideia central do texto, demonstrando compreensão global', 'Todos os campos de atuação', 'Leitura/escuta (compartilhada e autônoma)', 'Compreensão',  Null);
insert into habilidade (id, id_componente, codigo, bncc, ativo, descricao, campo_atuacao, pratica_liguagem, objeto_conhecimento, unidade_tematica) values (124, 6, 'EF35LP04', true, true, 'Inferir informações implícitas nos textos lidos', 'Todos os campos de atuação', 'Leitura/escuta (compartilhada e autônoma)', 'Estratégia de leitura',  Null);
insert into habilidade (id, id_componente, codigo, bncc, ativo, descricao, campo_atuacao, pratica_liguagem, objeto_conhecimento, unidade_tematica) values (125, 6, 'EF35LP05', true, true, 'Inferir o sentido de palavras ou expressões desconhecidas em textos, com base no contexto da frase ou do texto', 'Todos os campos de atuação', 'Leitura/escuta (compartilhada e autônoma)', 'Estratégia de leitura',  Null);
insert into habilidade (id, id_componente, codigo, bncc, ativo, descricao, campo_atuacao, pratica_liguagem, objeto_conhecimento, unidade_tematica) values (126, 6, 'EF35LP06', true, true, 'Recuperar relações entre partes de um texto, identificando substituições lexicais (de substantivos por sinônimos) ou pronominais (uso de pronomes anafóricos – pessoais, possessivos, demonstrativos) que contribuem para a continuidade do texto', 'Todos os campos de atuação', 'Leitura/escuta (compartilhada e autônoma)', 'Estratégia de leitura',  Null);
insert into habilidade (id, id_componente, codigo, bncc, ativo, descricao, campo_atuacao, pratica_liguagem, objeto_conhecimento, unidade_tematica) values (127, 6, 'EF35LP07', true, true, 'Utilizar, ao produzir um texto, conhecimentos linguísticos e gramaticais, tais como ortografia, regras básicas de concordância nominal e verbal, pontuação (ponto final, ponto de exclamação, ponto de interrogação, vírgulas em enumerações) e pontuação do discurso direto, quando for o caso', 'Todos os campos de atuação', 'Produção de textos (escrita compartilhada e autônoma)', 'Construção do sistema alfabético/ Convenções da escrita',  Null);
insert into habilidade (id, id_componente, codigo, bncc, ativo, descricao, campo_atuacao, pratica_liguagem, objeto_conhecimento, unidade_tematica) values (128, 6, 'EF35LP08', true, true, 'Utilizar, ao produzir um texto, recursos de referenciação (por substituição lexical ou por pronomes pessoais, possessivos e demonstrativos), vocabulário apropriado ao gênero, recursos de coesão pronominal (pronomes anafóricos) e articuladores de relações de sentido (tempo, causa, oposição, conclusão, comparação), com nível suficiente de informatividade', 'Todos os campos de atuação', 'Produção de textos (escrita compartilhada e autônoma)', 'Construção do sistema alfabético/ Estabelecimento de relações anafóricas na referenciação e construção da coesão',  Null);
insert into habilidade (id, id_componente, codigo, bncc, ativo, descricao, campo_atuacao, pratica_liguagem, objeto_conhecimento, unidade_tematica) values (129, 6, 'EF35LP09', true, true, 'Organizar o texto em unidades de sentido, dividindo-o em parágrafos segundo as normas gráficas e de acordo com as características do gênero textual', 'Todos os campos de atuação', 'Produção de textos (escrita compartilhada e autônoma)', 'Planejamento de texto/Progressão temática e paragrafação',  Null);
insert into habilidade (id, id_componente, codigo, bncc, ativo, descricao, campo_atuacao, pratica_liguagem, objeto_conhecimento, unidade_tematica) values (130, 6, 'EF35LP10', true, true, 'Identificar gêneros do discurso oral, utilizados em diferentes situações e contextos comunicativos, e suas características linguístico-expressivas e composicionais (conversação espontânea, conversação telefônica, entrevistas pessoais, entrevistas no rádio ou na TV, debate, noticiário de rádio e TV, narração de jogos esportivos no rádio e TV, aula, debate etc)', 'Todos os campos de atuação', 'Oralidade', 'Forma de composição de gêneros orais',  Null);
insert into habilidade (id, id_componente, codigo, bncc, ativo, descricao, campo_atuacao, pratica_liguagem, objeto_conhecimento, unidade_tematica) values (131, 6, 'EF35LP11', true, true, 'Ouvir gravações, canções, textos falados em diferentes variedades linguísticas, identificando características regionais, urbanas e rurais da fala e respeitando as diversas variedades linguísticas como características do uso da língua por diferentes grupos regionais ou diferentes culturas locais, rejeitando preconceitos linguísticos', 'Todos os campos de atuação', 'Oralidade', 'Variação linguística',  Null);
insert into habilidade (id, id_componente, codigo, bncc, ativo, descricao, campo_atuacao, pratica_liguagem, objeto_conhecimento, unidade_tematica) values (132, 6, 'EF35LP12', true, true, 'Recorrer ao dicionário para esclarecer dúvida sobre a escrita de palavras, especialmente no caso de palavras com relações irregulares fonema-grafema', 'Todos os campos de atuação', 'Análise linguística/semiótica (Ortografização)', 'Construção do sistema alfabético e da ortografia',  Null);
insert into habilidade (id, id_componente, codigo, bncc, ativo, descricao, campo_atuacao, pratica_liguagem, objeto_conhecimento, unidade_tematica) values (133, 6, 'EF35LP13', true, true, 'Memorizar a grafia de palavras de uso frequente nas quais as relações fonema-grafema são irregulares e com h inicial que não representa fonema', 'Todos os campos de atuação', 'Análise linguística/semiótica (Ortografização)', 'Construção do sistema alfabético e da ortografia',  Null);
insert into habilidade (id, id_componente, codigo, bncc, ativo, descricao, campo_atuacao, pratica_liguagem, objeto_conhecimento, unidade_tematica) values (134, 6, 'EF35LP14', true, true, 'Identificar em textos e usar na produção textual pronomes pessoais, possessivos e demonstrativos, como recurso coesivo anafórico', 'Todos os campos de atuação', 'Análise linguística/semiótica (Ortografização)', 'Morfologia',  Null);
insert into habilidade (id, id_componente, codigo, bncc, ativo, descricao, campo_atuacao, pratica_liguagem, objeto_conhecimento, unidade_tematica) values (135, 6, 'EF35LP15', true, true, 'Opinar e defender ponto de vista sobre tema polêmico relacionado a situações vivenciadas na escola e/ou na comunidade, utilizando registro formal e estrutura adequada à argumentação, considerando a situação comunicativa e o tema/assunto do texto', 'Campo da vida pública', 'Produção de textos (escrita compartilhada e autônoma)', 'Escrita colaborativa',  Null);
insert into habilidade (id, id_componente, codigo, bncc, ativo, descricao, campo_atuacao, pratica_liguagem, objeto_conhecimento, unidade_tematica) values (136, 6, 'EF35LP16', true, true, 'Identificar e reproduzir, em notícias, manchetes, lides e corpo de notícias simples para público infantil e cartas de reclamação (revista infantil), digitais ou impressos, a formatação e diagramação específica de cada um desses gêneros, inclusive em suas versões orais', 'Campo da vida pública', 'Análise linguística/semiótica (Ortografização)', 'Forma de composição dos textos',  Null);
insert into habilidade (id, id_componente, codigo, bncc, ativo, descricao, campo_atuacao, pratica_liguagem, objeto_conhecimento, unidade_tematica) values (137, 6, 'EF35LP17', true, true, 'Buscar e selecionar, com o apoio do professor, informações de interesse sobre fenômenos sociais e naturais, em textos que circulam em meios impressos ou digitais', 'Campo das práticas de estudo e pesquisa', 'Leitura/escuta (compartilhada e autônoma)', 'Pesquisa',  Null);
insert into habilidade (id, id_componente, codigo, bncc, ativo, descricao, campo_atuacao, pratica_liguagem, objeto_conhecimento, unidade_tematica) values (138, 6, 'EF35LP18', true, true, 'Escutar, com atenção, apresentações de trabalhos realizadas por colegas, formulando perguntas pertinentes ao tema e solicitando esclarecimentos sempre que necessário', 'Campo das práticas de estudo e pesquisa', 'Oralidade', 'Escuta de textos orais',  Null);
insert into habilidade (id, id_componente, codigo, bncc, ativo, descricao, campo_atuacao, pratica_liguagem, objeto_conhecimento, unidade_tematica) values (139, 6, 'EF35LP19', true, true, 'Recuperar as ideias principais em situações formais de escuta de exposições, apresentações e palestras', 'Campo das práticas de estudo e pesquisa', 'Oralidade', 'Compreensão de textos orais',  Null);
insert into habilidade (id, id_componente, codigo, bncc, ativo, descricao, campo_atuacao, pratica_liguagem, objeto_conhecimento, unidade_tematica) values (140, 6, 'EF35LP20', true, true, 'Expor trabalhos ou pesquisas escolares, em sala de aula, com apoio de recursos multissemióticos (imagens, diagrama, tabelas etc), orientando-se por roteiro escrito, planejando o tempo de fala e adequando a linguagem à situação comunicativa', 'Campo das práticas de estudo e pesquisa', 'Oralidade', 'Planejamento de texto oral Exposição oral',  Null);
insert into habilidade (id, id_componente, codigo, bncc, ativo, descricao, campo_atuacao, pratica_liguagem, objeto_conhecimento, unidade_tematica) values (141, 6, 'EF35LP21', true, true, 'Ler e compreender, de forma autônoma, textos literários de diferentes gêneros e extensões, inclusive aqueles sem ilustrações, estabelecendo preferências por gêneros, temas, autores', 'Campo artístico-literário', 'Leitura/escuta (compartilhada e autônoma)', 'Formação do leitor literário',  Null);


insert into habilidade (id, id_componente, codigo, bncc, ativo, descricao, campo_atuacao, pratica_liguagem, objeto_conhecimento, unidade_tematica) values (152, 6, 'EF04LP01', true, true, 'Grafar palavras utilizando regras de correspondência fonema--grafema regulares diretas e contextuais', 'Todos os campos de atuação', 'Análise linguística/semiótica (Ortografização)', 'Construção do sistema alfabético e da ortografia',  Null);
insert into habilidade (id, id_componente, codigo, bncc, ativo, descricao, campo_atuacao, pratica_liguagem, objeto_conhecimento, unidade_tematica) values (153, 6, 'EF04LP02', true, true, 'Ler e escrever, corretamente, palavras com sílabas VV e CVV em casos nos quais a combinação VV (ditongo) é reduzida na língua oral (ai, ei, ou)', 'Todos os campos de atuação', 'Análise linguística/semiótica (Ortografização)', 'Construção do sistema alfabético e da ortografia',  Null);
insert into habilidade (id, id_componente, codigo, bncc, ativo, descricao, campo_atuacao, pratica_liguagem, objeto_conhecimento, unidade_tematica) values (154, 6, 'EF04LP03', true, true, 'Localizar palavras no dicionário para esclarecer significados, reconhecendo o significado mais plausível para o contexto que deu origem à consulta', 'Todos os campos de atuação', 'Análise linguística/semiótica (Ortografização)', 'Conhecimento do alfabeto do português do Brasil/Ordem alfabética/Polissemia',  Null);
insert into habilidade (id, id_componente, codigo, bncc, ativo, descricao, campo_atuacao, pratica_liguagem, objeto_conhecimento, unidade_tematica) values (155, 6, 'EF04LP04', true, true, 'Usar acento gráfico (agudo ou circunflexo) em paroxítonas terminadas em -i(s), -l, -r, -ão(s)', 'Todos os campos de atuação', 'Análise linguística/semiótica (Ortografização)', 'Conhecimento das diversas grafias do alfabeto/ Acentuação',  Null);
insert into habilidade (id, id_componente, codigo, bncc, ativo, descricao, campo_atuacao, pratica_liguagem, objeto_conhecimento, unidade_tematica) values (156, 6, 'EF04LP05', true, true, 'Identificar a função na leitura e usar, adequadamente, na escrita ponto final, de interrogação, de exclamação, dois-pontos e travessão em diálogos (discurso direto), vírgula em enumerações e em separação de vocativo e de aposto', 'Todos os campos de atuação', 'Análise linguística/semiótica (Ortografização)', 'Pontuação',  Null);
insert into habilidade (id, id_componente, codigo, bncc, ativo, descricao, campo_atuacao, pratica_liguagem, objeto_conhecimento, unidade_tematica) values (157, 6, 'EF04LP06', true, true, 'Identificar em textos e usar na produção textual a concordância entre substantivo ou pronome pessoal e verbo (concordância verbal)', 'Todos os campos de atuação', 'Análise linguística/semiótica (Ortografização)', 'Morfologia/Morfossintaxe',  Null);
insert into habilidade (id, id_componente, codigo, bncc, ativo, descricao, campo_atuacao, pratica_liguagem, objeto_conhecimento, unidade_tematica) values (158, 6, 'EF04LP07', true, true, 'Identificar em textos e usar na produção textual a concordância entre artigo, substantivo e adjetivo (concordância no grupo nominal)', 'Todos os campos de atuação', 'Análise linguística/semiótica (Ortografização)', 'Morfossintaxe',  Null);
insert into habilidade (id, id_componente, codigo, bncc, ativo, descricao, campo_atuacao, pratica_liguagem, objeto_conhecimento, unidade_tematica) values (159, 6, 'EF04LP08', true, true, 'Reconhecer e grafar, corretamente, palavras derivadas com os sufixos -agem, -oso, -eza, -izar/-isar (regulares morfológicas)', 'Todos os campos de atuação', 'Análise linguística/semiótica (Ortografização)', 'Morfologia',  Null);
insert into habilidade (id, id_componente, codigo, bncc, ativo, descricao, campo_atuacao, pratica_liguagem, objeto_conhecimento, unidade_tematica) values (160, 6, 'EF04LP09', true, true, 'Ler e compreender, com autonomia, boletos, faturas e carnês, dentre outros gêneros do campo da vida cotidiana, de acordo com as convenções do gênero (campos, itens elencados, medidas de consumo, código de barras) e considerando a situação comunicativa e a finalidade do texto', 'Campo da vida cotidiana', 'Leitura/escuta (compartilhada e autônoma)', 'Compreensão em leitura',  Null);
insert into habilidade (id, id_componente, codigo, bncc, ativo, descricao, campo_atuacao, pratica_liguagem, objeto_conhecimento, unidade_tematica) values (161, 6, 'EF04LP10', true, true, 'Ler e compreender, com autonomia, cartas pessoais de reclamação, dentre outros gêneros do campo da vida cotidiana, de acordo com as convenções do gênero carta e considerando a situação comunicativa e o tema/assunto/finalidade do texto', 'Campo da vida cotidiana', 'Leitura/escuta (compartilhada e autônoma)', 'Compreensão em leitura',  Null);
insert into habilidade (id, id_componente, codigo, bncc, ativo, descricao, campo_atuacao, pratica_liguagem, objeto_conhecimento, unidade_tematica) values (162, 6, 'EF04LP11', true, true, 'Planejar e produzir, com autonomia, cartas pessoais de reclamação, dentre outros gêneros do campo da vida cotidiana, de acordo com as convenções do gênero carta e com a estrutura própria desses textos (problema, opinião, argumentos), considerando a situação comunicativa e o tema/assunto/finalidade do texto', 'Campo da vida cotidiana', 'Produção de textos (escrita compartilhada e autônoma)', 'Escrita colaborativa',  Null);
insert into habilidade (id, id_componente, codigo, bncc, ativo, descricao, campo_atuacao, pratica_liguagem, objeto_conhecimento, unidade_tematica) values (163, 6, 'EF04LP12', true, true, 'Assistir, em vídeo digital, a programa infantil com instruções de montagem, de jogos e brincadeiras e, a partir dele, planejar e produzir tutoriais em áudio ou vídeo', 'Campo da vida cotidiana', 'Oralidade', 'Produção de texto oral',  Null);
insert into habilidade (id, id_componente, codigo, bncc, ativo, descricao, campo_atuacao, pratica_liguagem, objeto_conhecimento, unidade_tematica) values (164, 6, 'EF04LP13', true, true, 'Identificar e reproduzir, em textos injuntivos instrucionais (instruções de jogos digitais ou impressos), a formatação própria desses textos (verbos imperativos, indicação de passos a ser seguidos) e formato específico dos textos orais ou escritos desses gêneros (lista/ apresentação de materiais e instruções/passos de jogo)', 'Campo da vida cotidiana', 'Análise linguística/semiótica (Ortografização)', 'Forma de composição do texto',  Null);
insert into habilidade (id, id_componente, codigo, bncc, ativo, descricao, campo_atuacao, pratica_liguagem, objeto_conhecimento, unidade_tematica) values (165, 6, 'EF04LP14', true, true, 'Identificar, em notícias, fatos, participantes, local e momento/tempo da ocorrência do fato noticiado', 'Campo da vida pública', 'Leitura/escuta (compartilhada e autônoma)', 'Compreensão em leitura',  Null);
insert into habilidade (id, id_componente, codigo, bncc, ativo, descricao, campo_atuacao, pratica_liguagem, objeto_conhecimento, unidade_tematica) values (166, 6, 'EF04LP15', true, true, 'Distinguir fatos de opiniões/sugestões em textos (informativos, jornalísticos, publicitários etc)', 'Campo da vida pública', 'Leitura/escuta (compartilhada e autônoma)', 'Compreensão em leitura',  Null);
insert into habilidade (id, id_componente, codigo, bncc, ativo, descricao, campo_atuacao, pratica_liguagem, objeto_conhecimento, unidade_tematica) values (167, 6, 'EF04LP16', true, true, 'Produzir notícias sobre fatos ocorridos no universo escolar, digitais ou impressas, para o jornal da escola, noticiando os fatos e seus atores e comentando decorrências, de acordo com as convenções do gênero notícia e considerando a situação comunicativa e o tema/assunto do texto', 'Campo da vida pública', 'Produção de textos (escrita compartilhada e autônoma)', 'Escrita colaborativa',  Null);
insert into habilidade (id, id_componente, codigo, bncc, ativo, descricao, campo_atuacao, pratica_liguagem, objeto_conhecimento, unidade_tematica) values (168, 6, 'EF04LP17', true, true, 'Produzir jornais radiofônicos ou televisivos e entrevistas veiculadas em rádio, TV e na internet, orientando-se por roteiro ou texto e demonstrando conhecimento dos gêneros jornal falado/televisivo e entrevista', 'Campo da vida pública', 'Oralidade', 'Planejamento e produção de texto',  Null);
insert into habilidade (id, id_componente, codigo, bncc, ativo, descricao, campo_atuacao, pratica_liguagem, objeto_conhecimento, unidade_tematica) values (169, 6, 'EF04LP18', true, true, 'Analisar o padrão entonacional e a expressão facial e corporal de âncoras de jornais radiofônicos ou televisivos e de entrevistadores/entrevistados', 'Campo da vida pública', 'Análise linguística/semiótica (Ortografização)', 'Forma de composição dos textos',  Null);
insert into habilidade (id, id_componente, codigo, bncc, ativo, descricao, campo_atuacao, pratica_liguagem, objeto_conhecimento, unidade_tematica) values (170, 6, 'EF04LP19', true, true, 'Ler e compreender textos expositivos de divulgação científica para crianças, considerando a situação comunicativa e o tema/ assunto do texto', 'Campo das práticas de estudo e pesquisa', 'Leitura/escuta (compartilhada e autônoma)', 'Compreensão em leitura',  Null);
insert into habilidade (id, id_componente, codigo, bncc, ativo, descricao, campo_atuacao, pratica_liguagem, objeto_conhecimento, unidade_tematica) values (171, 6, 'EF04LP20', true, true, 'Reconhecer a função de gráficos, diagramas e tabelas em textos, como forma de apresentação de dados e informações', 'Campo das práticas de estudo e pesquisa', 'Leitura/escuta (compartilhada e autônoma)', 'Imagens analíticas em textos',  Null);
insert into habilidade (id, id_componente, codigo, bncc, ativo, descricao, campo_atuacao, pratica_liguagem, objeto_conhecimento, unidade_tematica) values (172, 6, 'EF04LP21', true, true, 'Planejar e produzir textos sobre temas de interesse, com base em resultados de observações e pesquisas em fontes de informações impressas ou eletrônicas, incluindo, quando pertinente, imagens e gráficos ou tabelas simples, considerando a situação comunicativa e o tema/assunto do texto', 'Campo das práticas de estudo e pesquisa', 'Produção de textos (escrita compartilhada e autônoma)', 'Produção de textos',  Null);
insert into habilidade (id, id_componente, codigo, bncc, ativo, descricao, campo_atuacao, pratica_liguagem, objeto_conhecimento, unidade_tematica) values (173, 6, 'EF04LP22', true, true, 'Planejar e produzir, com certa autonomia, verbetes de enciclopédia infantil, digitais ou impressos, considerando a situação comunicativa e o tema/ assunto/finalidade do texto', 'Campo das práticas de estudo e pesquisa', 'Produção de textos (escrita compartilhada e autônoma)', 'Escrita autônoma',  Null);
insert into habilidade (id, id_componente, codigo, bncc, ativo, descricao, campo_atuacao, pratica_liguagem, objeto_conhecimento, unidade_tematica) values (174, 6, 'EF04LP23', true, true, 'Identificar e reproduzir, em verbetes de enciclopédia infantil, digitais ou impressos, a formatação e diagramação específica desse gênero (título do verbete, definição, detalhamento, curiosidades), considerando a situação comunicativa e o tema/assunto/finalidade do texto', 'Campo das práticas de estudo e pesquisa', 'Análise linguística/semiótica (Ortografização)', 'Forma de composição dos textos Coesão e articuladores',  Null);
insert into habilidade (id, id_componente, codigo, bncc, ativo, descricao, campo_atuacao, pratica_liguagem, objeto_conhecimento, unidade_tematica) values (175, 6, 'EF04LP24', true, true, 'Identificar e reproduzir, em seu formato, tabelas, diagramas e gráficos em relatórios de observação e pesquisa, como forma de apresentação de dados e informações', 'Campo das práticas de estudo e pesquisa', 'Análise linguística/semiótica (Ortografização)', 'Forma de composição dos textos Adequação do texto às normas de escrita',  Null);
insert into habilidade (id, id_componente, codigo, bncc, ativo, descricao, campo_atuacao, pratica_liguagem, objeto_conhecimento, unidade_tematica) values (176, 6, 'EF04LP25', true, true, 'Representar cenas de textos dramáticos, reproduzindo as falas das personagens, de acordo com as rubricas de interpretação e movimento indicadas pelo autor', 'Campo das práticas de estudo e pesquisa', 'Produção de textos (escrita compartilhada e autônoma)', 'Escrita autônoma',  Null);
insert into habilidade (id, id_componente, codigo, bncc, ativo, descricao, campo_atuacao, pratica_liguagem, objeto_conhecimento, unidade_tematica) values (177, 6, 'EF04LP26', true, true, 'Observar, em poemas concretos, o formato, a distribuição e a diagramação das letras do texto na página', 'Campo artístico-literário', 'Análise linguística/semiótica (Ortografização)', 'Forma de composição de textos poéticos visuais',  Null);
insert into habilidade (id, id_componente, codigo, bncc, ativo, descricao, campo_atuacao, pratica_liguagem, objeto_conhecimento, unidade_tematica) values (178, 6, 'EF04LP27', true, true, 'Identificar, em textos dramáticos, marcadores das falas das personagens e de cena', 'Campo artístico-literário', 'Análise linguística/semiótica (Ortografização)', 'Forma de composição de textos dramáticos',  Null);
insert into habilidade (id, id_componente, codigo, bncc, ativo, descricao, campo_atuacao, pratica_liguagem, objeto_conhecimento, unidade_tematica) values (179, 6, 'EF05LP01', true, true, 'Grafar palavras utilizando regras de correspondência fonema-grafema regulares, contextuais e morfológicas e palavras de uso frequente com correspondências irregulares', 'Todos os campos de atuação', 'Análise linguística/semiótica (Ortografização)', 'Construção do sistema alfabético e da ortografia',  Null);
insert into habilidade (id, id_componente, codigo, bncc, ativo, descricao, campo_atuacao, pratica_liguagem, objeto_conhecimento, unidade_tematica) values (180, 6, 'EF05LP02', true, true, 'Identificar o caráter polissêmico das palavras (uma mesma palavra com diferentes significados, de acordo com o contexto de uso), comparando o significado de determinados termos utilizados nas áreas científicas com esses mesmos termos utilizados na linguagem usual', 'Todos os campos de atuação', 'Análise linguística/semiótica (Ortografização)', 'Conhecimento do alfabeto do português do Brasil/Ordem alfabética/Polissemia',  Null);
insert into habilidade (id, id_componente, codigo, bncc, ativo, descricao, campo_atuacao, pratica_liguagem, objeto_conhecimento, unidade_tematica) values (181, 6, 'EF05LP03', true, true, 'Acentuar corretamente palavras oxítonas, paroxítonas e proparoxítonas', 'Todos os campos de atuação', 'Análise linguística/semiótica (Ortografização)', 'Conhecimento das diversas grafias do alfabeto/ Acentuação',  Null);
insert into habilidade (id, id_componente, codigo, bncc, ativo, descricao, campo_atuacao, pratica_liguagem, objeto_conhecimento, unidade_tematica) values (182, 6, 'EF05LP04', true, true, 'Diferenciar, na leitura de textos, vírgula, ponto e vírgula, dois-pontos e reconhecer, na leitura de textos, o efeito de sentido que decorre do uso de reticências, aspas, parênteses', 'Todos os campos de atuação', 'Análise linguística/semiótica (Ortografização)', 'Pontuação',  Null);
insert into habilidade (id, id_componente, codigo, bncc, ativo, descricao, campo_atuacao, pratica_liguagem, objeto_conhecimento, unidade_tematica) values (183, 6, 'EF05LP05', true, true, 'Identificar a expressão de presente, passado e futuro em tempos verbais do modo indicativo', 'Todos os campos de atuação', 'Análise linguística/semiótica (Ortografização)', 'Morfologia',  Null);
insert into habilidade (id, id_componente, codigo, bncc, ativo, descricao, campo_atuacao, pratica_liguagem, objeto_conhecimento, unidade_tematica) values (184, 6, 'EF05LP06', true, true, 'Flexionar, adequadamente, na escrita e na oralidade, os verbos em concordância com pronomes pessoais/nomes sujeitos da oração', 'Todos os campos de atuação', 'Análise linguística/semiótica (Ortografização)', 'Morfologia',  Null);
insert into habilidade (id, id_componente, codigo, bncc, ativo, descricao, campo_atuacao, pratica_liguagem, objeto_conhecimento, unidade_tematica) values (185, 6, 'EF05LP07', true, true, 'Identificar, em textos, o uso de conjunções e a relação que estabelecem entre partes do texto: adição, oposição, tempo, causa, condição, finalidade', 'Todos os campos de atuação', 'Análise linguística/semiótica (Ortografização)', 'Morfologia',  Null);
insert into habilidade (id, id_componente, codigo, bncc, ativo, descricao, campo_atuacao, pratica_liguagem, objeto_conhecimento, unidade_tematica) values (186, 6, 'EF05LP08', true, true, 'Diferenciar palavras primitivas, derivadas e compostas, e derivadas por adição de prefixo e de sufixo', 'Todos os campos de atuação', 'Análise linguística/semiótica (Ortografização)', 'Morfologia',  Null);
insert into habilidade (id, id_componente, codigo, bncc, ativo, descricao, campo_atuacao, pratica_liguagem, objeto_conhecimento, unidade_tematica) values (187, 6, 'EF05LP09', true, true, 'Ler e compreender, com autonomia, textos instrucional de regras de jogo, dentre outros gêneros do campo da vida cotidiana, de acordo com as convenções do gênero e considerando a situação comunicativa e a finalidade do texto', 'Campo da vida cotidiana', 'Leitura/escuta (compartilhada e autônoma)', 'Compreensão em leitura',  Null);
insert into habilidade (id, id_componente, codigo, bncc, ativo, descricao, campo_atuacao, pratica_liguagem, objeto_conhecimento, unidade_tematica) values (188, 6, 'EF05LP10', true, true, 'Ler e compreender, com autonomia, anedotas, piadas e cartuns, dentre outros gêneros do campo da vida cotidiana, de acordo com as convenções do gênero e considerando a situação comunicativa e a finalidade do texto', 'Campo da vida cotidiana', 'Leitura/escuta (compartilhada e autônoma)', 'Compreensão em leitura',  Null);
insert into habilidade (id, id_componente, codigo, bncc, ativo, descricao, campo_atuacao, pratica_liguagem, objeto_conhecimento, unidade_tematica) values (189, 6, 'EF05LP11', true, true, 'Registrar, com autonomia, anedotas, piadas e cartuns, dentre outros gêneros do campo da vida cotidiana, de acordo com as convenções do gênero e considerando a situação comunicativa e a finalidade do texto', 'Campo da vida cotidiana', 'Produção de textos (escrita compartilhada e autônoma)', 'Escrita colaborativa',  Null);
insert into habilidade (id, id_componente, codigo, bncc, ativo, descricao, campo_atuacao, pratica_liguagem, objeto_conhecimento, unidade_tematica) values (190, 6, 'EF05LP12', true, true, 'Planejar e produzir, com autonomia, textos instrucionais de regras de jogo, dentre outros gêneros do campo da vida cotidiana, de acordo com as convenções do gênero e considerando a situação comunicativa e a finalidade do texto', 'Campo da vida cotidiana', 'Escrita (compartilhada e autônoma)', 'Escrita colaborativa',  Null);
insert into habilidade (id, id_componente, codigo, bncc, ativo, descricao, campo_atuacao, pratica_liguagem, objeto_conhecimento, unidade_tematica) values (191, 6, 'EF05LP13', true, true, 'Assistir, em vídeo digital, a postagem de vlog infantil de críticas de brinquedos e livros de literatura infantil e, a partir dele, planejar e produzir resenhas digitais em áudio ou vídeo', 'Campo da vida cotidiana', 'Oralidade', 'Produção de texto oral',  Null);
insert into habilidade (id, id_componente, codigo, bncc, ativo, descricao, campo_atuacao, pratica_liguagem, objeto_conhecimento, unidade_tematica) values (192, 6, 'EF05LP14', true, true, 'Identificar e reproduzir, em textos de resenha crítica de brinquedos ou livros de literatura infantil, a formatação própria desses textos (apresentação e avaliação do produto)', 'Campo da vida cotidiana', 'Análise linguística/semiótica (Ortografização)', 'Forma de composição do texto',  Null);
insert into habilidade (id, id_componente, codigo, bncc, ativo, descricao, campo_atuacao, pratica_liguagem, objeto_conhecimento, unidade_tematica) values (193, 6, 'EF05LP15', true, true, 'Ler/assistir e compreender, com autonomia, notícias, reportagens, vídeos em vlogs argumentativos, dentre outros gêneros do campo político-cidadão, de acordo com as convenções dos gêneros e considerando a situação comunicativa e o tema/assunto do texto', 'Campo da vida pública', 'Leitura/escuta (compartilhada e autônoma)', 'Compreensão em leitura',  Null);
insert into habilidade (id, id_componente, codigo, bncc, ativo, descricao, campo_atuacao, pratica_liguagem, objeto_conhecimento, unidade_tematica) values (194, 6, 'EF05LP16', true, true, 'Comparar informações sobre um mesmo fato veiculadas em diferentes mídias e concluir sobre qual é mais confiável e por quê', 'Campo da vida pública', 'Leitura/escuta (compartilhada e autônoma)', 'Compreensão em leitura',  Null);
insert into habilidade (id, id_componente, codigo, bncc, ativo, descricao, campo_atuacao, pratica_liguagem, objeto_conhecimento, unidade_tematica) values (195, 6, 'EF05LP17', true, true, 'Produzir roteiro para edição de uma reportagem digital sobre temas de interesse da turma, a partir de buscas de informações, imagens, áudios e vídeos na internet, de acordo com as convenções do gênero e considerando a situação comunicativa e o tema/assunto do texto', 'Campo da vida pública', 'Produção de textos (escrita compartilhada e autônoma)', 'Escrita colaborativa',  Null);
insert into habilidade (id, id_componente, codigo, bncc, ativo, descricao, campo_atuacao, pratica_liguagem, objeto_conhecimento, unidade_tematica) values (196, 6, 'EF05LP18', true, true, 'Roteirizar, produzir e editar vídeo para vlogs argumentativos sobre produtos de mídia para público infantil (filmes, desenhos animados, HQs, games etc), com base em conhecimentos sobre os mesmos, de acordo com as convenções do gênero e considerando a situação comunicativa e o tema/ assunto/finalidade do texto', 'Campo da vida pública', 'Oralidade', 'Planejamento e produção de texto',  Null);
insert into habilidade (id, id_componente, codigo, bncc, ativo, descricao, campo_atuacao, pratica_liguagem, objeto_conhecimento, unidade_tematica) values (197, 6, 'EF05LP19', true, true, 'Argumentar oralmente sobre acontecimentos de interesse social, com base em conhecimentos sobre fatos divulgados em TV, rádio, mídia impressa e digital, respeitando pontos de vista diferentes', 'Campo da vida pública', 'Oralidade', 'Produção de texto',  Null);
insert into habilidade (id, id_componente, codigo, bncc, ativo, descricao, campo_atuacao, pratica_liguagem, objeto_conhecimento, unidade_tematica) values (198, 6, 'EF05LP20', true, true, 'Analisar a validade e força de argumentos em argumentações sobre produtos de mídia para público infantil (filmes, desenhos animados, HQs, games etc), com base em conhecimentos sobre os mesmos', 'Campo da vida pública', 'Análise linguística/semiótica (Ortografização)', 'Forma de composição dos textos',  Null);
insert into habilidade (id, id_componente, codigo, bncc, ativo, descricao, campo_atuacao, pratica_liguagem, objeto_conhecimento, unidade_tematica) values (199, 6, 'EF05LP21', true, true, 'Analisar o padrão entonacional, a expressão facial e corporal e as escolhas de variedade e registro linguísticos de vloggers de vlogs opinativos ou argumentativos', 'Campo da vida pública', 'Análise linguística/semiótica (Ortografização)', 'Forma de composição dos textos',  Null);



insert into habilidade (id, id_componente, codigo, bncc, ativo, descricao, campo_atuacao, pratica_liguagem, objeto_conhecimento, unidade_tematica) values (207, 6, 'EF06LP01', true, true, 'Reconhecer a impossibilidade de uma neutralidade absoluta no relato de fatos e identificar diferentes graus de parcialidade/ imparcialidade dados pelo recorte feito e pelos efeitos de sentido advindos de escolhas feitas pelo autor, de forma a poder desenvolver uma atitude crítica frente aos textos jornalísticos e tornar-se consciente das escolhas feitas enquanto produtor de textos', 'Campo jornalístico/midiático', 'Leitura', 'Reconstrução do contexto de produção, circulação e recepção de textos Caracterização do campo jornalístico e relação entre os gêneros em circulação, mídias e práticas da cultura digital',  Null);
insert into habilidade (id, id_componente, codigo, bncc, ativo, descricao, campo_atuacao, pratica_liguagem, objeto_conhecimento, unidade_tematica) values (208, 6, 'EF06LP02', true, true, 'Estabelecer relação entre os diferentes gêneros jornalísticos, compreendendo a centralidade da notícia', 'Campo jornalístico/midiático', 'Leitura', 'Reconstrução do contexto de produção, circulação e recepção de textos Caracterização do campo jornalístico e relação entre os gêneros em circulação, mídias e práticas da cultura digital',  Null);
insert into habilidade (id, id_componente, codigo, bncc, ativo, descricao, campo_atuacao, pratica_liguagem, objeto_conhecimento, unidade_tematica) values (209, 6, 'EF06LP03', true, true, 'Analisar diferenças de sentido entre palavras de uma série sinonímica', 'Todos os campos de atuação', 'Análise linguística/semiótica', 'Léxico/morfologia',  Null);
insert into habilidade (id, id_componente, codigo, bncc, ativo, descricao, campo_atuacao, pratica_liguagem, objeto_conhecimento, unidade_tematica) values (210, 6, 'EF06LP04', true, true, 'Analisar a função e as flexões de substantivos e adjetivos e de verbos nos modos Indicativo, Subjuntivo e Imperativo: afirmativo e negativo', 'Todos os campos de atuação', 'Análise linguística/semiótica', 'Morfossintaxe',  Null);
insert into habilidade (id, id_componente, codigo, bncc, ativo, descricao, campo_atuacao, pratica_liguagem, objeto_conhecimento, unidade_tematica) values (211, 6, 'EF06LP05', true, true, 'Identificar os efeitos de sentido dos modos verbais, considerando o gênero textual e a intenção comunicativa', 'Todos os campos de atuação', 'Análise linguística/semiótica', 'Morfossintaxe',  Null);
insert into habilidade (id, id_componente, codigo, bncc, ativo, descricao, campo_atuacao, pratica_liguagem, objeto_conhecimento, unidade_tematica) values (212, 6, 'EF06LP06', true, true, 'Empregar, adequadamente, as regras de concordância nominal (relações entre os substantivos e seus determinantes) e as regras de concordância verbal (relações entre o verbo e o sujeito simples e composto)', 'Todos os campos de atuação', 'Análise linguística/semiótica', 'Morfossintaxe',  Null);
insert into habilidade (id, id_componente, codigo, bncc, ativo, descricao, campo_atuacao, pratica_liguagem, objeto_conhecimento, unidade_tematica) values (213, 6, 'EF06LP07', true, true, 'Identificar, em textos, períodos compostos por orações separadas por vírgula sem a utilização de conectivos, nomeando-os como períodos compostos por coordenação', 'Todos os campos de atuação', 'Análise linguística/semiótica', 'Morfossintaxe',  Null);
insert into habilidade (id, id_componente, codigo, bncc, ativo, descricao, campo_atuacao, pratica_liguagem, objeto_conhecimento, unidade_tematica) values (214, 6, 'EF06LP08', true, true, 'Identificar, em texto ou sequência textual, orações como unidades constituídas em torno de um núcleo verbal e períodos como conjunto de orações conectadas', 'Todos os campos de atuação', 'Análise linguística/semiótica', 'Morfossintaxe',  Null);
insert into habilidade (id, id_componente, codigo, bncc, ativo, descricao, campo_atuacao, pratica_liguagem, objeto_conhecimento, unidade_tematica) values (215, 6, 'EF06LP09', true, true, 'Classificar, em texto ou sequência textual, os períodos simples compostos', 'Todos os campos de atuação', 'Análise linguística/semiótica', 'Morfossintaxe',  Null);
insert into habilidade (id, id_componente, codigo, bncc, ativo, descricao, campo_atuacao, pratica_liguagem, objeto_conhecimento, unidade_tematica) values (216, 6, 'EF06LP10', true, true, 'Identificar sintagmas nominais e verbais como constituintes imediatos da oração', 'Todos os campos de atuação', 'Análise linguística/semiótica', 'Sintaxe',  Null);
insert into habilidade (id, id_componente, codigo, bncc, ativo, descricao, campo_atuacao, pratica_liguagem, objeto_conhecimento, unidade_tematica) values (217, 6, 'EF06LP11', true, true, 'Utilizar, ao produzir texto, conhecimentos linguísticos e gramaticais: tempos verbais, concordância nominal e verbal, regras ortográficas, pontuação etc', 'Todos os campos de atuação', 'Análise linguística/semiótica', 'Elementos notacionais da escrita/morfossintaxe',  Null);
insert into habilidade (id, id_componente, codigo, bncc, ativo, descricao, campo_atuacao, pratica_liguagem, objeto_conhecimento, unidade_tematica) values (218, 6, 'EF06LP12', true, true, 'Utilizar, ao produzir texto, recursos de coesão referencial (nome e pronomes), recursos semânticos de sinonímia, antonímia e homonímia e mecanismos de representação de diferentes vozes (discurso direto e indireto)', 'Todos os campos de atuação', 'Análise linguística/semiótica', 'Semântica Coesão',  Null);
insert into habilidade (id, id_componente, codigo, bncc, ativo, descricao, campo_atuacao, pratica_liguagem, objeto_conhecimento, unidade_tematica) values (219, 6, 'EF67LP01', true, true, 'Analisar a estrutura e funcionamento dos hiperlinks em textos noticiosos publicados na Web e vislumbrar possibilidades de uma escrita hipertextual', 'Campo jornalístico/midiático', 'Leitura', 'Reconstrução do contexto de produção, circulação e recepção de textos Caracterização do campo jornalístico e relação entre os gêneros em circulação, mídias e práticas da cultura digital',  Null);
insert into habilidade (id, id_componente, codigo, bncc, ativo, descricao, campo_atuacao, pratica_liguagem, objeto_conhecimento, unidade_tematica) values (220, 6, 'EF67LP02', true, true, 'Explorar o espaço reservado ao leitor nos jornais, revistas, impressos e on-line, sites noticiosos etc, destacando notícias, fotorreportagens, entrevistas, charges, assuntos, temas, debates em foco, posicionando-se de maneira ética e respeitosa frente a esses textos e opiniões a eles relacionadas, e publicar notícias, notas jornalísticas, fotorreportagem de interesse geral nesses espaços do leitor', 'Campo jornalístico/midiático', 'Leitura', 'Apreciação e réplica',  Null);
insert into habilidade (id, id_componente, codigo, bncc, ativo, descricao, campo_atuacao, pratica_liguagem, objeto_conhecimento, unidade_tematica) values (221, 6, 'EF67LP03', true, true, 'Comparar informações sobre um mesmo fato divulgadas em diferentes veículos e mídias, analisando e avaliando a confiabilidade', 'Campo jornalístico/midiático', 'Leitura', 'Relação entre textos',  Null);
insert into habilidade (id, id_componente, codigo, bncc, ativo, descricao, campo_atuacao, pratica_liguagem, objeto_conhecimento, unidade_tematica) values (222, 6, 'EF67LP04', true, true, 'Distinguir, em segmentos descontínuos de textos, fato da opinião enunciada em relação a esse mesmo fato', 'Campo jornalístico/midiático', 'Leitura', 'Estratégia de leitura Distinção de fato e opinião',  Null);
insert into habilidade (id, id_componente, codigo, bncc, ativo, descricao, campo_atuacao, pratica_liguagem, objeto_conhecimento, unidade_tematica) values (223, 6, 'EF67LP05', true, true, 'Identificar e avaliar teses/opiniões/posicionamentos explícitos e argumentos em textos argumentativos (carta de leitor, comentário, artigo de opinião, resenha crítica etc), manifestando concordância ou discordância', 'Campo jornalístico/midiático', 'Leitura', 'Estratégia de leitura: identificação de teses e argumentos Apreciação e réplica',  Null);
insert into habilidade (id, id_componente, codigo, bncc, ativo, descricao, campo_atuacao, pratica_liguagem, objeto_conhecimento, unidade_tematica) values (224, 6, 'EF67LP06', true, true, 'Identificar os efeitos de sentido provocados pela seleção lexical, topicalização de elementos e seleção e hierarquização de informações, uso de 3ª pessoa etc', 'Campo jornalístico/midiático', 'Leitura', 'Efeitos de sentido',  Null);
insert into habilidade (id, id_componente, codigo, bncc, ativo, descricao, campo_atuacao, pratica_liguagem, objeto_conhecimento, unidade_tematica) values (225, 6, 'EF67LP07', true, true, 'Identificar o uso de recursos persuasivos em textos argumentativos diversos (como a elaboração do título, escolhas lexicais, construções metafóricas, a explicitação ou a ocultação de fontes de informação) e perceber seus efeitos de sentido', 'Campo jornalístico/midiático', 'Leitura', 'Efeitos de sentido',  Null);
insert into habilidade (id, id_componente, codigo, bncc, ativo, descricao, campo_atuacao, pratica_liguagem, objeto_conhecimento, unidade_tematica) values (226, 6, 'EF67LP08', true, true, 'Identificar os efeitos de sentido devidos à escolha de imagens estáticas, sequenciação ou sobreposição de imagens, definição de figura/fundo, ângulo, profundidade e foco, cores/tonalidades, relação com o escrito (relações de reiteração, complementação ou oposição) etc em notícias, reportagens, fotorreportagens, foto-denúncias, memes, gifs, anúncios publicitários e propagandas publicados em jornais, revistas, sites na internet etc', 'Campo jornalístico/midiático', 'Leitura', 'Efeitos de sentido Exploração da multissemiose',  Null);
insert into habilidade (id, id_componente, codigo, bncc, ativo, descricao, campo_atuacao, pratica_liguagem, objeto_conhecimento, unidade_tematica) values (227, 6, 'EF67LP09', true, true, 'Planejar notícia impressa e para circulação em outras mídias (rádio ou TV/vídeo), tendo em vista as condições de produção, do texto – objetivo, leitores/espectadores, veículos e mídia de circulação etc –, a partir da escolha do fato a ser noticiado (de relevância para a turma, escola ou comunidade), do levantamento de dados e informações sobre o fato – que pode envolver entrevistas com envolvidos ou com especialistas, consultas a fontes, análise de documentos, cobertura de eventos etc–, do registro dessas informações e dados, da escolha de fotos ou imagens a produzir ou a utilizar etc e a previsão de uma estrutura hipertextual (no caso de publicação em sites ou blogs noticiosos)', 'Campo jornalístico/midiático', 'Produção de textos', 'Estratégias de produção: planejamento de textos informativos',  Null);



insert into habilidade (id, id_componente, codigo, bncc, ativo, descricao, campo_atuacao, pratica_liguagem, objeto_conhecimento, unidade_tematica) values (313, 6, 'EF07LP01', true, true, 'Distinguir diferentes propostas editoriais – sensacionalismo, jornalismo investigativo etc –, de forma a identificar os recursos utilizados para impactar/chocar o leitor que podem comprometer uma análise crítica da notícia e do fato noticiado', 'Campo jornalístico/midiático', 'Leitura', 'Reconstrução do contexto de produção, circulação e recepção de textos Caracterização do campo jornalístico e relação entre os gêneros em circulação, mídias e práticas da cultura digital',  Null);
insert into habilidade (id, id_componente, codigo, bncc, ativo, descricao, campo_atuacao, pratica_liguagem, objeto_conhecimento, unidade_tematica) values (314, 6, 'EF07LP02', true, true, 'Comparar notícias e reportagens sobre um mesmo fato divulgadas em diferentes mídias, analisando as especificidades das mídias, os processos de (re)elaboração dos textos e a convergência das mídias em notícias ou reportagens multissemióticas', 'Campo jornalístico/midiático', 'Leitura', 'Reconstrução do contexto de produção, circulação e recepção de textos Caracterização do campo jornalístico e relação entre os gêneros em circulação, mídias e práticas da cultura digital',  Null);
insert into habilidade (id, id_componente, codigo, bncc, ativo, descricao, campo_atuacao, pratica_liguagem, objeto_conhecimento, unidade_tematica) values (315, 6, 'EF07LP03', true, true, 'Formar, com base em palavras primitivas, palavras derivadas com os prefixos e sufixos mais produtivos no português', 'Todos os campos de atuação', 'Análise linguística/semiótica', 'Léxico/morfologia',  Null);
insert into habilidade (id, id_componente, codigo, bncc, ativo, descricao, campo_atuacao, pratica_liguagem, objeto_conhecimento, unidade_tematica) values (316, 6, 'EF07LP04', true, true, 'Reconhecer, em textos, o verbo como o núcleo das orações', 'Todos os campos de atuação', 'Análise linguística/semiótica', 'Morfossintaxe',  Null);
insert into habilidade (id, id_componente, codigo, bncc, ativo, descricao, campo_atuacao, pratica_liguagem, objeto_conhecimento, unidade_tematica) values (317, 6, 'EF07LP05', true, true, 'Identificar, em orações de textos lidos ou de produção própria, verbos de predicação completa e incompleta: intransitivos e transitivos', 'Todos os campos de atuação', 'Análise linguística/semiótica', 'Morfossintaxe',  Null);
insert into habilidade (id, id_componente, codigo, bncc, ativo, descricao, campo_atuacao, pratica_liguagem, objeto_conhecimento, unidade_tematica) values (318, 6, 'EF07LP06', true, true, 'Empregar as regras básicas de concordância nominal e verbal em situações comunicativas e na produção de textos', 'Todos os campos de atuação', 'Análise linguística/semiótica', 'Morfossintaxe',  Null);
insert into habilidade (id, id_componente, codigo, bncc, ativo, descricao, campo_atuacao, pratica_liguagem, objeto_conhecimento, unidade_tematica) values (319, 6, 'EF07LP07', true, true, 'Identificar, em textos lidos ou de produção própria, a estrutura básica da oração: sujeito, predicado, complemento (objetos direto e indireto)', 'Todos os campos de atuação', 'Análise linguística/semiótica', 'Morfossintaxe',  Null);
insert into habilidade (id, id_componente, codigo, bncc, ativo, descricao, campo_atuacao, pratica_liguagem, objeto_conhecimento, unidade_tematica) values (320, 6, 'EF07LP08', true, true, 'Identificar, em textos lidos ou de produção própria, adjetivos que ampliam o sentido do substantivo sujeito ou complemento verbal', 'Todos os campos de atuação', 'Análise linguística/semiótica', 'Morfossintaxe',  Null);
insert into habilidade (id, id_componente, codigo, bncc, ativo, descricao, campo_atuacao, pratica_liguagem, objeto_conhecimento, unidade_tematica) values (321, 6, 'EF07LP09', true, true, 'Identificar, em textos lidos ou de produção própria, advérbios e locuções adverbiais que ampliam o sentido do verbo núcleo da oração', 'Todos os campos de atuação', 'Análise linguística/semiótica', 'Morfossintaxe',  Null);
insert into habilidade (id, id_componente, codigo, bncc, ativo, descricao, campo_atuacao, pratica_liguagem, objeto_conhecimento, unidade_tematica) values (322, 6, 'EF07LP10', true, true, 'Utilizar, ao produzir texto, conhecimentos linguísticos e gramaticais: modos e tempos verbais, concordância nominal e verbal, pontuação etc', 'Todos os campos de atuação', 'Análise linguística/semiótica', 'Morfossintaxe',  Null);
insert into habilidade (id, id_componente, codigo, bncc, ativo, descricao, campo_atuacao, pratica_liguagem, objeto_conhecimento, unidade_tematica) values (323, 6, 'EF07LP11', true, true, 'Identificar, em textos lidos ou de produção própria, períodos compostos nos quais duas orações são conectadas por vírgula, ou por conjunções que expressem soma de sentido (conjunção “e”) ou oposição de sentidos (conjunções “mas”, “porém”)', 'Todos os campos de atuação', 'Análise linguística/semiótica', 'Morfossintaxe',  Null);
insert into habilidade (id, id_componente, codigo, bncc, ativo, descricao, campo_atuacao, pratica_liguagem, objeto_conhecimento, unidade_tematica) values (324, 6, 'EF07LP12', true, true, 'Reconhecer recursos de coesão referencial: substituições lexicais (de substantivos por sinônimos) ou pronominais (uso de pronomes anafóricos – pessoais, possessivos, demonstrativos)', 'Todos os campos de atuação', 'Análise linguística/semiótica', 'Semântica Coesão',  Null);
insert into habilidade (id, id_componente, codigo, bncc, ativo, descricao, campo_atuacao, pratica_liguagem, objeto_conhecimento, unidade_tematica) values (325, 6, 'EF07LP13', true, true, 'Estabelecer relações entre partes do texto, identificando substituições lexicais (de substantivos por sinônimos) ou pronominais (uso de pronomes anafóricos – pessoais, possessivos, demonstrativos), que contribuem para a continuidade do texto', 'Todos os campos de atuação', 'Análise linguística/semiótica', 'Coesão',  Null);
insert into habilidade (id, id_componente, codigo, bncc, ativo, descricao, campo_atuacao, pratica_liguagem, objeto_conhecimento, unidade_tematica) values (326, 6, 'EF07LP14', true, true, 'Identificar, em textos, os efeitos de sentido do uso de estratégias de modalização e argumentatividade', 'Todos os campos de atuação', 'Análise linguística/semiótica', 'Modalização',  Null);



insert into habilidade (id, id_componente, codigo, bncc, ativo, descricao, campo_atuacao, pratica_liguagem, objeto_conhecimento, unidade_tematica) values (350, 6, 'EF89LP08', true, true, 'Planejar reportagem impressa e em outras mídias (rádio ou TV/vídeo, sites), tendo em vista as condições de produção do texto – objetivo, leitores/espectadores, veículos e mídia de circulação etc – a partir da escolha do fato a ser aprofundado ou do tema a ser focado (de relevância para a turma, escola ou comunidade), do levantamento de dados e informações sobre o fato ou tema – que pode envolver entrevistas com envolvidos ou com especialistas, consultas a fontes diversas, análise de documentos, cobertura de eventos etc -, do registro dessas informações e dados, da escolha de fotos ou imagens a produzir ou a utilizar etc, da produção de infográficos, quando for o caso, e da organização hipertextual (no caso a publicação em sites ou blogs noticiosos ou mesmo de jornais impressos, por meio de boxes variados)', 'Campo jornalístico/midiático', 'Produção de textos', 'Estratégia de produção: planejamento de textos informativos',  Null);
insert into habilidade (id, id_componente, codigo, bncc, ativo, descricao, campo_atuacao, pratica_liguagem, objeto_conhecimento, unidade_tematica) values (351, 6, 'EF89LP09', true, true, 'Produzir reportagem impressa, com título, linha fina (optativa), organização composicional (expositiva, interpretativa e/ou opinativa), progressão temática e uso de recursos linguísticos compatíveis com as escolhas feitas e reportagens multimidiáticas, tendo em vista as condições de produção, as características do gênero, os recursos e mídias disponíveis, sua organização hipertextual e o manejo adequado de recursos de captação e edição de áudio e imagem e adequação à norma-padrão', 'Campo jornalístico/midiático', 'Produção de textos', 'Estratégia de produção: textualização de textos informativos',  Null);
insert into habilidade (id, id_componente, codigo, bncc, ativo, descricao, campo_atuacao, pratica_liguagem, objeto_conhecimento, unidade_tematica) values (352, 6, 'EF89LP10', true, true, 'Planejar artigos de opinião, tendo em vista as condições de produção do texto – objetivo, leitores/espectadores, veículos e mídia de circulação etc –, a partir da escolha do tema ou questão a ser discutido(a), da relevância para a turma, escola ou comunidade, do levantamento de dados e informações sobre a questão, de argumentos relacionados a diferentes posicionamentos em jogo, da definição – o que pode envolver consultas a fontes diversas, entrevistas com especialistas, análise de textos, organização esquemática das informações e argumentos – dos (tipos de) argumentos e estratégias que pretende utilizar para convencer os leitores', 'Campo jornalístico/midiático', 'Produção de textos', 'Estratégia de produção: planejamento de textos argumentativos e apreciativos',  Null);
insert into habilidade (id, id_componente, codigo, bncc, ativo, descricao, campo_atuacao, pratica_liguagem, objeto_conhecimento, unidade_tematica) values (353, 6, 'EF89LP11', true, true, 'Produzir, revisar e editar peças e campanhas publicitárias, envolvendo o uso articulado e complementar de diferentes peças publicitárias: cartaz, banner, indoor, folheto, panfleto, anúncio de jornal/revista, para internet, spot, propaganda de rádio, TV, a partir da escolha da questão/problema/causa significativa para a escola e/ou a comunidade escolar, da definição do público-alvo, das peças que serão produzidas, das estratégias de persuasão e convencimento que serão utilizadas', 'Campo jornalístico/midiático', 'Produção de textos', 'Estratégias de produção: planejamento, textualização, revisão e edição de textos publicitários',  Null);
insert into habilidade (id, id_componente, codigo, bncc, ativo, descricao, campo_atuacao, pratica_liguagem, objeto_conhecimento, unidade_tematica) values (354, 6, 'EF89LP12', true, true, 'Planejar coletivamente a realização de um debate sobre tema previamente definido, de interesse coletivo, com regras acordadas e planejar, em grupo, participação em debate a partir do levantamento de informações e argumentos que possam sustentar o posicionamento a ser defendido (o que pode envolver entrevistas com especialistas, consultas a fontes diversas, o registro das informações e dados obtidos etc), tendo em vista as condições de produção do debate – perfil dos ouvintes e demais participantes, objetivos do debate, motivações para sua realização, argumentos e estratégias de convencimento mais eficazes etc e participar de debates regrados, na condição de membro de uma equipe de debatedor, apresentador/mediador, espectador (com ou sem direito a perguntas), e/ou de juiz/avaliador, como forma de compreender o funcionamento do debate, e poder participar de forma convincente, ética, respeitosa e crítica e desenvolver uma atitude de respeito e diálogo para com as ideias divergentes', 'Campo jornalístico/midiático', 'Oralidade', 'Estratégias de produção: planejamento e participação em debates regrados',  Null);
insert into habilidade (id, id_componente, codigo, bncc, ativo, descricao, campo_atuacao, pratica_liguagem, objeto_conhecimento, unidade_tematica) values (355, 6, 'EF89LP13', true, true, 'Planejar entrevistas orais com pessoas ligadas ao fato noticiado, especialistas etc, como forma de obter dados e informações sobre os fatos cobertos sobre o tema ou questão discutida ou temáticas em estudo, levando em conta o gênero e seu contexto de produção, partindo do levantamento de informações sobre o entrevistado e sobre a temática e da elaboração de um roteiro de perguntas, garantindo a relevância das informações mantidas e a continuidade temática, realizar entrevista e fazer edição em áudio ou vídeo, incluindo uma contextualização inicial e uma fala de encerramento para publicação da entrevista isoladamente ou como parte integrante de reportagem multimidiática, adequando-a a seu contexto de publicação e garantindo a relevância das informações mantidas e a continuidade temática', 'Campo jornalístico/midiático', 'Oralidade', 'Estratégias de produção: planejamento, realização e edição de entrevistas orais',  Null);
insert into habilidade (id, id_componente, codigo, bncc, ativo, descricao, campo_atuacao, pratica_liguagem, objeto_conhecimento, unidade_tematica) values (356, 6, 'EF89LP14', true, true, 'Analisar, em textos argumentativos e propositivos, os movimentos argumentativos de sustentação, refutação e negociação e os tipos de argumentos, avaliando a força/tipo dos argumentos utilizados', 'Campo jornalístico/midiático', 'Análise linguística/semiótica', 'Argumentação: movimentos argumentativos, tipos de argumento e força argumentativa',  Null);
insert into habilidade (id, id_componente, codigo, bncc, ativo, descricao, campo_atuacao, pratica_liguagem, objeto_conhecimento, unidade_tematica) values (357, 6, 'EF89LP15', true, true, 'Utilizar, nos debates, operadores argumentativos que marcam a defesa de ideia e de diálogo com a tese do outro: concordo, discordo, concordo parcialmente, do meu ponto de vista, na perspectiva aqui assumida etc', 'Campo jornalístico/midiático', 'Análise linguística/semiótica', 'Estilo',  Null);
insert into habilidade (id, id_componente, codigo, bncc, ativo, descricao, campo_atuacao, pratica_liguagem, objeto_conhecimento, unidade_tematica) values (358, 6, 'EF89LP16', true, true, 'Analisar a modalização realizada em textos noticiosos e argumentativos, por meio das modalidades apreciativas, viabilizadas por classes e estruturas gramaticais como adjetivos, locuções adjetivas, advérbios, locuções adverbiais, orações adjetivas e adverbiais, orações relativas restritivas e explicativas etc, de maneira a perceber a apreciação ideológica sobre os fatos noticiados ou as posições implícitas ou assumidas', 'Campo jornalístico/midiático', 'Análise linguística/semiótica', 'Modalização',  Null);
insert into habilidade (id, id_componente, codigo, bncc, ativo, descricao, campo_atuacao, pratica_liguagem, objeto_conhecimento, unidade_tematica) values (359, 6, 'EF89LP17', true, true, 'Relacionar textos e documentos legais e normativos de importância universal, nacional ou local que envolvam direitos, em especial, de crianças, adolescentes e jovens – tais como a Declaração dos Direitos Humanos, a Constituição Brasileira, o ECA -, e a regulamentação da organização escolar – por exemplo, regimento escolar -, a seus contextos de produção, reconhecendo e analisando possíveis motivações, finalidades e sua vinculação com experiências humanas e fatos históricos e sociais, como forma de ampliar a compreensão dos direitos e deveres, de fomentar os princípios democráticos e uma atuação pautada pela ética da responsabilidade (o outro tem direito a uma vida digna tanto quanto eu tenho)', 'Campo de atuação na vida pública', 'Leitura', 'Reconstrução do contexto de produção, circulação e recepção de textos legais e normativos',  Null);
insert into habilidade (id, id_componente, codigo, bncc, ativo, descricao, campo_atuacao, pratica_liguagem, objeto_conhecimento, unidade_tematica) values (360, 6, 'EF89LP18', true, true, 'Explorar e analisar instâncias e canais de participação disponíveis na escola (conselho de escola, outros colegiados, grêmio livre), na comunidade (associações, coletivos, movimentos, etc), no munícipio ou no país, incluindo formas de participação digital, como canais e plataformas de participação (como portal e-cidadania), serviços, portais e ferramentas de acompanhamentos do trabalho de políticos e de tramitação de leis, canais de educação política, bem como de propostas e proposições que circulam nesses canais, de forma a participar do debate de ideias e propostas na esfera social e a engajar-se com a busca de soluções para problemas ou questões que envolvam a vida da escola e da comunidade', 'Campo de atuação na vida pública', 'Leitura', 'Contexto de produção, circulação e recepção de textos e práticas relacionadas à defesa de direitos e à participação social',  Null);
insert into habilidade (id, id_componente, codigo, bncc, ativo, descricao, campo_atuacao, pratica_liguagem, objeto_conhecimento, unidade_tematica) values (361, 6, 'EF89LP19', true, true, 'Analisar, a partir do contexto de produção, a forma de organização das cartas abertas, abaixo-assinados e petições on-line (identificação dos signatários, explicitação da reivindicação feita, acompanhada ou não de uma breve apresentação da problemática e/ou de justificativas que visam sustentar a reivindicação) e a proposição, discussão e aprovação de propostas políticas ou de soluções para problemas de interesse público, apresentadas ou lidas nos canais digitais de participação, identificando suas marcas linguísticas, como forma de possibilitar a escrita ou subscrição consciente de abaixo-assinados e textos dessa natureza e poder se posicionar de forma crítica e fundamentada frente às propostas', 'Campo de atuação na vida pública', 'Leitura', 'Relação entre contexto de produção e características composicionais e estilísticas dos gêneros Apreciação e réplica',  Null);
insert into habilidade (id, id_componente, codigo, bncc, ativo, descricao, campo_atuacao, pratica_liguagem, objeto_conhecimento, unidade_tematica) values (362, 6, 'EF89LP20', true, true, 'Comparar propostas políticas e de solução de problemas, identificando o que se pretende fazer/implementar, por que (motivações, justificativas), para que (objetivos, benefícios e consequências esperados), como (ações e passos), quando etc e a forma de avaliar a eficácia da proposta/solução, contrastando dados e informações de diferentes fontes, identificando coincidências, complementaridades e contradições, de forma a poder compreender e posicionar-se criticamente sobre os dados e informações usados em fundamentação de propostas e analisar a coerência entre os elementos, de forma a tomar decisões fundamentadas', 'Campo de atuação na vida pública', 'Leitura', 'Estratégias e procedimentos de leitura em textos reivindicatórios ou propositivos',  Null);
insert into habilidade (id, id_componente, codigo, bncc, ativo, descricao, campo_atuacao, pratica_liguagem, objeto_conhecimento, unidade_tematica) values (363, 6, 'EF89LP21', true, true, 'Realizar enquetes e pesquisas de opinião, de forma a levantar prioridades, problemas a resolver ou propostas que possam contribuir para melhoria da escola ou da comunidade, caracterizar demanda/necessidade, documentando-a de diferentes maneiras por meio de diferentes procedimentos, gêneros e mídias e, quando for o caso, selecionar informações e dados relevantes de fontes pertinentes diversas (sites, impressos, vídeos etc), avaliando a qualidade e a utilidade dessas fontes, que possam servir de contextualização e fundamentação de propostas, de forma a justificar a proposição de propostas, projetos culturais e ações de intervenção', 'Campo de atuação na vida pública', 'Produção de textos', 'Estratégia de produção: planejamento de textos reivindicatórios ou propositivos',  Null);
insert into habilidade (id, id_componente, codigo, bncc, ativo, descricao, campo_atuacao, pratica_liguagem, objeto_conhecimento, unidade_tematica) values (364, 6, 'EF89LP22', true, true, 'Compreender e comparar as diferentes posições e interesses em jogo em uma discussão ou apresentação de propostas, avaliando a validade e força dos argumentos e as consequências do que está sendo proposto e, quando for o caso, formular e negociar propostas de diferentes naturezas relativas a interesses coletivos envolvendo a escola ou comunidade escolar', 'Campo de atuação na vida pública', 'Oralidade', 'Escuta Apreender o sentido geral dos textos Apreciação e réplica Produção/Proposta',  Null);
insert into habilidade (id, id_componente, codigo, bncc, ativo, descricao, campo_atuacao, pratica_liguagem, objeto_conhecimento, unidade_tematica) values (365, 6, 'EF89LP23', true, true, 'Analisar, em textos argumentativos, reivindicatórios e propositivos, os movimentos argumentativos utilizados (sustentação, refutação e negociação), avaliando a força dos argumentos utilizados', 'Campo de atuação na vida pública', 'Análise linguística/semiótica', 'Movimentos argumentativos e força dos argumentos',  Null);
insert into habilidade (id, id_componente, codigo, bncc, ativo, descricao, campo_atuacao, pratica_liguagem, objeto_conhecimento, unidade_tematica) values (366, 6, 'EF89LP24', true, true, 'Realizar pesquisa, estabelecendo o recorte das questões, usando fontes abertas e confiáveis', 'Campo de atuação na vida pública', 'Leitura', 'Curadoria de informação',  Null);
insert into habilidade (id, id_componente, codigo, bncc, ativo, descricao, campo_atuacao, pratica_liguagem, objeto_conhecimento, unidade_tematica) values (367, 6, 'EF89LP25', true, true, 'Divulgar o resultado de pesquisas por meio de apresentações orais, verbetes de enciclopédias colaborativas, reportagens de divulgação científica, vlogs científicos, vídeos de diferentes tipos etc', 'Campo de atuação na vida pública', 'Produção de textos', 'Estratégias de escrita: textualização, revisão e edição',  Null);
insert into habilidade (id, id_componente, codigo, bncc, ativo, descricao, campo_atuacao, pratica_liguagem, objeto_conhecimento, unidade_tematica) values (368, 6, 'EF89LP26', true, true, 'Produzir resenhas, a partir das notas e/ou esquemas feitos, com o manejo adequado das vozes envolvidas (do resenhador, do autor da obra e, se for o caso, também dos autores citados na obra resenhada), por meio do uso de paráfrases, marcas do discurso reportado e citações', 'Campo de atuação na vida pública', 'Produção de textos', 'Estratégias de escrita: textualização, revisão e edição',  Null);
insert into habilidade (id, id_componente, codigo, bncc, ativo, descricao, campo_atuacao, pratica_liguagem, objeto_conhecimento, unidade_tematica) values (369, 6, 'EF89LP27', true, true, 'Tecer considerações e formular problematizações pertinentes, em momentos oportunos, em situações de aulas, apresentação oral, seminário etc', 'Campo de atuação na vida pública', 'Oralidade', 'Conversação espontânea',  Null);
insert into habilidade (id, id_componente, codigo, bncc, ativo, descricao, campo_atuacao, pratica_liguagem, objeto_conhecimento, unidade_tematica) values (370, 6, 'EF89LP28', true, true, 'Tomar nota de videoaulas, aulas digitais, apresentações multimídias, vídeos de divulgação científica, documentários e afins, identificando, em função dos objetivos, informações principais para apoio ao estudo e realizando, quando necessário, uma síntese final que destaque e reorganize os pontos ou conceitos centrais e suas relações e que, em alguns casos, seja acompanhada de reflexões pessoais, que podem conter dúvidas, questionamentos, considerações etc', 'Campo de atuação na vida pública', 'Oralidade', 'Procedimentos de apoio à compreensão Tomada de nota',  Null);
insert into habilidade (id, id_componente, codigo, bncc, ativo, descricao, campo_atuacao, pratica_liguagem, objeto_conhecimento, unidade_tematica) values (371, 6, 'EF89LP29', true, true, 'Utilizar e perceber mecanismos de progressão temática, tais como retomadas anafóricas (“que, cujo, onde”, pronomes do caso reto e oblíquos, pronomes demonstrativos, nomes correferentes etc), catáforas (remetendo para adiante ao invés de retomar o já dito), uso de organizadores textuais, de coesivos etc, e analisar os mecanismos de reformulação e paráfrase utilizados nos textos de divulgação do conhecimento', 'Campo de atuação na vida pública', 'Análise linguística/semiótica', 'Textualização Progressão temática',  Null);
insert into habilidade (id, id_componente, codigo, bncc, ativo, descricao, campo_atuacao, pratica_liguagem, objeto_conhecimento, unidade_tematica) values (372, 6, 'EF89LP30', true, true, 'Analisar a estrutura de hipertexto e hiperlinks em textos de divulgação científica que circulam na Web e proceder à remissão a conceitos e relações por meio de links', 'Campo de atuação na vida pública', 'Análise linguística/semiótica', 'Textualização',  Null);
insert into habilidade (id, id_componente, codigo, bncc, ativo, descricao, campo_atuacao, pratica_liguagem, objeto_conhecimento, unidade_tematica) values (373, 6, 'EF89LP31', true, true, 'Analisar e utilizar modalização epistêmica, isto é, modos de indicar uma avaliação sobre o valor de verdade e as condições de verdade de uma proposição, tais como os asseverativos – quando se concorda com (“realmente, evidentemente, naturalmente, efetivamente, claro, certo, lógico, sem dúvida” etc) ou discorda de (“de jeito nenhum, de forma alguma”) uma ideia; e os quase-asseverativos, que indicam que se considera o conteúdo como quase certo (“talvez, assim, possivelmente, provavelmente, eventualmente”)', 'Campo de atuação na vida pública', 'Análise linguística/semiótica', 'Modalização',  Null);
insert into habilidade (id, id_componente, codigo, bncc, ativo, descricao, campo_atuacao, pratica_liguagem, objeto_conhecimento, unidade_tematica) values (374, 6, 'EF89LP32', true, true, 'Analisar os efeitos de sentido decorrentes do uso de mecanismos de intertextualidade (referências, alusões, retomadas) entre os textos literários, entre esses textos literários e outras manifestações artísticas (cinema, teatro, artes visuais e midiáticas, música), quanto aos temas, personagens, estilos, autores etc, e entre o texto original e paródias, paráfrases, pastiches, trailer honesto, vídeos-minuto, vidding, dentre outros', 'Campo artístico-literário', 'Leitura', 'Relação entre textos',  Null);
insert into habilidade (id, id_componente, codigo, bncc, ativo, descricao, campo_atuacao, pratica_liguagem, objeto_conhecimento, unidade_tematica) values (375, 6, 'EF89LP33', true, true, 'Ler, de forma autônoma, e compreender – selecionando procedimentos e estratégias de leitura adequados a diferentes objetivos e levando em conta características dos gêneros e suportes – romances, contos contemporâneos, minicontos, fábulas contemporâneas, romances juvenis, biografias romanceadas, novelas, crônicas visuais, narrativas de ficção científica, narrativas de suspense, poemas de forma livre e fixa (como haicai), poema concreto, ciberpoema, dentre outros, expressando avaliação sobre o texto lido e estabelecendo preferências por gêneros, temas, autores', 'Campo artístico-literário', 'Leitura', 'Estratégias de leitura Apreciação e réplica',  Null);
insert into habilidade (id, id_componente, codigo, bncc, ativo, descricao, campo_atuacao, pratica_liguagem, objeto_conhecimento, unidade_tematica) values (376, 6, 'EF89LP34', true, true, 'Analisar a organização de texto dramático apresentado em teatro, televisão, cinema, identificando e percebendo os sentidos decorrentes dos recursos linguísticos e semióticos que sustentam sua realização como peça teatral, novela, filme etc', 'Campo artístico-literário', 'Leitura', 'Reconstrução da textualidade e compreensão dos efeitos de sentidos provocados pelos usos de recursos linguísticos e multissemióticos',  Null);
insert into habilidade (id, id_componente, codigo, bncc, ativo, descricao, campo_atuacao, pratica_liguagem, objeto_conhecimento, unidade_tematica) values (377, 6, 'EF89LP35', true, true, 'Criar contos ou crônicas (em especial, líricas), crônicas visuais, minicontos, narrativas de aventura e de ficção científica, dentre outros, com temáticas próprias ao gênero, usando os conhecimentos sobre os constituintes estruturais e recursos expressivos típicos dos gêneros narrativos pretendidos, e, no caso de produção em grupo, ferramentas de escrita colaborativa', 'Campo artístico-literário', 'Produção de textos', 'Construção da textualidade',  Null);
insert into habilidade (id, id_componente, codigo, bncc, ativo, descricao, campo_atuacao, pratica_liguagem, objeto_conhecimento, unidade_tematica) values (378, 6, 'EF89LP36', true, true, 'Parodiar poemas conhecidos da literatura e criar textos em versos (como poemas concretos, ciberpoemas, haicais, liras, microrroteiros, lambe-lambes e outros tipos de poemas), explorando o uso de recursos sonoros e semânticos (como figuras de linguagem e jogos de palavras) e visuais (como relações entre imagem e texto verbal e distribuição da mancha gráfica), de forma a propiciar diferentes efeitos de sentido', 'Campo artístico-literário', 'Produção de textos', 'Relação entre textos',  Null);
insert into habilidade (id, id_componente, codigo, bncc, ativo, descricao, campo_atuacao, pratica_liguagem, objeto_conhecimento, unidade_tematica) values (379, 6, 'EF89LP37', true, true, 'Analisar os efeitos de sentido do uso de figuras de linguagem como ironia, eufemismo, antítese, aliteração, assonância, dentre outras', 'Todos os campos de atuação', 'Análise linguística/semiótica', 'Figuras de linguagem',  Null);
insert into habilidade (id, id_componente, codigo, bncc, ativo, descricao, campo_atuacao, pratica_liguagem, objeto_conhecimento, unidade_tematica) values (380, 6, 'EF09LP01', true, true, 'Analisar o fenômeno da disseminação de notícias falsas nas redes sociais e desenvolver estratégias para reconhecê-las, a partir da verificação/avaliação do veículo, fonte, data e local da publicação, autoria, URL, da análise da formatação, da comparação de diferentes fontes, da consulta a sites de curadoria que atestam a fidedignidade do relato dos fatos e denunciam boatos etc', 'Campo jornalístico/midiático', 'Leitura', 'Reconstrução do contexto de produção, circulação e recepção de textos Caracterização do campo jornalístico e relação entre os gêneros em circulação, mídias e práticas da cultura digital',  Null);
insert into habilidade (id, id_componente, codigo, bncc, ativo, descricao, campo_atuacao, pratica_liguagem, objeto_conhecimento, unidade_tematica) values (381, 6, 'EF09LP02', true, true, 'Analisar e comentar a cobertura da imprensa sobre fatos de relevância social, comparando diferentes enfoques por meio do uso de ferramentas de curadoria', 'Campo jornalístico/midiático', 'Leitura', 'Relação entre textos',  Null);
insert into habilidade (id, id_componente, codigo, bncc, ativo, descricao, campo_atuacao, pratica_liguagem, objeto_conhecimento, unidade_tematica) values (382, 6, 'EF09LP03', true, true, 'Produzir artigos de opinião, tendo em vista o contexto de produção dado, assumindo posição diante de tema polêmico, argumentando de acordo com a estrutura própria desse tipo de texto e utilizando diferentes tipos de argumentos – de autoridade, comprovação, exemplificação princípio etc', 'Campo jornalístico/midiático', 'Produção de textos', 'Textualização de textos argumentativos e apreciativos',  Null);
insert into habilidade (id, id_componente, codigo, bncc, ativo, descricao, campo_atuacao, pratica_liguagem, objeto_conhecimento, unidade_tematica) values (383, 6, 'EF09LP04', true, true, 'Escrever textos corretamente, de acordo com a norma-padrão, com estruturas sintáticas complexas no nível da oração e do período', 'Todos os campos de atuação', 'Análise linguística/semiótica', 'Fono-ortografia',  Null);
insert into habilidade (id, id_componente, codigo, bncc, ativo, descricao, campo_atuacao, pratica_liguagem, objeto_conhecimento, unidade_tematica) values (384, 6, 'EF09LP05', true, true, 'Identificar, em textos lidos e em produções próprias, orações com a estrutura sujeito-verbo de ligação-predicativo', 'Todos os campos de atuação', 'Análise linguística/semiótica', 'Morfossintaxe',  Null);
insert into habilidade (id, id_componente, codigo, bncc, ativo, descricao, campo_atuacao, pratica_liguagem, objeto_conhecimento, unidade_tematica) values (385, 6, 'EF09LP06', true, true, 'Diferenciar, em textos lidos e em produções próprias, o efeito de sentido do uso dos verbos de ligação “ser”, “estar”, “ficar”, “parecer” e “permanecer”', 'Todos os campos de atuação', 'Análise linguística/semiótica', 'Morfossintaxe',  Null);
insert into habilidade (id, id_componente, codigo, bncc, ativo, descricao, campo_atuacao, pratica_liguagem, objeto_conhecimento, unidade_tematica) values (386, 6, 'EF09LP07', true, true, 'Comparar o uso de regência verbal e regência nominal na norma-padrão com seu uso no português brasileiro coloquial oral', 'Todos os campos de atuação', 'Análise linguística/semiótica', 'Morfossintaxe',  Null);
insert into habilidade (id, id_componente, codigo, bncc, ativo, descricao, campo_atuacao, pratica_liguagem, objeto_conhecimento, unidade_tematica) values (387, 6, 'EF09LP08', true, true, 'Identificar, em textos lidos e em produções próprias, a relação que conjunções (e locuções conjuntivas) coordenativas e subordinativas estabelecem entre as orações que conectam', 'Todos os campos de atuação', 'Análise linguística/semiótica', 'Morfossintaxe',  Null);
insert into habilidade (id, id_componente, codigo, bncc, ativo, descricao, campo_atuacao, pratica_liguagem, objeto_conhecimento, unidade_tematica) values (388, 6, 'EF09LP09', true, true, 'Identificar efeitos de sentido do uso de orações adjetivas restritivas e explicativas em um período composto', 'Todos os campos de atuação', 'Análise linguística/semiótica', 'Elementos notacionais da escrita/morfossintaxe',  Null);
insert into habilidade (id, id_componente, codigo, bncc, ativo, descricao, campo_atuacao, pratica_liguagem, objeto_conhecimento, unidade_tematica) values (389, 6, 'EF09LP10', true, true, 'Comparar as regras de colocação pronominal na norma-padrão com o seu uso no português brasileiro coloquial', 'Todos os campos de atuação', 'Análise linguística/semiótica', 'Coesão',  Null);
insert into habilidade (id, id_componente, codigo, bncc, ativo, descricao, campo_atuacao, pratica_liguagem, objeto_conhecimento, unidade_tematica) values (390, 6, 'EF09LP11', true, true, 'Inferir efeitos de sentido decorrentes do uso de recursos de coesão sequencial (conjunções e articuladores textuais)', 'Todos os campos de atuação', 'Análise linguística/semiótica', 'Coesão',  Null);
insert into habilidade (id, id_componente, codigo, bncc, ativo, descricao, campo_atuacao, pratica_liguagem, objeto_conhecimento, unidade_tematica) values (391, 6, 'EF09LP12', true, true, 'Identificar estrangeirismos, caracterizando-os segundo a conservação, ou não, de sua forma gráfica de origem, avaliando a pertinência, ou não, de seu uso', 'Todos os campos de atuação', 'Análise linguística/semiótica', 'Variação linguística',  Null);

insert into habilidade_faixa_ano (id_habilidade, id_faixa_ano) values (1, 4);
insert into habilidade_faixa_ano (id_habilidade, id_faixa_ano) values (2, 4);
insert into habilidade_faixa_ano (id_habilidade, id_faixa_ano) values (3, 4);
insert into habilidade_faixa_ano (id_habilidade, id_faixa_ano) values (4, 4);
insert into habilidade_faixa_ano (id_habilidade, id_faixa_ano) values (5, 4);
insert into habilidade_faixa_ano (id_habilidade, id_faixa_ano) values (6, 4);
insert into habilidade_faixa_ano (id_habilidade, id_faixa_ano) values (7, 4);
insert into habilidade_faixa_ano (id_habilidade, id_faixa_ano) values (8, 4);
insert into habilidade_faixa_ano (id_habilidade, id_faixa_ano) values (9, 4);
insert into habilidade_faixa_ano (id_habilidade, id_faixa_ano) values (10, 4);
insert into habilidade_faixa_ano (id_habilidade, id_faixa_ano) values (11, 4);
insert into habilidade_faixa_ano (id_habilidade, id_faixa_ano) values (12, 4);
insert into habilidade_faixa_ano (id_habilidade, id_faixa_ano) values (13, 4);
insert into habilidade_faixa_ano (id_habilidade, id_faixa_ano) values (14, 4);
insert into habilidade_faixa_ano (id_habilidade, id_faixa_ano) values (15, 4);
insert into habilidade_faixa_ano (id_habilidade, id_faixa_ano) values (16, 4);
insert into habilidade_faixa_ano (id_habilidade, id_faixa_ano) values (17, 4);
insert into habilidade_faixa_ano (id_habilidade, id_faixa_ano) values (18, 4);
insert into habilidade_faixa_ano (id_habilidade, id_faixa_ano) values (19, 4);
insert into habilidade_faixa_ano (id_habilidade, id_faixa_ano) values (20, 4);

insert into habilidade_faixa_ano (id_habilidade, id_faixa_ano) values (27, 5);
insert into habilidade_faixa_ano (id_habilidade, id_faixa_ano) values (28, 5);
insert into habilidade_faixa_ano (id_habilidade, id_faixa_ano) values (29, 5);
insert into habilidade_faixa_ano (id_habilidade, id_faixa_ano) values (30, 5);
insert into habilidade_faixa_ano (id_habilidade, id_faixa_ano) values (31, 5);
insert into habilidade_faixa_ano (id_habilidade, id_faixa_ano) values (32, 5);
insert into habilidade_faixa_ano (id_habilidade, id_faixa_ano) values (33, 5);
insert into habilidade_faixa_ano (id_habilidade, id_faixa_ano) values (34, 5);
insert into habilidade_faixa_ano (id_habilidade, id_faixa_ano) values (35, 5);
insert into habilidade_faixa_ano (id_habilidade, id_faixa_ano) values (36, 5);
insert into habilidade_faixa_ano (id_habilidade, id_faixa_ano) values (37, 5);
insert into habilidade_faixa_ano (id_habilidade, id_faixa_ano) values (38, 5);
insert into habilidade_faixa_ano (id_habilidade, id_faixa_ano) values (39, 5);
insert into habilidade_faixa_ano (id_habilidade, id_faixa_ano) values (40, 5);
insert into habilidade_faixa_ano (id_habilidade, id_faixa_ano) values (41, 5);
insert into habilidade_faixa_ano (id_habilidade, id_faixa_ano) values (42, 5);
insert into habilidade_faixa_ano (id_habilidade, id_faixa_ano) values (43, 5);
insert into habilidade_faixa_ano (id_habilidade, id_faixa_ano) values (44, 5);
insert into habilidade_faixa_ano (id_habilidade, id_faixa_ano) values (45, 5);
insert into habilidade_faixa_ano (id_habilidade, id_faixa_ano) values (46, 5);
insert into habilidade_faixa_ano (id_habilidade, id_faixa_ano) values (47, 5);


insert into habilidade_faixa_ano (id_habilidade, id_faixa_ano) values (95, 6);
insert into habilidade_faixa_ano (id_habilidade, id_faixa_ano) values (96, 6);
insert into habilidade_faixa_ano (id_habilidade, id_faixa_ano) values (97, 6);
insert into habilidade_faixa_ano (id_habilidade, id_faixa_ano) values (98, 6);
insert into habilidade_faixa_ano (id_habilidade, id_faixa_ano) values (99, 6);
insert into habilidade_faixa_ano (id_habilidade, id_faixa_ano) values (100, 6);
insert into habilidade_faixa_ano (id_habilidade, id_faixa_ano) values (101, 6);
insert into habilidade_faixa_ano (id_habilidade, id_faixa_ano) values (102, 6);
insert into habilidade_faixa_ano (id_habilidade, id_faixa_ano) values (103, 6);
insert into habilidade_faixa_ano (id_habilidade, id_faixa_ano) values (104, 6);
insert into habilidade_faixa_ano (id_habilidade, id_faixa_ano) values (105, 6);
insert into habilidade_faixa_ano (id_habilidade, id_faixa_ano) values (106, 6);
insert into habilidade_faixa_ano (id_habilidade, id_faixa_ano) values (107, 6);
insert into habilidade_faixa_ano (id_habilidade, id_faixa_ano) values (108, 6);
insert into habilidade_faixa_ano (id_habilidade, id_faixa_ano) values (109, 6);
insert into habilidade_faixa_ano (id_habilidade, id_faixa_ano) values (110, 6);
insert into habilidade_faixa_ano (id_habilidade, id_faixa_ano) values (111, 6);
insert into habilidade_faixa_ano (id_habilidade, id_faixa_ano) values (112, 6);
insert into habilidade_faixa_ano (id_habilidade, id_faixa_ano) values (113, 6);
insert into habilidade_faixa_ano (id_habilidade, id_faixa_ano) values (114, 6);

insert into habilidade_faixa_ano (id_habilidade, id_faixa_ano) values (122, 7);
insert into habilidade_faixa_ano (id_habilidade, id_faixa_ano) values (123, 7);
insert into habilidade_faixa_ano (id_habilidade, id_faixa_ano) values (124, 7);
insert into habilidade_faixa_ano (id_habilidade, id_faixa_ano) values (125, 7);
insert into habilidade_faixa_ano (id_habilidade, id_faixa_ano) values (126, 7);
insert into habilidade_faixa_ano (id_habilidade, id_faixa_ano) values (127, 7);
insert into habilidade_faixa_ano (id_habilidade, id_faixa_ano) values (128, 7);
insert into habilidade_faixa_ano (id_habilidade, id_faixa_ano) values (129, 7);
insert into habilidade_faixa_ano (id_habilidade, id_faixa_ano) values (130, 7);
insert into habilidade_faixa_ano (id_habilidade, id_faixa_ano) values (131, 7);
insert into habilidade_faixa_ano (id_habilidade, id_faixa_ano) values (132, 7);
insert into habilidade_faixa_ano (id_habilidade, id_faixa_ano) values (133, 7);
insert into habilidade_faixa_ano (id_habilidade, id_faixa_ano) values (134, 7);
insert into habilidade_faixa_ano (id_habilidade, id_faixa_ano) values (135, 7);
insert into habilidade_faixa_ano (id_habilidade, id_faixa_ano) values (136, 7);
insert into habilidade_faixa_ano (id_habilidade, id_faixa_ano) values (137, 7);
insert into habilidade_faixa_ano (id_habilidade, id_faixa_ano) values (138, 7);
insert into habilidade_faixa_ano (id_habilidade, id_faixa_ano) values (139, 7);
insert into habilidade_faixa_ano (id_habilidade, id_faixa_ano) values (140, 7);
insert into habilidade_faixa_ano (id_habilidade, id_faixa_ano) values (141, 7);

insert into habilidade_faixa_ano (id_habilidade, id_faixa_ano) values (179, 8);
insert into habilidade_faixa_ano (id_habilidade, id_faixa_ano) values (180, 8);
insert into habilidade_faixa_ano (id_habilidade, id_faixa_ano) values (181, 8);
insert into habilidade_faixa_ano (id_habilidade, id_faixa_ano) values (182, 8);
insert into habilidade_faixa_ano (id_habilidade, id_faixa_ano) values (183, 8);
insert into habilidade_faixa_ano (id_habilidade, id_faixa_ano) values (184, 8);
insert into habilidade_faixa_ano (id_habilidade, id_faixa_ano) values (185, 8);
insert into habilidade_faixa_ano (id_habilidade, id_faixa_ano) values (186, 8);
insert into habilidade_faixa_ano (id_habilidade, id_faixa_ano) values (187, 8);
insert into habilidade_faixa_ano (id_habilidade, id_faixa_ano) values (188, 8);
insert into habilidade_faixa_ano (id_habilidade, id_faixa_ano) values (189, 8);
insert into habilidade_faixa_ano (id_habilidade, id_faixa_ano) values (190, 8);
insert into habilidade_faixa_ano (id_habilidade, id_faixa_ano) values (191, 8);
insert into habilidade_faixa_ano (id_habilidade, id_faixa_ano) values (192, 8);
insert into habilidade_faixa_ano (id_habilidade, id_faixa_ano) values (193, 8);
insert into habilidade_faixa_ano (id_habilidade, id_faixa_ano) values (194, 8);
insert into habilidade_faixa_ano (id_habilidade, id_faixa_ano) values (195, 8);
insert into habilidade_faixa_ano (id_habilidade, id_faixa_ano) values (196, 8);
insert into habilidade_faixa_ano (id_habilidade, id_faixa_ano) values (197, 8);
insert into habilidade_faixa_ano (id_habilidade, id_faixa_ano) values (198, 8);
insert into habilidade_faixa_ano (id_habilidade, id_faixa_ano) values (199, 8);

insert into habilidade_faixa_ano (id_habilidade, id_faixa_ano) values (207, 9);
insert into habilidade_faixa_ano (id_habilidade, id_faixa_ano) values (208, 9);
insert into habilidade_faixa_ano (id_habilidade, id_faixa_ano) values (209, 9);
insert into habilidade_faixa_ano (id_habilidade, id_faixa_ano) values (210, 9);
insert into habilidade_faixa_ano (id_habilidade, id_faixa_ano) values (211, 9);
insert into habilidade_faixa_ano (id_habilidade, id_faixa_ano) values (212, 9);
insert into habilidade_faixa_ano (id_habilidade, id_faixa_ano) values (213, 9);
insert into habilidade_faixa_ano (id_habilidade, id_faixa_ano) values (214, 9);
insert into habilidade_faixa_ano (id_habilidade, id_faixa_ano) values (215, 9);
insert into habilidade_faixa_ano (id_habilidade, id_faixa_ano) values (216, 9);
insert into habilidade_faixa_ano (id_habilidade, id_faixa_ano) values (217, 9);
insert into habilidade_faixa_ano (id_habilidade, id_faixa_ano) values (218, 9);
insert into habilidade_faixa_ano (id_habilidade, id_faixa_ano) values (219, 9);
insert into habilidade_faixa_ano (id_habilidade, id_faixa_ano) values (220, 9);
insert into habilidade_faixa_ano (id_habilidade, id_faixa_ano) values (221, 9);
insert into habilidade_faixa_ano (id_habilidade, id_faixa_ano) values (222, 9);
insert into habilidade_faixa_ano (id_habilidade, id_faixa_ano) values (223, 9);
insert into habilidade_faixa_ano (id_habilidade, id_faixa_ano) values (224, 9);
insert into habilidade_faixa_ano (id_habilidade, id_faixa_ano) values (225, 9);
insert into habilidade_faixa_ano (id_habilidade, id_faixa_ano) values (226, 9);
insert into habilidade_faixa_ano (id_habilidade, id_faixa_ano) values (227, 9);

insert into habilidade_faixa_ano (id_habilidade, id_faixa_ano) values (313, 10);
insert into habilidade_faixa_ano (id_habilidade, id_faixa_ano) values (314, 10);
insert into habilidade_faixa_ano (id_habilidade, id_faixa_ano) values (315, 10);
insert into habilidade_faixa_ano (id_habilidade, id_faixa_ano) values (316, 10);
insert into habilidade_faixa_ano (id_habilidade, id_faixa_ano) values (317, 10);
insert into habilidade_faixa_ano (id_habilidade, id_faixa_ano) values (318, 10);
insert into habilidade_faixa_ano (id_habilidade, id_faixa_ano) values (319, 10);
insert into habilidade_faixa_ano (id_habilidade, id_faixa_ano) values (320, 10);
insert into habilidade_faixa_ano (id_habilidade, id_faixa_ano) values (321, 10);
insert into habilidade_faixa_ano (id_habilidade, id_faixa_ano) values (322, 10);
insert into habilidade_faixa_ano (id_habilidade, id_faixa_ano) values (323, 10);
insert into habilidade_faixa_ano (id_habilidade, id_faixa_ano) values (324, 10);
insert into habilidade_faixa_ano (id_habilidade, id_faixa_ano) values (325, 10);
insert into habilidade_faixa_ano (id_habilidade, id_faixa_ano) values (326, 10);

insert into habilidade_faixa_ano (id_habilidade, id_faixa_ano) values (350, 11);
insert into habilidade_faixa_ano (id_habilidade, id_faixa_ano) values (351, 11);
insert into habilidade_faixa_ano (id_habilidade, id_faixa_ano) values (352, 11);
insert into habilidade_faixa_ano (id_habilidade, id_faixa_ano) values (353, 11);
insert into habilidade_faixa_ano (id_habilidade, id_faixa_ano) values (354, 11);
insert into habilidade_faixa_ano (id_habilidade, id_faixa_ano) values (355, 11);
insert into habilidade_faixa_ano (id_habilidade, id_faixa_ano) values (356, 11);
insert into habilidade_faixa_ano (id_habilidade, id_faixa_ano) values (357, 11);
insert into habilidade_faixa_ano (id_habilidade, id_faixa_ano) values (358, 11);
insert into habilidade_faixa_ano (id_habilidade, id_faixa_ano) values (359, 11);
insert into habilidade_faixa_ano (id_habilidade, id_faixa_ano) values (360, 11);
insert into habilidade_faixa_ano (id_habilidade, id_faixa_ano) values (361, 11);
insert into habilidade_faixa_ano (id_habilidade, id_faixa_ano) values (362, 11);
insert into habilidade_faixa_ano (id_habilidade, id_faixa_ano) values (363, 11);
insert into habilidade_faixa_ano (id_habilidade, id_faixa_ano) values (364, 11);
insert into habilidade_faixa_ano (id_habilidade, id_faixa_ano) values (365, 11);
insert into habilidade_faixa_ano (id_habilidade, id_faixa_ano) values (366, 11);
insert into habilidade_faixa_ano (id_habilidade, id_faixa_ano) values (367, 11);
insert into habilidade_faixa_ano (id_habilidade, id_faixa_ano) values (368, 11);
insert into habilidade_faixa_ano (id_habilidade, id_faixa_ano) values (369, 11);
insert into habilidade_faixa_ano (id_habilidade, id_faixa_ano) values (370, 11);

insert into habilidade_faixa_ano (id_habilidade, id_faixa_ano) values (371, 12);
insert into habilidade_faixa_ano (id_habilidade, id_faixa_ano) values (372, 12);
insert into habilidade_faixa_ano (id_habilidade, id_faixa_ano) values (373, 12);
insert into habilidade_faixa_ano (id_habilidade, id_faixa_ano) values (374, 12);
insert into habilidade_faixa_ano (id_habilidade, id_faixa_ano) values (375, 12);
insert into habilidade_faixa_ano (id_habilidade, id_faixa_ano) values (376, 12);
insert into habilidade_faixa_ano (id_habilidade, id_faixa_ano) values (377, 12);
insert into habilidade_faixa_ano (id_habilidade, id_faixa_ano) values (378, 12);
insert into habilidade_faixa_ano (id_habilidade, id_faixa_ano) values (379, 12);
insert into habilidade_faixa_ano (id_habilidade, id_faixa_ano) values (380, 12);
insert into habilidade_faixa_ano (id_habilidade, id_faixa_ano) values (381, 12);
insert into habilidade_faixa_ano (id_habilidade, id_faixa_ano) values (382, 12);
insert into habilidade_faixa_ano (id_habilidade, id_faixa_ano) values (383, 12);
insert into habilidade_faixa_ano (id_habilidade, id_faixa_ano) values (384, 12);
insert into habilidade_faixa_ano (id_habilidade, id_faixa_ano) values (385, 12);
insert into habilidade_faixa_ano (id_habilidade, id_faixa_ano) values (386, 12);
insert into habilidade_faixa_ano (id_habilidade, id_faixa_ano) values (387, 12);
insert into habilidade_faixa_ano (id_habilidade, id_faixa_ano) values (388, 12);
insert into habilidade_faixa_ano (id_habilidade, id_faixa_ano) values (389, 12);
insert into habilidade_faixa_ano (id_habilidade, id_faixa_ano) values (390, 12);
insert into habilidade_faixa_ano (id_habilidade, id_faixa_ano) values (391, 12);

--ensino médio
insert into competencia (id, descricao, id_nivel, id_componente, codigo, bncc, geral, ativo) values (95, 'Valorizar e utilizar os conhecimentos historicamente construídos sobre o mundo físico, social, cultural e digital para entender e explicar a realidade, continuar aprendendo e colaborar para a construção de uma sociedade justa, democrática e inclusiva.', 3, Null, 'C0001', true, true, true);
insert into competencia (id, descricao, id_nivel, id_componente, codigo, bncc, geral, ativo) values (96, 'Exercitar a curiosidade intelectual e recorrer à abordagem própria das ciências, incluindo a investigação, a reflexão, a análise crítica, a imaginação e a criatividade, para investigar causas, elaborar e testar hipóteses, formular e resolver problemas e criar soluções (inclusive tecnológicas) com base nos conhecimentos das diferentes áreas.', 3, Null, 'C0002', true, true, true);
insert into competencia (id, descricao, id_nivel, id_componente, codigo, bncc, geral, ativo) values (97, 'Valorizar e fruir as diversas manifestações artísticas e culturais, das locais às mundiais, e também participar de práticas diversificadas da produção artístico-cultural.', 3, Null, 'C0003', true, true, true);
insert into competencia (id, descricao, id_nivel, id_componente, codigo, bncc, geral, ativo) values (98, 'Utilizar diferentes linguagens – verbal (oral ou visual-motora, como Libras, e escrita), corporal, visual, sonora e digital –, bem como conhecimentos das linguagens artística, matemática e científica, para se expressar e partilhar informações, experiências, ideias e sentimentos em diferentes contextos e produzir sentidos que levem ao entendimento mútuo.', 3, Null, 'C0004', true, true, true);
insert into competencia (id, descricao, id_nivel, id_componente, codigo, bncc, geral, ativo) values (99, 'Compreender, utilizar e criar tecnologias digitais de informação e comunicação de forma crítica, significativa, reflexiva e ética nas diversas práticas sociais (incluindo as escolares) para se comunicar, acessar e disseminar informações, produzir conhecimentos, resolver problemas e exercer protagonismo e autoria na vida pessoal e coletiva.', 3, Null, 'C0005', true, true, true);
insert into competencia (id, descricao, id_nivel, id_componente, codigo, bncc, geral, ativo) values (100, 'Valorizar a diversidade de saberes e vivências culturais e apropriar-se de conhecimentos e experiências que lhe possibilitem entender as relações próprias do mundo do trabalho e fazer escolhas alinhadas ao exercício da cidadania e ao seu projeto de vida, com liberdade, autonomia, consciência crítica e responsabilidade.', 3, Null, 'C0006', true, true, true);
insert into competencia (id, descricao, id_nivel, id_componente, codigo, bncc, geral, ativo) values (101, 'Argumentar com base em fatos, dados e informações confiáveis, para formular, negociar e defender ideias, pontos de vista e decisões comuns que respeitem e promovam os direitos humanos, a consciência socioambiental e o consumo responsável em âmbito local, regional e global, com posicionamento ético em relação ao cuidado de si mesmo, dos outros e do planeta.', 3, Null, 'C0007', true, true, true);
insert into competencia (id, descricao, id_nivel, id_componente, codigo, bncc, geral, ativo) values (102, 'Conhecer-se, apreciar-se e cuidar de sua saúde física e emocional, compreendendo-se na diversidade humana e reconhecendo suas emoções e as dos outros, com autocrítica e capacidade para lidar com elas.', 3, Null, 'C0008', true, true, true);
insert into competencia (id, descricao, id_nivel, id_componente, codigo, bncc, geral, ativo) values (103, 'Exercitar a empatia, o diálogo, a resolução de conflitos e a cooperação,fazendo-se respeitar e promovendo o respeito ao outro e aos direitos humanos, com acolhimento e valorização da diversidade de indivíduos e de grupos sociais, seus saberes, identidades, culturas e potencialidades, sem preconceitos de qualquer natureza.', 3, Null, 'C0009', true, true, true);
insert into competencia (id, descricao, id_nivel, id_componente, codigo, bncc, geral, ativo) values (104, 'Agir pessoal e coletivamente com autonomia, responsabilidade, flexibilidade, resiliência e determinação, tomando decisões com base em princípios éticos, democráticos, inclusivos, sustentáveis e solidários.', 3, Null, 'C0010', true, true, true);

insert into competencia (id, descricao, id_nivel, id_componente, codigo, bncc, geral, ativo) values (105, 'Compreender o funcionamento das diferentes linguagens e práticas culturais (artísticas, corporais e verbais) e mobilizar esses conhecimentos na recepção e produção de discursos nos diferentes campos de atuação social e nas diversas mídias, para ampliar as formas de participação social, o entendimento e as possibilidades de explicação e interpretação crítica da realidade e para continuar aprendendo.', 3, 12, 'C0011', true, false, true);
insert into competencia (id, descricao, id_nivel, id_componente, codigo, bncc, geral, ativo) values (106, 'Compreender os processos identitários, conflitos e relações de poder que permeiam as práticas sociais de linguagem, respeitando as diversidades e a pluralidade de ideias e posições, e atuar socialmente com base em princípios e valores assentados na democracia, na igualdade e nos Direitos Humanos, exercitando o autoconhecimento, a empatia, o diálogo, a resolução de conflitos e a cooperação, e combatendo preconceitos de qualquer natureza.', 3, 12, 'C0012', true, false, true);
insert into competencia (id, descricao, id_nivel, id_componente, codigo, bncc, geral, ativo) values (107, 'Utilizar diferentes linguagens (artísticas, corporais e verbais) para exercer, com autonomia e colaboração, protagonismo e autoria na vida pessoal e coletiva, de forma crítica, criativa, ética e solidária, defendendo pontos de vista que respeitem o outro e promovam os Direitos Humanos, a consciência socioambiental e o consumo responsável, em âmbito local, regional e global.', 3, 12, 'C0013', true, false, true);
insert into competencia (id, descricao, id_nivel, id_componente, codigo, bncc, geral, ativo) values (108, 'Compreender as línguas como fenômeno (geo)político, histórico, cultural, social, variável, heterogêneo e sensível aos contextos de uso, reconhecendo suas variedades e vivenciando-as como formas de expressões identitárias, pessoais e coletivas, bem como agindo no enfrentamento de preconceitos de qualquer natureza.', 3, 12, 'C0014', true, false, true);
insert into competencia (id, descricao, id_nivel, id_componente, codigo, bncc, geral, ativo) values (109, 'Compreender  os  processos  de  produção  e  negociação  de  sentidos  nas  práticas  corporais, reconhecendo-as e vivenciando-as como formas de expressão de valores e identidades, em uma perspectiva democrática e de respeito à diversidade.', 3, 12, 'C0015', true, false, true);
insert into competencia (id, descricao, id_nivel, id_componente, codigo, bncc, geral, ativo) values (110, 'Apreciar  esteticamente  as  mais  diversas  produções  artísticas  e  culturais,  considerando  suas características  locais,  regionais  e  globais,  e  mobilizar  seus  conhecimentos  sobre  as  linguagens artísticas para dar significado e (re)construir produções autorais individuais e coletivas, exercendo protagonismo de maneira crítica e criativa, com respeito à diversidade de saberes, identidades e culturas.', 3, 12, 'C0016', true, false, true);
insert into competencia (id, descricao, id_nivel, id_componente, codigo, bncc, geral, ativo) values (111, 'Mobilizar práticas de linguagem no universo digital, considerando as dimensões técnicas, críticas, criativas, éticas e estéticas, para expandir as formas de produzir sentidos, de engajar-se em práticas autorais e coletivas, e de aprender a aprender nos campos da ciência, cultura, trabalho, informação e vida pessoal e coletiva.', 3, 12, 'C0017', true, false, true);

insert into competencia (id, descricao, id_nivel, id_componente, codigo, bncc, geral, ativo) values (112, 'Utilizar estratégias, conceitos e procedimentos matemáticos para interpretar situações em diversos contextos, sejam atividades cotidianas, sejam fatos das Ciências da Natureza e Humanas, das questões socioeconômicas ou tecnológicas, divulgados por diferentes meios, de modo a contribuir para uma formação geral.', 3, 13, 'C0018', true, false, true);
insert into competencia (id, descricao, id_nivel, id_componente, codigo, bncc, geral, ativo) values (113, 'Propor ou participar de ações para investigar desafios do mundo contemporâneo e tomar decisões éticas e socialmente responsáveis, com base na análise de problemas sociais, como os voltados a situações  de  saúde,  sustentabilidade,  das  implicações  da  tecnologia  no  mundo  do  trabalho,  entre outros, mobilizando e articulando conceitos, procedimentos e linguagens próprios da Matemática.', 3, 13, 'C0019', true, false, true);
insert into competencia (id, descricao, id_nivel, id_componente, codigo, bncc, geral, ativo) values (114, 'Utilizar  estratégias,  conceitos,  definições  e  procedimentos  matemáticos  para  interpretar,  construir modelos e resolver problemas em diversos contextos, analisando a plausibilidade dos resultados e a adequação das soluções propostas, de modo a construir argumentação consistente.', 3, 13, 'C0020', true, false, true);
insert into competencia (id, descricao, id_nivel, id_componente, codigo, bncc, geral, ativo) values (115, 'Compreender e utilizar, com flexibilidade e precisão, diferentes registros de representação matemáticos (algébrico,  geométrico,  estatístico,  computacional  etc.),  na  busca  de  solução  e  comunicação  de resultados de problemas.', 3, 13, 'C0021', true, false, true);
insert into competencia (id, descricao, id_nivel, id_componente, codigo, bncc, geral, ativo) values (116, 'Investigar e estabelecer conjecturas a respeito de diferentes conceitos e propriedades matemáticas, empregando  estratégias  e  recursos,  como  observação  de  padrões,  experimentações  e  diferentes tecnologias,  identificando  a  necessidade,  ou  não,  de  uma  demonstração  cada  vez  mais  formal  na validação das referidas conjecturas.', 3, 13, 'C0022', true, false, true);

insert into competencia (id, descricao, id_nivel, id_componente, codigo, bncc, geral, ativo) values (117, 'Analisar  fenômenos  naturais  e  processos  tecnológicos,  com  base  nas  interações  e  relações  entre matéria e energia, para propor ações individuais e coletivas que aperfeiçoem processos produtivos, minimizem impactos socioambientais e melhorem as condições de vida em âmbito local, regional e global.', 3, 14, 'C0023', true, false, true);
insert into competencia (id, descricao, id_nivel, id_componente, codigo, bncc, geral, ativo) values (118, 'Analisar  e  utilizar  interpretações  sobre  a  dinâmica  da  Vida,  da  Terra  e  do  Cosmos  para  elaborar argumentos, realizar previsões sobre o funcionamento e a evolução dos seres vivos e do Universo, e fundamentar e defender decisões éticas e responsáveis.', 3, 14, 'C0024', true, false, true);
insert into competencia (id, descricao, id_nivel, id_componente, codigo, bncc, geral, ativo) values (119, 'Investigar  situações-problema  e  avaliar  aplicações  do  conhecimento  científico  e  tecnológico  e  suas implicações no mundo, utilizando procedimentos e linguagens  próprios  das  Ciências  da  Natureza, para propor soluções que considerem demandas locais, regionais e/ou globais, e comunicar suas descobertas e conclusões a públicos variados, em diversos contextos e por meio de diferentes mídias e tecnologias digitais de informação e comunicação (TDIC).', 3, 14, 'C0025', true, false, true);

insert into competencia (id, descricao, id_nivel, id_componente, codigo, bncc, geral, ativo) values (120, 'Analisar processos políticos, econômicos, sociais, ambientais e culturais nos âmbitos local, regional, nacional e mundial em diferentes tempos, a partir da pluralidade de procedimentos epistemológicos, científicos e tecnológicos, de modo a compreender e posicionar-se criticamente em relação a eles, considerando diferentes pontos de vista e tomando decisões baseadas em argumentos e fontes de natureza científica.', 3, 15, 'C0026', true, false, true);
insert into competencia (id, descricao, id_nivel, id_componente, codigo, bncc, geral, ativo) values (121, 'Analisar a formação de territórios e fronteiras em diferentes tempos e espaços, mediante a compreensão das relações de poder que determinam as territorialidades e o papel geopolítico dos Estados-nações.', 3, 15, 'C0027', true, false, true);
insert into competencia (id, descricao, id_nivel, id_componente, codigo, bncc, geral, ativo) values (122, 'Analisar e avaliar criticamente as relações de diferentes grupos, povos e sociedades com a natureza (produção,  distribuição  e  consumo)  e  seus  impactos  econômicos  e  socioambientais,  com  vistas  à proposição  de  alternativas  que  respeitem  e  promovam  a  consciência,  a  ética  socioambiental  e  o consumo responsável em âmbito local, regional, nacional e global.', 3, 15, 'C0028', true, false, true);
insert into competencia (id, descricao, id_nivel, id_componente, codigo, bncc, geral, ativo) values (123, 'Analisar as relações de produção, capital e trabalho em diferentes territórios, contextos e culturas, discutindo o papel dessas relações na construção, consolidação e transformação das sociedades.', 3, 15, 'C0029', true, false, true);
insert into competencia (id, descricao, id_nivel, id_componente, codigo, bncc, geral, ativo) values (124, 'Identificar e combater as diversas formas de injustiça, preconceito e violência, adotando princípios éticos, democráticos, inclusivos e solidários, e respeitando os Direitos Humanos.', 3, 15, 'C0030', true, false, true);
insert into competencia (id, descricao, id_nivel, id_componente, codigo, bncc, geral, ativo) values (125, 'Participar  do  debate  público  de  forma  crítica,  respeitando  diferentes  posições  e  fazendo  escolhas alinhadas ao exercício da cidadania e ao seu projeto de vida, com liberdade, autonomia, consciência crítica e responsabilidade.', 3, 15, 'C0031', true, false, true);

insert into habilidade (id, id_componente, codigo, bncc, ativo, descricao, campo_atuacao, pratica_liguagem, objeto_conhecimento, unidade_tematica) values (1402, 15, 'EM13CHS101', true, true, 'Identificar, analisar e comparar diferentes fontes e narrativas expressas em diversas linguagens, com vistas à compreensão de ideias filosóficas e de processos e eventos históricos, geográficos, políticos, econômicos, sociais, ambientais e culturais', Null, Null, Null, Null);
insert into habilidade (id, id_componente, codigo, bncc, ativo, descricao, campo_atuacao, pratica_liguagem, objeto_conhecimento, unidade_tematica) values (1403, 15, 'EM13CHS102', true, true, 'Identificar, analisar e discutir as circunstâncias históricas, geográficas, políticas, econômicas, sociais, ambientais e culturais de matrizes conceituais (etnocentrismo, racismo, evolução, modernidade, cooperativismo/desenvolvimento etc), avaliando criticamente seu significado histórico e comparando-as a narrativas que contemplem outros agentes e discursos', Null, Null, Null, Null);
insert into habilidade (id, id_componente, codigo, bncc, ativo, descricao, campo_atuacao, pratica_liguagem, objeto_conhecimento, unidade_tematica) values (1404, 15, 'EM13CHS103', true, true, 'Elaborar hipóteses, selecionar evidências e compor argumentos relativos a processos políticos, econômicos, sociais, ambientais, culturais e epistemológicos, com base na sistematização de dados e informações de diversas naturezas (expressões artísticas, textos filosóficos e sociológicos, documentos históricos e geográficos, gráficos, mapas, tabelas, tradições orais, entre outros)', Null, Null, Null, Null);
insert into habilidade (id, id_componente, codigo, bncc, ativo, descricao, campo_atuacao, pratica_liguagem, objeto_conhecimento, unidade_tematica) values (1405, 15, 'EM13CHS104', true, true, 'Analisar objetos e vestígios da cultura material e imaterial de modo a identificar conhecimentos, valores, crenças e práticas que caracterizam a identidade e a diversidade cultural de diferentes sociedades inseridas no tempo e no espaço', Null, Null, Null, Null);
insert into habilidade (id, id_componente, codigo, bncc, ativo, descricao, campo_atuacao, pratica_liguagem, objeto_conhecimento, unidade_tematica) values (1406, 15, 'EM13CHS105', true, true, 'Identificar, contextualizar e criticar tipologias evolutivas (populações nômades e sedentárias, entre outras) e oposições dicotômicas (cidade/campo, cultura/ natureza, civilizados/bárbaros, razão/emoção, material/virtual etc), explicitando suas ambiguidades', Null, Null, Null, Null);
insert into habilidade (id, id_componente, codigo, bncc, ativo, descricao, campo_atuacao, pratica_liguagem, objeto_conhecimento, unidade_tematica) values (1407, 15, 'EM13CHS106', true, true, 'Utilizar as linguagens cartográfica, gráfica e iconográfica, diferentes gêneros textuais e tecnologias digitais de informação e comunicação de forma crítica, significativa, reflexiva e ética nas diversas práticas sociais, incluindo as escolares, para se comunicar, acessar e difundir informações, produzir conhecimentos, resolver problemas e exercer protagonismo e autoria na vida pessoal e coletiva', Null, Null, Null, Null);
insert into habilidade (id, id_componente, codigo, bncc, ativo, descricao, campo_atuacao, pratica_liguagem, objeto_conhecimento, unidade_tematica) values (1408, 15, 'EM13CHS201', true, true, 'Analisar e caracterizar as dinâmicas das populações, das mercadorias e do capital nos diversos continentes, com destaque para a mobilidade e a fixação de pessoas, grupos humanos e povos, em função de eventos naturais, políticos, econômicos, sociais, religiosos e culturais, de modo a compreender e posicionar-se criticamente em relação a esses processos e às possíveis relações entre eles', Null, Null, Null, Null);
insert into habilidade (id, id_componente, codigo, bncc, ativo, descricao, campo_atuacao, pratica_liguagem, objeto_conhecimento, unidade_tematica) values (1409, 15, 'EM13CHS202', true, true, 'Analisar e avaliar os impactos das tecnologias na estruturação e nas dinâmicas de grupos, povos e sociedades contemporâneos (fluxos populacionais, financeiros, de mercadorias, de informações, de valores éticos e culturais etc), bem como suas interferências nas decisões políticas, sociais, ambientais, econômicas e culturais', Null, Null, Null, Null);
insert into habilidade (id, id_componente, codigo, bncc, ativo, descricao, campo_atuacao, pratica_liguagem, objeto_conhecimento, unidade_tematica) values (1410, 15, 'EM13CHS203', true, true, 'Comparar os significados de território, fronteiras e vazio (espacial, temporal e cultural) em diferentes sociedades, contextualizando e relativizando visões dualistas (civilização/barbárie, nomadismo/sedentarismo, esclarecimento/obscurantismo, cidade/campo, entre outras)', Null, Null, Null, Null);
insert into habilidade (id, id_componente, codigo, bncc, ativo, descricao, campo_atuacao, pratica_liguagem, objeto_conhecimento, unidade_tematica) values (1411, 15, 'EM13CHS204', true, true, 'Comparar e avaliar os processos de ocupação do espaço e a formação de territórios, territorialidades e fronteiras, identificando o papel de diferentes agentes (como grupos sociais e culturais, impérios, Estados Nacionais e organismos internacionais) e considerando os conflitos populacionais (internos e externos), a diversidade étnico-cultural e as características socioeconômicas, políticas e tecnológicas', Null, Null, Null, Null);
insert into habilidade (id, id_componente, codigo, bncc, ativo, descricao, campo_atuacao, pratica_liguagem, objeto_conhecimento, unidade_tematica) values (1412, 15, 'EM13CHS205', true, true, 'Analisar a produção de diferentes territorialidades em suas dimensões culturais, econômicas, ambientais, políticas e sociais, no Brasil e no mundo contemporâneo, com destaque para as culturas juvenis', Null, Null, Null, Null);
insert into habilidade (id, id_componente, codigo, bncc, ativo, descricao, campo_atuacao, pratica_liguagem, objeto_conhecimento, unidade_tematica) values (1413, 15, 'EM13CHS206', true, true, 'Analisar a ocupação humana e a produção do espaço em diferentes tempos, aplicando os princípios de localização, distribuição, ordem, extensão, conexão, arranjos, casualidade, entre outros que contribuem para o raciocínio geográfico', Null, Null, Null, Null);
insert into habilidade (id, id_componente, codigo, bncc, ativo, descricao, campo_atuacao, pratica_liguagem, objeto_conhecimento, unidade_tematica) values (1414, 15, 'EM13CHS301', true, true, 'Problematizar hábitos e práticas individuais e coletivos de produção, reaproveitamento e descarte de resíduos em metrópoles, áreas urbanas e rurais, e comunidades com diferentes características socioeconômicas, e elaborar e/ou selecionar propostas de ação que promovam a sustentabilidade socioambiental, o combate à poluição sistêmica e o consumo responsável', Null, Null, Null, Null);
insert into habilidade (id, id_componente, codigo, bncc, ativo, descricao, campo_atuacao, pratica_liguagem, objeto_conhecimento, unidade_tematica) values (1415, 15, 'EM13CHS302', true, true, 'Analisar e avaliar criticamente os impactos econômicos e socioambientais de cadeias produtivas ligadas à exploração de recursos naturais e às atividades agropecuárias em diferentes ambientes e escalas de análise, considerando o modo de vida das populações locais - entre elas as indígenas, quilombolas e demais comunidades tradicionais -, suas práticas agroextrativistas e o compromisso com a sustentabilidade', Null, Null, Null, Null);
insert into habilidade (id, id_componente, codigo, bncc, ativo, descricao, campo_atuacao, pratica_liguagem, objeto_conhecimento, unidade_tematica) values (1416, 15, 'EM13CHS303', true, true, 'Debater e avaliar o papel da indústria cultural e das culturas de massa no estímulo ao consumismo, seus impactos econômicos e socioambientais, com vistas à percepção crítica das necessidades criadas pelo consumo e à adoção de hábitos sustentáveis', Null, Null, Null, Null);
insert into habilidade (id, id_componente, codigo, bncc, ativo, descricao, campo_atuacao, pratica_liguagem, objeto_conhecimento, unidade_tematica) values (1417, 15, 'EM13CHS304', true, true, 'Analisar os impactos socioambientais decorrentes de práticas de instituições governamentais, de empresas e de indivíduos, discutindo as origens dessas práticas, selecionando, incorporando e promovendo aquelas que favoreçam a consciência e a ética socioambiental e o consumo responsável', Null, Null, Null, Null);
insert into habilidade (id, id_componente, codigo, bncc, ativo, descricao, campo_atuacao, pratica_liguagem, objeto_conhecimento, unidade_tematica) values (1418, 15, 'EM13CHS305', true, true, 'Analisar e discutir o papel e as competências legais dos organismos nacionais e internacionais de regulação, controle e fiscalização ambiental e dos acordos internacionais para a promoção e a garantia de práticas ambientais sustentáveis', Null, Null, Null, Null);
insert into habilidade (id, id_componente, codigo, bncc, ativo, descricao, campo_atuacao, pratica_liguagem, objeto_conhecimento, unidade_tematica) values (1419, 15, 'EM13CHS306', true, true, 'Contextualizar, comparar e avaliar os impactos de diferentes modelos socioeconômicos no uso dos recursos naturais e na promoção da sustentabilidade econômica e socioambiental do planeta (como a adoção dos sistemas da agrobiodiversidade e agroflorestal por diferentes comunidades, entre outros)', Null, Null, Null, Null);
insert into habilidade (id, id_componente, codigo, bncc, ativo, descricao, campo_atuacao, pratica_liguagem, objeto_conhecimento, unidade_tematica) values (1420, 15, 'EM13CHS401', true, true, 'Identificar e analisar as relações entre sujeitos, grupos, classes sociais e sociedades com culturas distintas diante das transformações técnicas, tecnológicas e informacionais e das novas formas de trabalho ao longo do tempo, em diferentes espaços (urbanos e rurais) e contextos', Null, Null, Null, Null);
insert into habilidade (id, id_componente, codigo, bncc, ativo, descricao, campo_atuacao, pratica_liguagem, objeto_conhecimento, unidade_tematica) values (1421, 15, 'EM13CHS402', true, true, 'Analisar e comparar indicadores de emprego, trabalho e renda em diferentes espaços, escalas e tempos, associando-os a processos de estratificação e desigualdade socioeconômica', Null, Null, Null, Null);
insert into habilidade (id, id_componente, codigo, bncc, ativo, descricao, campo_atuacao, pratica_liguagem, objeto_conhecimento, unidade_tematica) values (1422, 15, 'EM13CHS403', true, true, 'Caracterizar e analisar os impactos das transformações tecnológicas nas relações sociais e de trabalho próprias da contemporaneidade, promovendo ações voltadas à superação das desigualdades sociais, da opressão e da violação dos Direitos Humanos', Null, Null, Null, Null);
insert into habilidade (id, id_componente, codigo, bncc, ativo, descricao, campo_atuacao, pratica_liguagem, objeto_conhecimento, unidade_tematica) values (1423, 15, 'EM13CHS404', true, true, 'Identificar e discutir os múltiplos aspectos do trabalho em diferentes circunstâncias e contextos históricos e/ou geográficos e seus efeitos sobre as gerações, em especial, os jovens, levando em consideração, na atualidade, as transformações técnicas, tecnológicas e informacionais', Null, Null, Null, Null);
insert into habilidade (id, id_componente, codigo, bncc, ativo, descricao, campo_atuacao, pratica_liguagem, objeto_conhecimento, unidade_tematica) values (1424, 15, 'EM13CHS501', true, true, 'Analisar os fundamentos da ética em diferentes culturas, tempos e espaços, identificando processos que contribuem para a formação de sujeitos éticos que valorizem a liberdade, a cooperação, a autonomia, o empreendedorismo, a convivência democrática e a solidariedade', Null, Null, Null, Null);
insert into habilidade (id, id_componente, codigo, bncc, ativo, descricao, campo_atuacao, pratica_liguagem, objeto_conhecimento, unidade_tematica) values (1425, 15, 'EM13CHS502', true, true, 'Analisar situações da vida cotidiana, estilos de vida, valores, condutas etc, desnaturalizando e problematizando formas de desigualdade, preconceito, intolerância e discriminação, e identificar ações que promovam os Direitos Humanos, a solidariedade e o respeito às diferenças e às liberdades individuais', Null, Null, Null, Null);
insert into habilidade (id, id_componente, codigo, bncc, ativo, descricao, campo_atuacao, pratica_liguagem, objeto_conhecimento, unidade_tematica) values (1426, 15, 'EM13CHS503', true, true, 'Identificar diversas formas de violência (física, simbólica, psicológica etc), suas principais vítimas, suas causas sociais, psicológicas e afetivas, seus significados e usos políticos, sociais e culturais, discutindo e avaliando mecanismos para combatê-las, com base em argumentos éticos', Null, Null, Null, Null);
insert into habilidade (id, id_componente, codigo, bncc, ativo, descricao, campo_atuacao, pratica_liguagem, objeto_conhecimento, unidade_tematica) values (1427, 15, 'EM13CHS504', true, true, 'Analisar e avaliar os impasses ético-políticos decorrentes das transformações culturais, sociais, históricas, científicas e tecnológicas no mundo contemporâneo e seus desdobramentos nas atitudes e nos valores de indivíduos, grupos sociais, sociedades e culturas', Null, Null, Null, Null);
insert into habilidade (id, id_componente, codigo, bncc, ativo, descricao, campo_atuacao, pratica_liguagem, objeto_conhecimento, unidade_tematica) values (1428, 15, 'EM13CHS601', true, true, 'Identificar e analisar as demandas e os protagonismos políticos, sociais e culturais dos povos indígenas e das populações afrodescendentes (incluindo as quilombolas) no Brasil contemporâneo considerando a história das Américas e o contexto de exclusão e inclusão precária desses grupos na ordem social e econômica atual, promovendo ações para a redução das desigualdades étnico-raciais no país', Null, Null, Null, Null);
insert into habilidade (id, id_componente, codigo, bncc, ativo, descricao, campo_atuacao, pratica_liguagem, objeto_conhecimento, unidade_tematica) values (1429, 15, 'EM13CHS602', true, true, 'Identificar e caracterizar a presença do paternalismo, do autoritarismo e do populismo na política, na sociedade e nas culturas brasileira e latino-americana, em períodos ditatoriais e democráticos, relacionando-os com as formas de organização e de articulação das sociedades em defesa da autonomia, da liberdade, do diálogo e da promoção da democracia, da cidadania e dos direitos humanos na sociedade atual', Null, Null, Null, Null);
insert into habilidade (id, id_componente, codigo, bncc, ativo, descricao, campo_atuacao, pratica_liguagem, objeto_conhecimento, unidade_tematica) values (1430, 15, 'EM13CHS603', true, true, 'Analisar a formação de diferentes países, povos e nações e de suas experiências políticas e de exercício da cidadania, aplicando conceitos políticos básicos (Estado, poder, formas, sistemas e regimes de governo, soberania etc)', Null, Null, Null, Null);
insert into habilidade (id, id_componente, codigo, bncc, ativo, descricao, campo_atuacao, pratica_liguagem, objeto_conhecimento, unidade_tematica) values (1431, 15, 'EM13CHS604', true, true, 'Discutir o papel dos organismos internacionais no contexto mundial, com vistas à elaboração de uma visão crítica sobre seus limites e suas formas de atuação nos países, considerando os aspectos positivos e negativos dessa atuação para as populações locais', Null, Null, Null, Null);
insert into habilidade (id, id_componente, codigo, bncc, ativo, descricao, campo_atuacao, pratica_liguagem, objeto_conhecimento, unidade_tematica) values (1432, 15, 'EM13CHS605', true, true, 'Analisar os princípios da declaração dos Direitos Humanos, recorrendo às noções de justiça, igualdade e fraternidade, identificar os progressos e entraves à concretização desses direitos nas diversas sociedades contemporâneas e promover ações concretas diante da desigualdade e das violações desses direitos em diferentes espaços de vivência, respeitando a identidade de cada grupo e de cada indivíduo', Null, Null, Null, Null);
insert into habilidade (id, id_componente, codigo, bncc, ativo, descricao, campo_atuacao, pratica_liguagem, objeto_conhecimento, unidade_tematica) values (1433, 15, 'EM13LGG105', true, true, 'Analisar e experimentar diversos processos de remidiação de produções multissemióticas, multimídia e transmídia, desenvolvendo diferentes modos de participação e intervenção social', Null, Null, Null, Null);

insert into habilidade_faixa_ano (id_habilidade, id_faixa_ano) values (1402, 13);
insert into habilidade_faixa_ano (id_habilidade, id_faixa_ano) values (1403, 13);
insert into habilidade_faixa_ano (id_habilidade, id_faixa_ano) values (1404, 13);
insert into habilidade_faixa_ano (id_habilidade, id_faixa_ano) values (1405, 13);
insert into habilidade_faixa_ano (id_habilidade, id_faixa_ano) values (1406, 13);
insert into habilidade_faixa_ano (id_habilidade, id_faixa_ano) values (1407, 13);
insert into habilidade_faixa_ano (id_habilidade, id_faixa_ano) values (1408, 13);
insert into habilidade_faixa_ano (id_habilidade, id_faixa_ano) values (1409, 13);
insert into habilidade_faixa_ano (id_habilidade, id_faixa_ano) values (1410, 13);
insert into habilidade_faixa_ano (id_habilidade, id_faixa_ano) values (1411, 13);
insert into habilidade_faixa_ano (id_habilidade, id_faixa_ano) values (1412, 13);
insert into habilidade_faixa_ano (id_habilidade, id_faixa_ano) values (1413, 13);
insert into habilidade_faixa_ano (id_habilidade, id_faixa_ano) values (1414, 13);
insert into habilidade_faixa_ano (id_habilidade, id_faixa_ano) values (1415, 13);
insert into habilidade_faixa_ano (id_habilidade, id_faixa_ano) values (1416, 13);
insert into habilidade_faixa_ano (id_habilidade, id_faixa_ano) values (1417, 13);
insert into habilidade_faixa_ano (id_habilidade, id_faixa_ano) values (1418, 13);
insert into habilidade_faixa_ano (id_habilidade, id_faixa_ano) values (1419, 13);
insert into habilidade_faixa_ano (id_habilidade, id_faixa_ano) values (1420, 13);
insert into habilidade_faixa_ano (id_habilidade, id_faixa_ano) values (1421, 13);
insert into habilidade_faixa_ano (id_habilidade, id_faixa_ano) values (1422, 13);
insert into habilidade_faixa_ano (id_habilidade, id_faixa_ano) values (1423, 13);
insert into habilidade_faixa_ano (id_habilidade, id_faixa_ano) values (1424, 13);
insert into habilidade_faixa_ano (id_habilidade, id_faixa_ano) values (1425, 13);
insert into habilidade_faixa_ano (id_habilidade, id_faixa_ano) values (1426, 13);
insert into habilidade_faixa_ano (id_habilidade, id_faixa_ano) values (1427, 13);
insert into habilidade_faixa_ano (id_habilidade, id_faixa_ano) values (1428, 13);
insert into habilidade_faixa_ano (id_habilidade, id_faixa_ano) values (1429, 13);
insert into habilidade_faixa_ano (id_habilidade, id_faixa_ano) values (1430, 13);
insert into habilidade_faixa_ano (id_habilidade, id_faixa_ano) values (1431, 13);
insert into habilidade_faixa_ano (id_habilidade, id_faixa_ano) values (1432, 13);
insert into habilidade_faixa_ano (id_habilidade, id_faixa_ano) values (1433, 13);
insert into habilidade_faixa_ano (id_habilidade, id_faixa_ano) values (1402, 14);
insert into habilidade_faixa_ano (id_habilidade, id_faixa_ano) values (1403, 14);
insert into habilidade_faixa_ano (id_habilidade, id_faixa_ano) values (1404, 14);
insert into habilidade_faixa_ano (id_habilidade, id_faixa_ano) values (1405, 14);
insert into habilidade_faixa_ano (id_habilidade, id_faixa_ano) values (1406, 14);
insert into habilidade_faixa_ano (id_habilidade, id_faixa_ano) values (1407, 14);
insert into habilidade_faixa_ano (id_habilidade, id_faixa_ano) values (1408, 14);
insert into habilidade_faixa_ano (id_habilidade, id_faixa_ano) values (1409, 14);
insert into habilidade_faixa_ano (id_habilidade, id_faixa_ano) values (1410, 14);
insert into habilidade_faixa_ano (id_habilidade, id_faixa_ano) values (1411, 14);
insert into habilidade_faixa_ano (id_habilidade, id_faixa_ano) values (1412, 14);
insert into habilidade_faixa_ano (id_habilidade, id_faixa_ano) values (1413, 14);
insert into habilidade_faixa_ano (id_habilidade, id_faixa_ano) values (1414, 14);
insert into habilidade_faixa_ano (id_habilidade, id_faixa_ano) values (1415, 14);
insert into habilidade_faixa_ano (id_habilidade, id_faixa_ano) values (1416, 14);
insert into habilidade_faixa_ano (id_habilidade, id_faixa_ano) values (1417, 14);
insert into habilidade_faixa_ano (id_habilidade, id_faixa_ano) values (1418, 14);
insert into habilidade_faixa_ano (id_habilidade, id_faixa_ano) values (1419, 14);
insert into habilidade_faixa_ano (id_habilidade, id_faixa_ano) values (1420, 14);
insert into habilidade_faixa_ano (id_habilidade, id_faixa_ano) values (1421, 14);
insert into habilidade_faixa_ano (id_habilidade, id_faixa_ano) values (1422, 14);
insert into habilidade_faixa_ano (id_habilidade, id_faixa_ano) values (1423, 14);
insert into habilidade_faixa_ano (id_habilidade, id_faixa_ano) values (1424, 14);
insert into habilidade_faixa_ano (id_habilidade, id_faixa_ano) values (1425, 14);
insert into habilidade_faixa_ano (id_habilidade, id_faixa_ano) values (1426, 14);
insert into habilidade_faixa_ano (id_habilidade, id_faixa_ano) values (1427, 14);
insert into habilidade_faixa_ano (id_habilidade, id_faixa_ano) values (1428, 14);
insert into habilidade_faixa_ano (id_habilidade, id_faixa_ano) values (1429, 14);
insert into habilidade_faixa_ano (id_habilidade, id_faixa_ano) values (1430, 14);
insert into habilidade_faixa_ano (id_habilidade, id_faixa_ano) values (1431, 14);
insert into habilidade_faixa_ano (id_habilidade, id_faixa_ano) values (1432, 14);
insert into habilidade_faixa_ano (id_habilidade, id_faixa_ano) values (1433, 14);
insert into habilidade_faixa_ano (id_habilidade, id_faixa_ano) values (1402, 15);
insert into habilidade_faixa_ano (id_habilidade, id_faixa_ano) values (1403, 15);
insert into habilidade_faixa_ano (id_habilidade, id_faixa_ano) values (1404, 15);
insert into habilidade_faixa_ano (id_habilidade, id_faixa_ano) values (1405, 15);
insert into habilidade_faixa_ano (id_habilidade, id_faixa_ano) values (1406, 15);
insert into habilidade_faixa_ano (id_habilidade, id_faixa_ano) values (1407, 15);
insert into habilidade_faixa_ano (id_habilidade, id_faixa_ano) values (1408, 15);
insert into habilidade_faixa_ano (id_habilidade, id_faixa_ano) values (1409, 15);
insert into habilidade_faixa_ano (id_habilidade, id_faixa_ano) values (1410, 15);
insert into habilidade_faixa_ano (id_habilidade, id_faixa_ano) values (1411, 15);
insert into habilidade_faixa_ano (id_habilidade, id_faixa_ano) values (1412, 15);
insert into habilidade_faixa_ano (id_habilidade, id_faixa_ano) values (1413, 15);
insert into habilidade_faixa_ano (id_habilidade, id_faixa_ano) values (1414, 15);
insert into habilidade_faixa_ano (id_habilidade, id_faixa_ano) values (1415, 15);
insert into habilidade_faixa_ano (id_habilidade, id_faixa_ano) values (1416, 15);
insert into habilidade_faixa_ano (id_habilidade, id_faixa_ano) values (1417, 15);
insert into habilidade_faixa_ano (id_habilidade, id_faixa_ano) values (1418, 15);
insert into habilidade_faixa_ano (id_habilidade, id_faixa_ano) values (1419, 15);
insert into habilidade_faixa_ano (id_habilidade, id_faixa_ano) values (1420, 15);
insert into habilidade_faixa_ano (id_habilidade, id_faixa_ano) values (1421, 15);
insert into habilidade_faixa_ano (id_habilidade, id_faixa_ano) values (1422, 15);
insert into habilidade_faixa_ano (id_habilidade, id_faixa_ano) values (1423, 15);
insert into habilidade_faixa_ano (id_habilidade, id_faixa_ano) values (1424, 15);
insert into habilidade_faixa_ano (id_habilidade, id_faixa_ano) values (1425, 15);
insert into habilidade_faixa_ano (id_habilidade, id_faixa_ano) values (1426, 15);
insert into habilidade_faixa_ano (id_habilidade, id_faixa_ano) values (1427, 15);
insert into habilidade_faixa_ano (id_habilidade, id_faixa_ano) values (1428, 15);
insert into habilidade_faixa_ano (id_habilidade, id_faixa_ano) values (1429, 15);
insert into habilidade_faixa_ano (id_habilidade, id_faixa_ano) values (1430, 15);
insert into habilidade_faixa_ano (id_habilidade, id_faixa_ano) values (1431, 15);
insert into habilidade_faixa_ano (id_habilidade, id_faixa_ano) values (1432, 15);
insert into habilidade_faixa_ano (id_habilidade, id_faixa_ano) values (1433, 15);

insert into habilidade (id, id_componente, codigo, bncc, ativo, descricao, campo_atuacao, pratica_liguagem, objeto_conhecimento, unidade_tematica) values (1434, 12, 'EM13LP01', true, true, 'Relacionar o texto, tanto na produção como na leitura/escuta, com suas condições de produção e seu contexto sócio-histórico de circulação (leitor/audiência previstos, objetivos, pontos de vista e perspectivas, papel social do autor, época, gênero do discurso etc), de forma a ampliar as possibilidades de construção de sentidos e de análise crítica e produzir textos adequados a diferentes situações', 'Todos os Campos de atuação social', Null, Null, Null);
insert into habilidade (id, id_componente, codigo, bncc, ativo, descricao, campo_atuacao, pratica_liguagem, objeto_conhecimento, unidade_tematica) values (1435, 12, 'EM13LP02', true, true, 'Estabelecer relações entre as partes do texto, tanto na produção como na leitura/escuta, considerando a construção composicional e o estilo do gênero, usando/reconhecendo adequadamente elementos e recursos coesivos diversos que contribuam para a coerência, a continuidade do texto e sua progressão temática, e organizando informações, tendo em vista as condições de produção e as relações lógico-discursivas envolvidas (causa/efeito ou consequência; tese/argumentos; problema/solução; definição/exemplos etc)', 'Todos os Campos de atuação social', Null, Null, Null);
insert into habilidade (id, id_componente, codigo, bncc, ativo, descricao, campo_atuacao, pratica_liguagem, objeto_conhecimento, unidade_tematica) values (1436, 12, 'EM13LP03', true, true, 'Analisar relações de intertextualidade e interdiscursividade que permitam a explicitação de relações dialógicas, a identificação de posicionamentos ou de perspectivas, a compreensão de paráfrases, paródias e estilizações, entre outras possibilidades', 'Todos os Campos de atuação social', Null, Null, Null);
insert into habilidade (id, id_componente, codigo, bncc, ativo, descricao, campo_atuacao, pratica_liguagem, objeto_conhecimento, unidade_tematica) values (1437, 12, 'EM13LP04', true, true, 'Estabelecer relações de interdiscursividade e intertextualidade para explicitar, sustentar e conferir consistência a posicionamentos e para construir e corroborar explicações e relatos, fazendo uso de citações e paráfrases devidamente marcadas', 'Todos os Campos de atuação social', Null, Null, Null);
insert into habilidade (id, id_componente, codigo, bncc, ativo, descricao, campo_atuacao, pratica_liguagem, objeto_conhecimento, unidade_tematica) values (1438, 12, 'EM13LP05', true, true, 'Analisar, em textos argumentativos, os posicionamentos assumidos, os movimentos argumentativos (sustentação, refutação/contra-argumentação e negociação) e os argumentos utilizados para sustentá-los, para avaliar sua força e eficácia, e posicionar-se criticamente diante da questão discutida e/ou dos argumentos utilizados, recorrendo aos mecanismos linguísticos necessários', 'Todos os Campos de atuação social', Null, Null, Null);
insert into habilidade (id, id_componente, codigo, bncc, ativo, descricao, campo_atuacao, pratica_liguagem, objeto_conhecimento, unidade_tematica) values (1439, 12, 'EM13LP06', true, true, 'Analisar efeitos de sentido decorrentes de usos expressivos da linguagem, da escolha de determinadas palavras ou expressões e da ordenação, combinação e contraposição de palavras, dentre outros, para ampliar as possibilidades de construção de sentidos e de uso crítico da língua', 'Todos os Campos de atuação social', Null, Null, Null);
insert into habilidade (id, id_componente, codigo, bncc, ativo, descricao, campo_atuacao, pratica_liguagem, objeto_conhecimento, unidade_tematica) values (1440, 12, 'EM13LP07', true, true, 'Analisar, em textos de diferentes gêneros, marcas que expressam a posição do enunciador frente àquilo que é dito: uso de diferentes modalidades (epistêmica, deôntica e apreciativa) e de diferentes recursos gramaticais que operam como modalizadores (verbos modais, tempos e modos verbais, expressões modais, adjetivos, locuções ou orações adjetivas, advérbios, locuções ou orações adverbiais, entonação etc), uso de estratégias de impessoalização (uso de terceira pessoa e de voz passiva etc), com vistas ao incremento da compreensão e da criticidade e ao manejo adequado desses elementos nos textos produzidos, considerando os contextos de produção', 'Todos os Campos de atuação social', Null, Null, Null);
insert into habilidade (id, id_componente, codigo, bncc, ativo, descricao, campo_atuacao, pratica_liguagem, objeto_conhecimento, unidade_tematica) values (1441, 12, 'EM13LP08', true, true, 'Analisar elementos e aspectos da sintaxe do português, como a ordem dos constituintes da sentença (e os efeito que causam sua inversão), a estrutura dos sintagmas, as categorias sintáticas, os processos de coordenação e subordinação (e os efeitos de seus usos) e a sintaxe de concordância e de regência, de modo a potencializar os processos de compreensão e produção de textos e a possibilitar escolhas adequadas à situação comunicativa', 'Todos os Campos de atuação social', Null, Null, Null);
insert into habilidade (id, id_componente, codigo, bncc, ativo, descricao, campo_atuacao, pratica_liguagem, objeto_conhecimento, unidade_tematica) values (1442, 12, 'EM13LP09', true, true, 'Comparar o tratamento dado pela gramática tradicional e pelas gramáticas de uso contemporâneas em relação a diferentes tópicos gramaticais, de forma a perceber as diferenças de abordagem e o fenômeno da variação linguística e analisar motivações que levam ao predomínio do ensino da norma-padrão na escola', 'Todos os Campos de atuação social', Null, Null, Null);
insert into habilidade (id, id_componente, codigo, bncc, ativo, descricao, campo_atuacao, pratica_liguagem, objeto_conhecimento, unidade_tematica) values (1443, 12, 'EM13LP10', true, true, 'Analisar o fenômeno da variação linguística, em seus diferentes níveis (variações fonético-fonológica, lexical, sintática, semântica e estilístico-pragmática) e em suas diferentes dimensões (regional, histórica, social, situacional, ocupacional, etária etc), de forma a ampliar a compreensão sobre a natureza viva e dinâmica da língua e sobre o fenômeno da constituição de variedades linguísticas de prestígio e estigmatizadas, e a fundamentar o respeito às variedades linguísticas e o combate a preconceitos linguísticos', 'Todos os Campos de atuação social', Null, Null, Null);
insert into habilidade (id, id_componente, codigo, bncc, ativo, descricao, campo_atuacao, pratica_liguagem, objeto_conhecimento, unidade_tematica) values (1444, 12, 'EM13LP11', true, true, 'Fazer curadoria de informação, tendo em vista diferentes propósitos e projetos discursivos', 'Todos os Campos de atuação social', Null, Null, Null);
insert into habilidade (id, id_componente, codigo, bncc, ativo, descricao, campo_atuacao, pratica_liguagem, objeto_conhecimento, unidade_tematica) values (1445, 12, 'EM13LP12', true, true, 'Selecionar informações, dados e argumentos em fontes confiáveis, impressas e digitais, e utilizá-los de forma referenciada, para que o texto a ser produzido tenha um nível de aprofundamento adequado (para além do senso comum) e contemple a sustentação das posições defendidas', 'Todos os Campos de atuação social', Null, Null, Null);
insert into habilidade (id, id_componente, codigo, bncc, ativo, descricao, campo_atuacao, pratica_liguagem, objeto_conhecimento, unidade_tematica) values (1446, 12, 'EM13LP13', true, true, 'Analisar, a partir de referências contextuais, estéticas e culturais, efeitos de sentido decorrentes de escolhas de elementos sonoros (volume, timbre, intensidade, pausas, ritmo, efeitos sonoros, sincronização etc) e de suas relações com o verbal, levando-os em conta na produção de áudios, para ampliar as possibilidades de construção de sentidos e de apreciação', 'Todos os Campos de atuação social', Null, Null, Null);
insert into habilidade (id, id_componente, codigo, bncc, ativo, descricao, campo_atuacao, pratica_liguagem, objeto_conhecimento, unidade_tematica) values (1447, 12, 'EM13LP14', true, true, 'Analisar, a partir de referências contextuais, estéticas e culturais, efeitos de sentido decorrentes de escolhas e composição das imagens (enquadramento, ângulo/vetor, foco/profundidade de campo, iluminação, cor, linhas, formas etc) e de sua sequenciação (disposição e transição, movimentos de câmera, remix, entre outros), das performances (movimentos do corpo, gestos, ocupação do espaço cênico), dos elementos sonoros (entonação, trilha sonora, sampleamento etc) e das relações desses elementos com o verbal, levando em conta esses efeitos nas produções de imagens e vídeos, para ampliar as possibilidades de construção de sentidos e de apreciação', 'Todos os Campos de atuação social', Null, Null, Null);
insert into habilidade (id, id_componente, codigo, bncc, ativo, descricao, campo_atuacao, pratica_liguagem, objeto_conhecimento, unidade_tematica) values (1448, 12, 'EM13LP15', true, true, 'Planejar, produzir, revisar, editar, reescrever e avaliar textos escritos e multissemióticos, considerando sua adequação às condições de produção do texto, no que diz respeito ao lugar social a ser assumido e à imagem que se pretende passar a respeito de si mesmo, ao leitor pretendido, ao veículo e mídia em que o texto ou produção cultural vai circular, ao contexto imediato e sócio-histórico mais geral, ao gênero textual em questão e suas regularidades, à variedade linguística apropriada a esse contexto e ao uso do conhecimento dos aspectos notacionais (ortografia padrão, pontuação adequada, mecanismos de concordância nominal e verbal, regência verbal etc), sempre que o contexto o exigir', 'Todos os Campos de atuação social', Null, Null, Null);
insert into habilidade (id, id_componente, codigo, bncc, ativo, descricao, campo_atuacao, pratica_liguagem, objeto_conhecimento, unidade_tematica) values (1449, 12, 'EM13LP16', true, true, 'Produzir e analisar textos orais, considerando sua adequação aos contextos de produção, à forma composicional e ao estilo do gênero em questão, à clareza, à progressão temática e à variedade linguística empregada, como também aos elementos relacionados à fala (modulação de voz, entonação, ritmo, altura e intensidade, respiração etc) e à cinestesia (postura corporal, movimentos e gestualidade significativa, expressão facial, contato de olho com plateia etc)', 'Todos os Campos de atuação social', Null, Null, Null);
insert into habilidade (id, id_componente, codigo, bncc, ativo, descricao, campo_atuacao, pratica_liguagem, objeto_conhecimento, unidade_tematica) values (1450, 12, 'EM13LP17', true, true, 'Elaborar roteiros para a produção de vídeos variados (vlog, videoclipe, videominuto, documentário etc), apresentações teatrais, narrativas multimídia e transmídia, podcasts, playlists comentadas etc, para ampliar as possibilidades de produção de sentidos e engajar-se em práticas autorais e coletivas', 'Todos os Campos de atuação social', Null, Null, Null);
insert into habilidade (id, id_componente, codigo, bncc, ativo, descricao, campo_atuacao, pratica_liguagem, objeto_conhecimento, unidade_tematica) values (1451, 12, 'EM13LP18', true, true, 'Utilizar softwares de edição de textos, fotos, vídeos e áudio, além de ferramentas e ambientes colaborativos para criar textos e produções multissemióticas com finalidades diversas, explorando os recursos e efeitos disponíveis e apropriando-se de práticas colaborativas de escrita, de construção coletiva do conhecimento e de desenvolvimento de projetos', 'Todos os Campos de atuação social', Null, Null, Null);
insert into habilidade (id, id_componente, codigo, bncc, ativo, descricao, campo_atuacao, pratica_liguagem, objeto_conhecimento, unidade_tematica) values (1452, 12, 'EM13LP19', true, true, 'Apresentar-se por meio de textos multimodais diversos (perfis variados, gifs biográficos, biodata, currículo web, videocurrículo etc) e de ferramentas digitais (ferramenta de gif, wiki, site etc), para falar de si mesmo de formas variadas, considerando diferentes situações e objetivos', 'Campo da vida pessoal', Null, Null, Null);
insert into habilidade (id, id_componente, codigo, bncc, ativo, descricao, campo_atuacao, pratica_liguagem, objeto_conhecimento, unidade_tematica) values (1453, 12, 'EM13LP20', true, true, 'Compartilhar gostos, interesses, práticas culturais, temas/ problemas/questões que despertam maior interesse ou preocupação, respeitando e valorizando diferenças, como forma de identificar afinidades e interesses comuns, como também de organizar e/ou participar de grupos, clubes, oficinas e afins', 'Campo da vida pessoal', Null, Null, Null);
insert into habilidade (id, id_componente, codigo, bncc, ativo, descricao, campo_atuacao, pratica_liguagem, objeto_conhecimento, unidade_tematica) values (1454, 12, 'EM13LP21', true, true, 'Produzir, de forma colaborativa, e socializar playlists comentadas de preferências culturais e de entretenimento, revistas culturais, fanzines, e-zines ou publicações afins que divulguem, comentem e avaliem músicas, games, séries, filmes, quadrinhos, livros, peças, exposições, espetáculos de dança etc, de forma a compartilhar gostos, identificar afinidades, fomentar comunidades etc', 'Campo da vida pessoal', Null, Null, Null);
insert into habilidade (id, id_componente, codigo, bncc, ativo, descricao, campo_atuacao, pratica_liguagem, objeto_conhecimento, unidade_tematica) values (1455, 12, 'EM13LP22', true, true, 'Construir e/ou atualizar, de forma colaborativa, registros dinâmicos (mapas, wiki etc) de profissões e ocupações de seu interesse (áreas de atuação, dados sobre formação, fazeres, produções, depoimentos de profissionais etc) que possibilitem vislumbrar trajetórias pessoais e profissionais', 'Campo da vida pessoal', Null, Null, Null);
insert into habilidade (id, id_componente, codigo, bncc, ativo, descricao, campo_atuacao, pratica_liguagem, objeto_conhecimento, unidade_tematica) values (1456, 12, 'EM13LP23', true, true, 'Analisar criticamente o histórico e o discurso político de candidatos, propagandas políticas, políticas públicas, programas e propostas de governo, de forma a participar do debate político e tomar decisões conscientes e fundamentadas', 'Campo de atuação na vida pública', Null, Null, Null);
insert into habilidade (id, id_componente, codigo, bncc, ativo, descricao, campo_atuacao, pratica_liguagem, objeto_conhecimento, unidade_tematica) values (1457, 12, 'EM13LP24', true, true, 'Analisar formas não institucionalizadas de participação social, sobretudo as vinculadas a manifestações artísticas, produções culturais, intervenções urbanas e formas de expressão típica das culturas juvenis que pretendam expor uma problemática ou promover uma reflexão/ação, posicionando-se em relação a essas produções e manifestações', 'Campo de atuação na vida pública', Null, Null, Null);
insert into habilidade (id, id_componente, codigo, bncc, ativo, descricao, campo_atuacao, pratica_liguagem, objeto_conhecimento, unidade_tematica) values (1458, 12, 'EM13LP25', true, true, 'Participar de reuniões na escola (conselho de escola e de classe, grêmio livre etc), agremiações, coletivos ou movimentos, entre outros, em debates, assembleias, fóruns de discussão etc, exercitando a escuta atenta, respeitando seu turno e tempo de fala, posicionando-se de forma fundamentada, respeitosa e ética diante da apresentação de propostas e defesas de opiniões, usando estratégias linguísticas típicas de negociação e de apoio e/ou de consideração do discurso do outro (como solicitar esclarecimento, detalhamento, fazer referência direta ou retomar a fala do outro, parafraseando-a para endossá-la, enfatizá-la, complementá-la ou enfraquecê-la), considerando propostas alternativas e reformulando seu posicionamento, quando for caso, com vistas ao entendimento e ao bem comum', 'Campo de atuação na vida pública', Null, Null, Null);
insert into habilidade (id, id_componente, codigo, bncc, ativo, descricao, campo_atuacao, pratica_liguagem, objeto_conhecimento, unidade_tematica) values (1459, 12, 'EM13LP26', true, true, 'Relacionar textos e documentos legais e normativos de âmbito universal, nacional, local ou escolar que envolvam a definição de direitos e deveres - em especial, os voltados a adolescentes e jovens - aos seus contextos de produção, identificando ou inferindo possíveis motivações e finalidades, como forma de ampliar a compreensão desses direitos e deveres', 'Campo de atuação na vida pública', Null, Null, Null);
insert into habilidade (id, id_componente, codigo, bncc, ativo, descricao, campo_atuacao, pratica_liguagem, objeto_conhecimento, unidade_tematica) values (1460, 12, 'EM13LP27', true, true, 'Engajar-se na busca de solução para problemas que envolvam a coletividade, denunciando o desrespeito a direitos, organizando e/ou participando de discussões, campanhas e debates, produzindo textos reivindicatórios, normativos, entre outras possibilidades, como forma de fomentar os princípios democráticos e uma atuação pautada pela ética da responsabilidade, pelo consumo consciente e pela consciência socioambiental', 'Campo de atuação na vida pública', Null, Null, Null);
insert into habilidade (id, id_componente, codigo, bncc, ativo, descricao, campo_atuacao, pratica_liguagem, objeto_conhecimento, unidade_tematica) values (1461, 12, 'EM13LP28', true, true, 'Organizar situações de estudo e utilizar procedimentos e estratégias de leitura adequados aos objetivos e à natureza do conhecimento em questão', 'Campo das práticas de estudo e pesquisa', Null, Null, Null);
insert into habilidade (id, id_componente, codigo, bncc, ativo, descricao, campo_atuacao, pratica_liguagem, objeto_conhecimento, unidade_tematica) values (1462, 12, 'EM13LP29', true, true, 'Resumir e resenhar textos, por meio do uso de paráfrases, de marcas do discurso reportado e de citações, para uso em textos de divulgação de estudos e pesquisas', 'Campo das práticas de estudo e pesquisa', Null, Null, Null);
insert into habilidade (id, id_componente, codigo, bncc, ativo, descricao, campo_atuacao, pratica_liguagem, objeto_conhecimento, unidade_tematica) values (1463, 12, 'EM13LP30', true, true, 'Realizar pesquisas de diferentes tipos (bibliográfica, de campo, experimento científico, levantamento de dados etc), usando fontes abertas e confiáveis, registrando o processo e comunicando os resultados, tendo em vista os objetivos pretendidos e demais elementos do contexto de produção, como forma de compreender como o conhecimento científico é produzido e apropriar-se dos procedimentos e dos gêneros textuais envolvidos na realização de pesquisas', 'Campo das práticas de estudo e pesquisa', Null, Null, Null);
insert into habilidade (id, id_componente, codigo, bncc, ativo, descricao, campo_atuacao, pratica_liguagem, objeto_conhecimento, unidade_tematica) values (1464, 12, 'EM13LP31', true, true, 'Compreender criticamente textos de divulgação científica orais, escritos e multissemióticos de diferentes áreas do conhecimento, identificando sua organização tópica e a hierarquização das informações, identificando e descartando fontes não confiáveis e problematizando enfoques tendenciosos ou superficiais', 'Campo das práticas de estudo e pesquisa', Null, Null, Null);
insert into habilidade (id, id_componente, codigo, bncc, ativo, descricao, campo_atuacao, pratica_liguagem, objeto_conhecimento, unidade_tematica) values (1465, 12, 'EM13LP32', true, true, 'Selecionar informações e dados necessários para uma dada pesquisa (sem excedê-los) em diferentes fontes (orais, impressas, digitais etc) e comparar autonomamente esses conteúdos, levando em conta seus contextos de produção, referências e índices de confiabilidade, e percebendo coincidências, complementaridades, contradições, erros ou imprecisões conceituais e de dados, de forma a compreender e posicionar-se criticamente sobre esses conteúdos e estabelecer recortes precisos', 'Campo das práticas de estudo e pesquisa', Null, Null, Null);
insert into habilidade (id, id_componente, codigo, bncc, ativo, descricao, campo_atuacao, pratica_liguagem, objeto_conhecimento, unidade_tematica) values (1466, 12, 'EM13LP33', true, true, 'Selecionar, elaborar e utilizar instrumentos de coleta de dados e informações (questionários, enquetes, mapeamentos, opinários) e de tratamento e análise dos conteúdos obtidos, que atendam adequadamente a diferentes objetivos de pesquisa', 'Campo das práticas de estudo e pesquisa', Null, Null, Null);
insert into habilidade (id, id_componente, codigo, bncc, ativo, descricao, campo_atuacao, pratica_liguagem, objeto_conhecimento, unidade_tematica) values (1467, 12, 'EM13LP34', true, true, 'Produzir textos para a divulgação do conhecimento e de resultados de levantamentos e pesquisas - texto monográfico, ensaio, artigo de divulgação científica, verbete de enciclopédia (colaborativa ou não), infográfico (estático ou animado), relato de experimento, relatório, relatório multimidiático de campo, reportagem científica, podcast ou vlog científico, apresentações orais, seminários, comunicações em mesas redondas, mapas dinâmicos etc -, considerando o contexto de produção e utilizando os conhecimentos sobre os gêneros de divulgação científica, de forma a engajar-se em processos significativos de socialização e divulgação do conhecimento', 'Campo das práticas de estudo e pesquisa', Null, Null, Null);
insert into habilidade (id, id_componente, codigo, bncc, ativo, descricao, campo_atuacao, pratica_liguagem, objeto_conhecimento, unidade_tematica) values (1468, 12, 'EM13LP35', true, true, 'Utilizar adequadamente ferramentas de apoio a apresentações orais, escolhendo e usando tipos e tamanhos de fontes que permitam boa visualização, topicalizando e/ou organizando o conteúdo em itens, inserindo de forma adequada imagens, gráficos, tabelas, formas e elementos gráficos, dimensionando a quantidade texto e imagem por slide e usando, de forma harmônica, recursos (efeitos de transição, slides mestres, layouts personalizados, gravação de áudios em slides etc)', 'Campo das práticas de estudo e pesquisa', Null, Null, Null);
insert into habilidade (id, id_componente, codigo, bncc, ativo, descricao, campo_atuacao, pratica_liguagem, objeto_conhecimento, unidade_tematica) values (1469, 12, 'EM13LP36', true, true, 'Analisar os interesses que movem o campo jornalístico, os impactos das novas tecnologias digitais de informação e comunicação e da Web 20 no campo e as condições que fazem da informação uma mercadoria e da checagem de informação uma prática (e um serviço) essencial, adotando atitude analítica e crítica diante dos textos jornalísticos', 'Campo jornalístico-midiático', Null, Null, Null);
insert into habilidade (id, id_componente, codigo, bncc, ativo, descricao, campo_atuacao, pratica_liguagem, objeto_conhecimento, unidade_tematica) values (1470, 12, 'EM13LP37', true, true, 'Conhecer e analisar diferentes projetos editorias - institucionais, privados, públicos, financiados, independentes etc -, de forma a ampliar o repertório de escolhas possíveis de fontes de informação e opinião, reconhecendo o papel da mídia plural para a consolidação da democracia', 'Campo jornalístico-midiático', Null, Null, Null);
insert into habilidade (id, id_componente, codigo, bncc, ativo, descricao, campo_atuacao, pratica_liguagem, objeto_conhecimento, unidade_tematica) values (1471, 12, 'EM13LP38', true, true, 'Analisar os diferentes graus de parcialidade/imparcialidade (no limite, a não neutralidade) em textos noticiosos, comparando relatos de diferentes fontes e analisando o recorte feito de fatos/dados e os efeitos de sentido provocados pelas escolhas realizadas pelo autor do texto, de forma a manter uma atitude crítica diante dos textos jornalísticos e tornar-se consciente das escolhas feitas como produtor', 'Campo jornalístico-midiático', Null, Null, Null);
insert into habilidade (id, id_componente, codigo, bncc, ativo, descricao, campo_atuacao, pratica_liguagem, objeto_conhecimento, unidade_tematica) values (1472, 12, 'EM13LP39', true, true, 'Usar procedimentos de checagem de fatos noticiados e fotos publicadas (verificar/avaliar veículo, fonte, data e local da publicação, autoria, URL, formatação; comparar diferentes fontes; consultar ferramentas e sites checadores etc), de forma a combater a proliferação de notícias falsas (fake news)', 'Campo jornalístico-midiático', Null, Null, Null);
insert into habilidade (id, id_componente, codigo, bncc, ativo, descricao, campo_atuacao, pratica_liguagem, objeto_conhecimento, unidade_tematica) values (1473, 12, 'EM13LP40', true, true, 'Analisar o fenômeno da pós-verdade - discutindo as condições e os mecanismos de disseminação de fake news e também exemplos, causas e consequências desse fenômeno e da prevalência de crenças e opiniões sobre fatos -, de forma a adotar atitude crítica em relação ao fenômeno e desenvolver uma postura flexível que permita rever crenças e opiniões quando fatos apurados as contradisserem', 'Campo jornalístico-midiático', Null, Null, Null);
insert into habilidade (id, id_componente, codigo, bncc, ativo, descricao, campo_atuacao, pratica_liguagem, objeto_conhecimento, unidade_tematica) values (1474, 12, 'EM13LP41', true, true, 'Analisar os processos humanos e automáticos de curadoria que operam nas redes sociais e outros domínios da internet, comparando os feeds de diferentes páginas de redes sociais e discutindo os efeitos desses modelos de curadoria, de forma a ampliar as possibilidades de trato com o diferente e minimizar o efeito bolha e a manipulação de terceiros', 'Campo jornalístico-midiático', Null, Null, Null);
insert into habilidade (id, id_componente, codigo, bncc, ativo, descricao, campo_atuacao, pratica_liguagem, objeto_conhecimento, unidade_tematica) values (1475, 12, 'EM13LP42', true, true, 'Acompanhar, analisar e discutir a cobertura da mídia diante de acontecimentos e questões de relevância social, local e global, comparando diferentes enfoques e perspectivas, por meio do uso de ferramentas de curadoria (como agregadores de conteúdo) e da consulta a serviços e fontes de checagem e curadoria de informação, de forma a aprofundar o entendimento sobre um determinado fato ou questão, identificar o enfoque preponderante da mídia e manter-se implicado, de forma crítica, com os fatos e as questões que afetam a coletividade', 'Campo jornalístico-midiático', Null, Null, Null);
insert into habilidade (id, id_componente, codigo, bncc, ativo, descricao, campo_atuacao, pratica_liguagem, objeto_conhecimento, unidade_tematica) values (1476, 12, 'EM13LP43', true, true, 'Atuar de forma fundamentada, ética e crítica na produção e no compartilhamento de comentários, textos noticiosos e de opinião, memes, gifs, remixes variados etc em redes sociais ou outros ambientes digitais', 'Campo jornalístico-midiático', Null, Null, Null);
insert into habilidade (id, id_componente, codigo, bncc, ativo, descricao, campo_atuacao, pratica_liguagem, objeto_conhecimento, unidade_tematica) values (1477, 12, 'EM13LP44', true, true, 'Analisar formas contemporâneas de publicidade em contexto digital (advergame, anúncios em vídeos, social advertising, unboxing, narrativa mercadológica, entre outras), e peças de campanhas publicitárias e políticas (cartazes, folhetos, anúncios, propagandas em diferentes mídias, spots, jingles etc), identificando valores e representações de situações, grupos e configurações sociais veiculadas, desconstruindo estereótipos, destacando estratégias de engajamento e viralização e explicando os mecanismos de persuasão utilizados e os efeitos de sentido provocados pelas escolhas feitas em termos de elementos e recursos linguístico-discursivos, imagéticos, sonoros, gestuais e espaciais, entre outros', 'Campo jornalístico-midiático', Null, Null, Null);
insert into habilidade (id, id_componente, codigo, bncc, ativo, descricao, campo_atuacao, pratica_liguagem, objeto_conhecimento, unidade_tematica) values (1478, 12, 'EM13LP45', true, true, 'Analisar, discutir, produzir e socializar, tendo em vista temas e acontecimentos de interesse local ou global, notícias, fotodenúncias, fotorreportagens, reportagens multimidiáticas, documentários, infográficos, podcasts noticiosos, artigos de opinião, críticas da mídia, vlogs de opinião, textos de apresentação e apreciação de produções culturais (resenhas, ensaios etc) e outros gêneros próprios das formas de expressão das culturas juvenis (vlogs e podcasts culturais, gameplay etc), em várias mídias, vivenciando de forma significativa o papel de repórter, analista, crítico, editorialista ou articulista, leitor, vlogueiro e booktuber, entre outros', 'Campo jornalístico-midiático', Null, Null, Null);
insert into habilidade (id, id_componente, codigo, bncc, ativo, descricao, campo_atuacao, pratica_liguagem, objeto_conhecimento, unidade_tematica) values (1479, 12, 'EM13LP46', true, true, 'Compartilhar sentidos construídos na leitura/escuta de textos literários, percebendo diferenças e eventuais tensões entre as formas pessoais e as coletivas de apreensão desses textos, para exercitar o diálogo cultural e aguçar a perspectiva crítica', 'Campo artístico-literário', Null, Null, Null);
insert into habilidade (id, id_componente, codigo, bncc, ativo, descricao, campo_atuacao, pratica_liguagem, objeto_conhecimento, unidade_tematica) values (1480, 12, 'EM13LP47', true, true, 'Participar de eventos (saraus, competições orais, audições, mostras, festivais, feiras culturais e literárias, rodas e clubes de leitura, cooperativas culturais, jograis, repentes, slams etc), inclusive para socializar obras da própria autoria (poemas, contos e suas variedades, roteiros e microrroteiros, videominutos, playlists comentadas de música etc) e/ou interpretar obras de outros, inserindo-se nas diferentes práticas culturais de seu tempo', 'Campo artístico-literário', Null, Null, Null);
insert into habilidade (id, id_componente, codigo, bncc, ativo, descricao, campo_atuacao, pratica_liguagem, objeto_conhecimento, unidade_tematica) values (1481, 12, 'EM13LP48', true, true, 'Identificar assimilações, rupturas e permanências no processo de constituição da literatura brasileira e ao longo de sua trajetória, por meio da leitura e análise de obras fundamentais do cânone ocidental, em especial da literatura portuguesa, para perceber a historicidade de matrizes e procedimentos estéticos', 'Campo artístico-literário', Null, Null, Null);
insert into habilidade (id, id_componente, codigo, bncc, ativo, descricao, campo_atuacao, pratica_liguagem, objeto_conhecimento, unidade_tematica) values (1482, 12, 'EM13LP49', true, true, 'Perceber as peculiaridades estruturais e estilísticas de diferentes gêneros literários (a apreensão pessoal do cotidiano nas crônicas, a manifestação livre e subjetiva do eu lírico diante do mundo nos poemas, a múltipla perspectiva da vida humana e social dos romances, a dimensão política e social de textos da literatura marginal e da periferia etc) para experimentar os diferentes ângulos de apreensão do indivíduo e do mundo pela literatura', 'Campo artístico-literário', Null, Null, Null);
insert into habilidade (id, id_componente, codigo, bncc, ativo, descricao, campo_atuacao, pratica_liguagem, objeto_conhecimento, unidade_tematica) values (1483, 12, 'EM13LP50', true, true, 'Analisar relações intertextuais e interdiscursivas entre obras de diferentes autores e gêneros literários de um mesmo momento histórico e de momentos históricos diversos, explorando os modos como a literatura e as artes em geral se constituem, dialogam e se retroalimentam', 'Campo artístico-literário', Null, Null, Null);
insert into habilidade (id, id_componente, codigo, bncc, ativo, descricao, campo_atuacao, pratica_liguagem, objeto_conhecimento, unidade_tematica) values (1484, 12, 'EM13LP51', true, true, 'Selecionar obras do repertório artístico-literário contemporâneo à disposição segundo suas predileções, de modo a constituir um acervo pessoal e dele se apropriar para se inserir e intervir com autonomia e criticidade no meio cultural', 'Campo artístico-literário', Null, Null, Null);
insert into habilidade (id, id_componente, codigo, bncc, ativo, descricao, campo_atuacao, pratica_liguagem, objeto_conhecimento, unidade_tematica) values (1485, 12, 'EM13LP52', true, true, 'Analisar obras significativas das literaturas brasileiras e de outros países e povos, em especial a portuguesa, a indígena, a africana e a latino-americana, com base em ferramentas da crítica literária (estrutura da composição, estilo, aspectos discursivos) ou outros critérios relacionados a diferentes matrizes culturais, considerando o contexto de produção (visões de mundo, diálogos com outros textos, inserções em movimentos estéticos e culturais etc) e o modo como dialogam com o presente', 'Campo artístico-literário', Null, Null, Null);
insert into habilidade (id, id_componente, codigo, bncc, ativo, descricao, campo_atuacao, pratica_liguagem, objeto_conhecimento, unidade_tematica) values (1486, 12, 'EM13LP53', true, true, 'Produzir apresentações e comentários apreciativos e críticos sobre livros, filmes, discos, canções, espetáculos de teatro e dança, exposições etc (resenhas, vlogs e podcasts literários e artísticos, playlists comentadas, fanzines, e-zines etc)', 'Campo artístico-literário', Null, Null, Null);
insert into habilidade (id, id_componente, codigo, bncc, ativo, descricao, campo_atuacao, pratica_liguagem, objeto_conhecimento, unidade_tematica) values (1487, 12, 'EM13LP54', true, true, 'Criar obras autorais, em diferentes gêneros e mídias - mediante seleção e apropriação de recursos textuais e expressivos do repertório artístico -, e/ou produções derivadas (paródias, estilizações, fanfics, fanclipes etc), como forma de dialogar crítica e/ou subjetivamente com o texto literário', 'Campo artístico-literário', Null, Null, Null);

insert into habilidade_faixa_ano (id_habilidade, id_faixa_ano) values (1434, 13);
insert into habilidade_faixa_ano (id_habilidade, id_faixa_ano) values (1435, 13);
insert into habilidade_faixa_ano (id_habilidade, id_faixa_ano) values (1436, 13);
insert into habilidade_faixa_ano (id_habilidade, id_faixa_ano) values (1437, 13);
insert into habilidade_faixa_ano (id_habilidade, id_faixa_ano) values (1438, 13);
insert into habilidade_faixa_ano (id_habilidade, id_faixa_ano) values (1439, 13);
insert into habilidade_faixa_ano (id_habilidade, id_faixa_ano) values (1440, 13);
insert into habilidade_faixa_ano (id_habilidade, id_faixa_ano) values (1441, 13);
insert into habilidade_faixa_ano (id_habilidade, id_faixa_ano) values (1442, 13);
insert into habilidade_faixa_ano (id_habilidade, id_faixa_ano) values (1443, 13);
insert into habilidade_faixa_ano (id_habilidade, id_faixa_ano) values (1444, 13);
insert into habilidade_faixa_ano (id_habilidade, id_faixa_ano) values (1445, 13);
insert into habilidade_faixa_ano (id_habilidade, id_faixa_ano) values (1446, 13);
insert into habilidade_faixa_ano (id_habilidade, id_faixa_ano) values (1447, 13);
insert into habilidade_faixa_ano (id_habilidade, id_faixa_ano) values (1448, 13);
insert into habilidade_faixa_ano (id_habilidade, id_faixa_ano) values (1449, 13);
insert into habilidade_faixa_ano (id_habilidade, id_faixa_ano) values (1450, 13);
insert into habilidade_faixa_ano (id_habilidade, id_faixa_ano) values (1451, 13);
insert into habilidade_faixa_ano (id_habilidade, id_faixa_ano) values (1452, 13);
insert into habilidade_faixa_ano (id_habilidade, id_faixa_ano) values (1453, 13);
insert into habilidade_faixa_ano (id_habilidade, id_faixa_ano) values (1454, 13);
insert into habilidade_faixa_ano (id_habilidade, id_faixa_ano) values (1455, 13);
insert into habilidade_faixa_ano (id_habilidade, id_faixa_ano) values (1456, 13);
insert into habilidade_faixa_ano (id_habilidade, id_faixa_ano) values (1457, 13);
insert into habilidade_faixa_ano (id_habilidade, id_faixa_ano) values (1458, 13);
insert into habilidade_faixa_ano (id_habilidade, id_faixa_ano) values (1459, 13);
insert into habilidade_faixa_ano (id_habilidade, id_faixa_ano) values (1460, 13);
insert into habilidade_faixa_ano (id_habilidade, id_faixa_ano) values (1461, 13);
insert into habilidade_faixa_ano (id_habilidade, id_faixa_ano) values (1462, 13);
insert into habilidade_faixa_ano (id_habilidade, id_faixa_ano) values (1463, 13);
insert into habilidade_faixa_ano (id_habilidade, id_faixa_ano) values (1464, 13);
insert into habilidade_faixa_ano (id_habilidade, id_faixa_ano) values (1465, 13);
insert into habilidade_faixa_ano (id_habilidade, id_faixa_ano) values (1466, 13);
insert into habilidade_faixa_ano (id_habilidade, id_faixa_ano) values (1467, 13);
insert into habilidade_faixa_ano (id_habilidade, id_faixa_ano) values (1468, 13);
insert into habilidade_faixa_ano (id_habilidade, id_faixa_ano) values (1469, 13);
insert into habilidade_faixa_ano (id_habilidade, id_faixa_ano) values (1470, 13);
insert into habilidade_faixa_ano (id_habilidade, id_faixa_ano) values (1471, 13);
insert into habilidade_faixa_ano (id_habilidade, id_faixa_ano) values (1472, 13);
insert into habilidade_faixa_ano (id_habilidade, id_faixa_ano) values (1473, 13);
insert into habilidade_faixa_ano (id_habilidade, id_faixa_ano) values (1474, 13);
insert into habilidade_faixa_ano (id_habilidade, id_faixa_ano) values (1475, 13);
insert into habilidade_faixa_ano (id_habilidade, id_faixa_ano) values (1476, 13);
insert into habilidade_faixa_ano (id_habilidade, id_faixa_ano) values (1477, 13);
insert into habilidade_faixa_ano (id_habilidade, id_faixa_ano) values (1478, 13);
insert into habilidade_faixa_ano (id_habilidade, id_faixa_ano) values (1479, 13);
insert into habilidade_faixa_ano (id_habilidade, id_faixa_ano) values (1480, 13);
insert into habilidade_faixa_ano (id_habilidade, id_faixa_ano) values (1481, 13);
insert into habilidade_faixa_ano (id_habilidade, id_faixa_ano) values (1482, 13);
insert into habilidade_faixa_ano (id_habilidade, id_faixa_ano) values (1483, 13);
insert into habilidade_faixa_ano (id_habilidade, id_faixa_ano) values (1484, 13);
insert into habilidade_faixa_ano (id_habilidade, id_faixa_ano) values (1485, 13);
insert into habilidade_faixa_ano (id_habilidade, id_faixa_ano) values (1486, 13);
insert into habilidade_faixa_ano (id_habilidade, id_faixa_ano) values (1487, 13);
insert into habilidade_faixa_ano (id_habilidade, id_faixa_ano) values (1434, 14);
insert into habilidade_faixa_ano (id_habilidade, id_faixa_ano) values (1435, 14);
insert into habilidade_faixa_ano (id_habilidade, id_faixa_ano) values (1436, 14);
insert into habilidade_faixa_ano (id_habilidade, id_faixa_ano) values (1437, 14);
insert into habilidade_faixa_ano (id_habilidade, id_faixa_ano) values (1438, 14);
insert into habilidade_faixa_ano (id_habilidade, id_faixa_ano) values (1439, 14);
insert into habilidade_faixa_ano (id_habilidade, id_faixa_ano) values (1440, 14);
insert into habilidade_faixa_ano (id_habilidade, id_faixa_ano) values (1441, 14);
insert into habilidade_faixa_ano (id_habilidade, id_faixa_ano) values (1442, 14);
insert into habilidade_faixa_ano (id_habilidade, id_faixa_ano) values (1443, 14);
insert into habilidade_faixa_ano (id_habilidade, id_faixa_ano) values (1444, 14);
insert into habilidade_faixa_ano (id_habilidade, id_faixa_ano) values (1445, 14);
insert into habilidade_faixa_ano (id_habilidade, id_faixa_ano) values (1446, 14);
insert into habilidade_faixa_ano (id_habilidade, id_faixa_ano) values (1447, 14);
insert into habilidade_faixa_ano (id_habilidade, id_faixa_ano) values (1448, 14);
insert into habilidade_faixa_ano (id_habilidade, id_faixa_ano) values (1449, 14);
insert into habilidade_faixa_ano (id_habilidade, id_faixa_ano) values (1450, 14);
insert into habilidade_faixa_ano (id_habilidade, id_faixa_ano) values (1451, 14);
insert into habilidade_faixa_ano (id_habilidade, id_faixa_ano) values (1452, 14);
insert into habilidade_faixa_ano (id_habilidade, id_faixa_ano) values (1453, 14);
insert into habilidade_faixa_ano (id_habilidade, id_faixa_ano) values (1454, 14);
insert into habilidade_faixa_ano (id_habilidade, id_faixa_ano) values (1455, 14);
insert into habilidade_faixa_ano (id_habilidade, id_faixa_ano) values (1456, 14);
insert into habilidade_faixa_ano (id_habilidade, id_faixa_ano) values (1457, 14);
insert into habilidade_faixa_ano (id_habilidade, id_faixa_ano) values (1458, 14);
insert into habilidade_faixa_ano (id_habilidade, id_faixa_ano) values (1459, 14);
insert into habilidade_faixa_ano (id_habilidade, id_faixa_ano) values (1460, 14);
insert into habilidade_faixa_ano (id_habilidade, id_faixa_ano) values (1461, 14);
insert into habilidade_faixa_ano (id_habilidade, id_faixa_ano) values (1462, 14);
insert into habilidade_faixa_ano (id_habilidade, id_faixa_ano) values (1463, 14);
insert into habilidade_faixa_ano (id_habilidade, id_faixa_ano) values (1464, 14);
insert into habilidade_faixa_ano (id_habilidade, id_faixa_ano) values (1465, 14);
insert into habilidade_faixa_ano (id_habilidade, id_faixa_ano) values (1466, 14);
insert into habilidade_faixa_ano (id_habilidade, id_faixa_ano) values (1467, 14);
insert into habilidade_faixa_ano (id_habilidade, id_faixa_ano) values (1468, 14);
insert into habilidade_faixa_ano (id_habilidade, id_faixa_ano) values (1469, 14);
insert into habilidade_faixa_ano (id_habilidade, id_faixa_ano) values (1470, 14);
insert into habilidade_faixa_ano (id_habilidade, id_faixa_ano) values (1471, 14);
insert into habilidade_faixa_ano (id_habilidade, id_faixa_ano) values (1472, 14);
insert into habilidade_faixa_ano (id_habilidade, id_faixa_ano) values (1473, 14);
insert into habilidade_faixa_ano (id_habilidade, id_faixa_ano) values (1474, 14);
insert into habilidade_faixa_ano (id_habilidade, id_faixa_ano) values (1475, 14);
insert into habilidade_faixa_ano (id_habilidade, id_faixa_ano) values (1476, 14);
insert into habilidade_faixa_ano (id_habilidade, id_faixa_ano) values (1477, 14);
insert into habilidade_faixa_ano (id_habilidade, id_faixa_ano) values (1478, 14);
insert into habilidade_faixa_ano (id_habilidade, id_faixa_ano) values (1479, 14);
insert into habilidade_faixa_ano (id_habilidade, id_faixa_ano) values (1480, 14);
insert into habilidade_faixa_ano (id_habilidade, id_faixa_ano) values (1481, 14);
insert into habilidade_faixa_ano (id_habilidade, id_faixa_ano) values (1482, 14);
insert into habilidade_faixa_ano (id_habilidade, id_faixa_ano) values (1483, 14);
insert into habilidade_faixa_ano (id_habilidade, id_faixa_ano) values (1484, 14);
insert into habilidade_faixa_ano (id_habilidade, id_faixa_ano) values (1485, 14);
insert into habilidade_faixa_ano (id_habilidade, id_faixa_ano) values (1486, 14);
insert into habilidade_faixa_ano (id_habilidade, id_faixa_ano) values (1487, 14);
insert into habilidade_faixa_ano (id_habilidade, id_faixa_ano) values (1434, 15);
insert into habilidade_faixa_ano (id_habilidade, id_faixa_ano) values (1435, 15);
insert into habilidade_faixa_ano (id_habilidade, id_faixa_ano) values (1436, 15);
insert into habilidade_faixa_ano (id_habilidade, id_faixa_ano) values (1437, 15);
insert into habilidade_faixa_ano (id_habilidade, id_faixa_ano) values (1438, 15);
insert into habilidade_faixa_ano (id_habilidade, id_faixa_ano) values (1439, 15);
insert into habilidade_faixa_ano (id_habilidade, id_faixa_ano) values (1440, 15);
insert into habilidade_faixa_ano (id_habilidade, id_faixa_ano) values (1441, 15);
insert into habilidade_faixa_ano (id_habilidade, id_faixa_ano) values (1442, 15);
insert into habilidade_faixa_ano (id_habilidade, id_faixa_ano) values (1443, 15);
insert into habilidade_faixa_ano (id_habilidade, id_faixa_ano) values (1444, 15);
insert into habilidade_faixa_ano (id_habilidade, id_faixa_ano) values (1445, 15);
insert into habilidade_faixa_ano (id_habilidade, id_faixa_ano) values (1446, 15);
insert into habilidade_faixa_ano (id_habilidade, id_faixa_ano) values (1447, 15);
insert into habilidade_faixa_ano (id_habilidade, id_faixa_ano) values (1448, 15);
insert into habilidade_faixa_ano (id_habilidade, id_faixa_ano) values (1449, 15);
insert into habilidade_faixa_ano (id_habilidade, id_faixa_ano) values (1450, 15);
insert into habilidade_faixa_ano (id_habilidade, id_faixa_ano) values (1451, 15);
insert into habilidade_faixa_ano (id_habilidade, id_faixa_ano) values (1452, 15);
insert into habilidade_faixa_ano (id_habilidade, id_faixa_ano) values (1453, 15);
insert into habilidade_faixa_ano (id_habilidade, id_faixa_ano) values (1454, 15);
insert into habilidade_faixa_ano (id_habilidade, id_faixa_ano) values (1455, 15);
insert into habilidade_faixa_ano (id_habilidade, id_faixa_ano) values (1456, 15);
insert into habilidade_faixa_ano (id_habilidade, id_faixa_ano) values (1457, 15);
insert into habilidade_faixa_ano (id_habilidade, id_faixa_ano) values (1458, 15);
insert into habilidade_faixa_ano (id_habilidade, id_faixa_ano) values (1459, 15);
insert into habilidade_faixa_ano (id_habilidade, id_faixa_ano) values (1460, 15);
insert into habilidade_faixa_ano (id_habilidade, id_faixa_ano) values (1461, 15);
insert into habilidade_faixa_ano (id_habilidade, id_faixa_ano) values (1462, 15);
insert into habilidade_faixa_ano (id_habilidade, id_faixa_ano) values (1463, 15);
insert into habilidade_faixa_ano (id_habilidade, id_faixa_ano) values (1464, 15);
insert into habilidade_faixa_ano (id_habilidade, id_faixa_ano) values (1465, 15);
insert into habilidade_faixa_ano (id_habilidade, id_faixa_ano) values (1466, 15);
insert into habilidade_faixa_ano (id_habilidade, id_faixa_ano) values (1467, 15);
insert into habilidade_faixa_ano (id_habilidade, id_faixa_ano) values (1468, 15);
insert into habilidade_faixa_ano (id_habilidade, id_faixa_ano) values (1469, 15);
insert into habilidade_faixa_ano (id_habilidade, id_faixa_ano) values (1470, 15);
insert into habilidade_faixa_ano (id_habilidade, id_faixa_ano) values (1471, 15);
insert into habilidade_faixa_ano (id_habilidade, id_faixa_ano) values (1472, 15);
insert into habilidade_faixa_ano (id_habilidade, id_faixa_ano) values (1473, 15);
insert into habilidade_faixa_ano (id_habilidade, id_faixa_ano) values (1474, 15);
insert into habilidade_faixa_ano (id_habilidade, id_faixa_ano) values (1475, 15);
insert into habilidade_faixa_ano (id_habilidade, id_faixa_ano) values (1476, 15);
insert into habilidade_faixa_ano (id_habilidade, id_faixa_ano) values (1477, 15);
insert into habilidade_faixa_ano (id_habilidade, id_faixa_ano) values (1478, 15);
insert into habilidade_faixa_ano (id_habilidade, id_faixa_ano) values (1479, 15);
insert into habilidade_faixa_ano (id_habilidade, id_faixa_ano) values (1480, 15);
insert into habilidade_faixa_ano (id_habilidade, id_faixa_ano) values (1481, 15);
insert into habilidade_faixa_ano (id_habilidade, id_faixa_ano) values (1482, 15);
insert into habilidade_faixa_ano (id_habilidade, id_faixa_ano) values (1483, 15);
insert into habilidade_faixa_ano (id_habilidade, id_faixa_ano) values (1484, 15);
insert into habilidade_faixa_ano (id_habilidade, id_faixa_ano) values (1485, 15);
insert into habilidade_faixa_ano (id_habilidade, id_faixa_ano) values (1486, 15);
insert into habilidade_faixa_ano (id_habilidade, id_faixa_ano) values (1487, 15);

insert into habilidade_competencia (id_habilidade, id_competencia) values (1435, 105);
insert into habilidade_competencia (id_habilidade, id_competencia) values (1436, 105);
insert into habilidade_competencia (id_habilidade, id_competencia) values (1437, 105);
insert into habilidade_competencia (id_habilidade, id_competencia) values (1439, 105);
insert into habilidade_competencia (id_habilidade, id_competencia) values (1440, 105);
insert into habilidade_competencia (id_habilidade, id_competencia) values (1441, 105);
insert into habilidade_competencia (id_habilidade, id_competencia) values (1445, 105);
insert into habilidade_competencia (id_habilidade, id_competencia) values (1446, 105);
insert into habilidade_competencia (id_habilidade, id_competencia) values (1447, 105);
insert into habilidade_competencia (id_habilidade, id_competencia) values (1448, 105);
insert into habilidade_competencia (id_habilidade, id_competencia) values (1449, 105);
insert into habilidade_competencia (id_habilidade, id_competencia) values (1454, 105);
insert into habilidade_competencia (id_habilidade, id_competencia) values (1456, 105);
insert into habilidade_competencia (id_habilidade, id_competencia) values (1457, 105);
insert into habilidade_competencia (id_habilidade, id_competencia) values (1458, 105);
insert into habilidade_competencia (id_habilidade, id_competencia) values (1459, 105);
insert into habilidade_competencia (id_habilidade, id_competencia) values (1464, 105);
insert into habilidade_competencia (id_habilidade, id_competencia) values (1471, 105);
insert into habilidade_competencia (id_habilidade, id_competencia) values (1477, 105);
insert into habilidade_competencia (id_habilidade, id_competencia) values (1478, 105);
insert into habilidade_competencia (id_habilidade, id_competencia) values (1481, 105);
insert into habilidade_competencia (id_habilidade, id_competencia) values (1482, 105);
insert into habilidade_competencia (id_habilidade, id_competencia) values (1485, 105);
insert into habilidade_competencia (id_habilidade, id_competencia) values (1486, 105);
insert into habilidade_competencia (id_habilidade, id_competencia) values (1487, 105);
insert into habilidade_competencia (id_habilidade, id_competencia) values (1434, 106);
insert into habilidade_competencia (id_habilidade, id_competencia) values (1453, 106);
insert into habilidade_competencia (id_habilidade, id_competencia) values (1458, 106);
insert into habilidade_competencia (id_habilidade, id_competencia) values (1462, 106);
insert into habilidade_competencia (id_habilidade, id_competencia) values (1469, 106);
insert into habilidade_competencia (id_habilidade, id_competencia) values (1470, 106);
insert into habilidade_competencia (id_habilidade, id_competencia) values (1471, 106);
insert into habilidade_competencia (id_habilidade, id_competencia) values (1473, 106);
insert into habilidade_competencia (id_habilidade, id_competencia) values (1475, 106);
insert into habilidade_competencia (id_habilidade, id_competencia) values (1485, 106);
insert into habilidade_competencia (id_habilidade, id_competencia) values (1438, 107);
insert into habilidade_competencia (id_habilidade, id_competencia) values (1448, 107);
insert into habilidade_competencia (id_habilidade, id_competencia) values (1450, 107);
insert into habilidade_competencia (id_habilidade, id_competencia) values (1452, 107);
insert into habilidade_competencia (id_habilidade, id_competencia) values (1453, 107);
insert into habilidade_competencia (id_habilidade, id_competencia) values (1455, 107);
insert into habilidade_competencia (id_habilidade, id_competencia) values (1458, 107);
insert into habilidade_competencia (id_habilidade, id_competencia) values (1460, 107);
insert into habilidade_competencia (id_habilidade, id_competencia) values (1461, 107);
insert into habilidade_competencia (id_habilidade, id_competencia) values (1462, 107);
insert into habilidade_competencia (id_habilidade, id_competencia) values (1466, 107);
insert into habilidade_competencia (id_habilidade, id_competencia) values (1467, 107);
insert into habilidade_competencia (id_habilidade, id_competencia) values (1478, 107);
insert into habilidade_competencia (id_habilidade, id_competencia) values (1480, 107);
insert into habilidade_competencia (id_habilidade, id_competencia) values (1484, 107);
insert into habilidade_competencia (id_habilidade, id_competencia) values (1486, 107);
insert into habilidade_competencia (id_habilidade, id_competencia) values (1487, 107);
insert into habilidade_competencia (id_habilidade, id_competencia) values (1442, 108);
insert into habilidade_competencia (id_habilidade, id_competencia) values (1443, 108);
insert into habilidade_competencia (id_habilidade, id_competencia) values (1449, 108);
insert into habilidade_competencia (id_habilidade, id_competencia) values (1454, 110);
insert into habilidade_competencia (id_habilidade, id_competencia) values (1479, 110);
insert into habilidade_competencia (id_habilidade, id_competencia) values (1480, 110);
insert into habilidade_competencia (id_habilidade, id_competencia) values (1481, 110);
insert into habilidade_competencia (id_habilidade, id_competencia) values (1482, 110);
insert into habilidade_competencia (id_habilidade, id_competencia) values (1483, 110);
insert into habilidade_competencia (id_habilidade, id_competencia) values (1444, 111);
insert into habilidade_competencia (id_habilidade, id_competencia) values (1445, 111);
insert into habilidade_competencia (id_habilidade, id_competencia) values (1450, 111);
insert into habilidade_competencia (id_habilidade, id_competencia) values (1451, 111);
insert into habilidade_competencia (id_habilidade, id_competencia) values (1456, 111);
insert into habilidade_competencia (id_habilidade, id_competencia) values (1461, 111);
insert into habilidade_competencia (id_habilidade, id_competencia) values (1463, 111);
insert into habilidade_competencia (id_habilidade, id_competencia) values (1465, 111);
insert into habilidade_competencia (id_habilidade, id_competencia) values (1468, 111);
insert into habilidade_competencia (id_habilidade, id_competencia) values (1472, 111);
insert into habilidade_competencia (id_habilidade, id_competencia) values (1473, 111);
insert into habilidade_competencia (id_habilidade, id_competencia) values (1474, 111);
insert into habilidade_competencia (id_habilidade, id_competencia) values (1476, 111);
insert into habilidade_competencia (id_habilidade, id_competencia) values (1477, 111);

SELECT setval('public.seq_id_direito', 6, true);
SELECT setval('public.seq_id_objetivo', 93, true);
SELECT setval('public.seq_id_competencia', 125, true);
SELECT setval('public.seq_id_habilidade', 1487, true);
SELECT setval('public.seq_id_componente', 15, true);
SELECT setval('public.seq_id_faixa_ano', 15, true);
SELECT setval('public.seq_id_campo_experiencia', 5, true);
SELECT setval('public.seq_id_nivel', 3, true);

ALTER TABLE public.direito ALTER COLUMN id SET DEFAULT nextval('seq_id_direito'::regclass);
ALTER TABLE public.objetivo ALTER COLUMN id SET DEFAULT nextval('seq_id_objetivo'::regclass);
ALTER TABLE public.competencia ALTER COLUMN id SET DEFAULT nextval('seq_id_competencia'::regclass);
ALTER TABLE public.habilidade ALTER COLUMN id SET DEFAULT nextval('seq_id_habilidade'::regclass);
ALTER TABLE public.componente ALTER COLUMN id SET DEFAULT nextval('seq_id_componente'::regclass);
ALTER TABLE public.faixa_ano ALTER COLUMN id SET DEFAULT nextval('seq_id_componente'::regclass);
ALTER TABLE public.campo_experiencia ALTER COLUMN id SET DEFAULT nextval('seq_id_campo_experiencia'::regclass);
ALTER TABLE public.nivel ALTER COLUMN id SET DEFAULT nextval('seq_id_nivel'::regclass);




