delete from campo_experiencia_direito;
delete from habilidade_faixa_ano;
delete from habilidade_competencia;
delete from direito;
delete from objetivo;
delete from competencia;
delete from habilidade;
delete from componente;
delete from faixa_ano;
delete from campo_experiencia;
delete from nivel;
delete from atitude;
delete from valor;

ALTER TABLE public.direito ALTER COLUMN id DROP DEFAULT;
ALTER TABLE public.objetivo ALTER COLUMN id DROP DEFAULT;
ALTER TABLE public.competencia ALTER COLUMN id DROP DEFAULT;
ALTER TABLE public.habilidade ALTER COLUMN id DROP DEFAULT;
ALTER TABLE public.faixa_ano ALTER COLUMN id DROP DEFAULT;
ALTER TABLE public.componente ALTER COLUMN id DROP DEFAULT;
ALTER TABLE public.campo_experiencia ALTER COLUMN id DROP DEFAULT;
ALTER TABLE public.nivel ALTER COLUMN id DROP DEFAULT;


insert into nivel (id, nome) values (1, 'Educação Infantil');
insert into nivel (id, nome) values (2, 'Ensino Fundamental');
insert into nivel (id, nome) values (3, 'Ensino Médio');

insert into campo_experiencia (id, id_nivel, nome) values (1, 1, 'Traços, sons, cores e formas');
insert into campo_experiencia (id, id_nivel, nome) values (2, 1, 'O eu, o outro e o nós');
insert into campo_experiencia (id, id_nivel, nome) values (3, 1, 'Corpo, gestos e movimentos');
insert into campo_experiencia (id, id_nivel, nome) values (4, 1, 'Escuta, fala, pensamento e imaginação');
insert into campo_experiencia (id, id_nivel, nome) values (5, 1, 'Espaços, tempos, quantidades, relações e transformações');

insert into componente (id, id_nivel, nome) values (1, 2, 'Ciências humanas');
insert into componente (id, id_nivel, nome) values (2, 2, 'Ensino Religioso');
insert into componente (id, id_nivel, nome) values (3, 2, 'Linguagens');
insert into componente (id, id_nivel, nome) values (4, 2, 'Matemática');
insert into componente (id, id_nivel, nome) values (5, 2, 'Ciências da natureza');
insert into componente (id, id_nivel, nome) values (6, 2, 'Língua Portuguesa');
insert into componente (id, id_nivel, nome) values (7, 2, 'Arte');
insert into componente (id, id_nivel, nome) values (8, 2, 'Educação Física');
insert into componente (id, id_nivel, nome) values (9, 2, 'Língua Inglesa');
insert into componente (id, id_nivel, nome) values (10, 2, 'Geografia');
insert into componente (id, id_nivel, nome) values (11, 2, 'História');
insert into componente (id, id_nivel, nome) values (12, 3, 'Linguagens e suas Tecnologias');
insert into componente (id, id_nivel, nome) values (13, 3, 'Matemática e suas Tecnologias');
insert into componente (id, id_nivel, nome) values (14, 3, 'Ciências da Natureza');
insert into componente (id, id_nivel, nome) values (15, 3, 'Ciências Humanas e Sociais Aplicadas');

insert into faixa_ano (id, id_nivel, nome) values (1, 1, 'Bebês (zero a 1 ano e 6 meses)');
insert into faixa_ano (id, id_nivel, nome) values (2, 1, 'Crianças bem pequenas (1 ano e 7 meses a 3 anos e 11 meses)');
insert into faixa_ano (id, id_nivel, nome) values (3, 1, 'Crianças pequenas (4 anos a 5 anos e 11 meses)');
insert into faixa_ano (id, id_nivel, nome) values (4, 2, '1º Ano');
insert into faixa_ano (id, id_nivel, nome) values (5, 2, '2º Ano');
insert into faixa_ano (id, id_nivel, nome) values (6, 2, '3º Ano');
insert into faixa_ano (id, id_nivel, nome) values (7, 2, '4º Ano');
insert into faixa_ano (id, id_nivel, nome) values (8, 2, '5º Ano');
insert into faixa_ano (id, id_nivel, nome) values (9, 2, '6º Ano');
insert into faixa_ano (id, id_nivel, nome) values (10, 2, '7º Ano');
insert into faixa_ano (id, id_nivel, nome) values (11, 2, '8º Ano');
insert into faixa_ano (id, id_nivel, nome) values (12, 2, '9º Ano');
insert into faixa_ano (id, id_nivel, nome) values (13, 3, '1º Ano');
insert into faixa_ano (id, id_nivel, nome) values (14, 3, '2º Ano');
insert into faixa_ano (id, id_nivel, nome) values (15, 3, '3º Ano');

insert into direito (id, id_nivel, codigo, ativo, bncc, descricao) values (1, 1, 'D0001', true, true, 'CONVIVER com outras crianças e adultos, em pequenos e grandes grupos, utilizando diferentes linguagens, ampliando o conhecimento de si e do outro, o respeito em relação à cultura e às diferenças entre as pessoas');
insert into direito (id, id_nivel, codigo, ativo, bncc, descricao) values (2, 1, 'D0002', true, true, 'BRINCAR cotidianamente de diversas formas, em diferentes espaços e tempos, com diferentes parceiros (crianças e adultos), ampliando e diversificando seu acesso a produções culturais, seus conhecimentos, sua imaginação, sua criatividade, suas experiências emocionais, corporais, sensoriais, expressivas, cognitivas, sociais e relacionais');
insert into direito (id, id_nivel, codigo, ativo, bncc, descricao) values (3, 1, 'D0003', true, true, 'PARTICIPAR ativamente, com adultos e outras crianças, tanto do planejamento da gestão da escola e das atividades propostas pelo educador quanto da realização das atividades da vida cotidiana, tais como a escolha das brincadeiras, dos materiais e dos ambientes, desenvolvendo diferentes linguagens e elaborando conhecimentos, decidindo e se posicionando');
insert into direito (id, id_nivel, codigo, ativo, bncc, descricao) values (4, 1, 'D0004', true, true, 'EXPLORAR movimentos, gestos, sons, formas, texturas, cores, palavras, emoções, transformações, relacionamentos, histórias, objetos, elementos da natureza, na escola e fora dela, ampliando seus saberes sobre a cultura, em suas diversas modalidades: as artes, a escrita, a ciência e a tecnologia');
insert into direito (id, id_nivel, codigo, ativo, bncc, descricao) values (5, 1, 'D0005', true, true, 'EXPRESSAR, como sujeito dialógico, criativo e sensível, suas necessidades, emoções, sentimentos, dúvidas, hipóteses, descobertas, opiniões, questionamentos, por meio de diferentes linguagens');
insert into direito (id, id_nivel, codigo, ativo, bncc, descricao) values (6, 1, 'D0006', true, true, 'CONHECER-SE e CONSTRUIR sua identidade pessoal, social e cultural, constituindo uma imagem positiva de si e de seus grupos de pertencimento, nas diversas experiências de cuidados, interações, brincadeiras e linguagens vivenciadas na instituição escolar e em seu contexto familiar e comunitário');

insert into campo_experiencia_direito (id_campo_experiencia, id_direito) values (1, 1);
insert into campo_experiencia_direito (id_campo_experiencia, id_direito) values (1, 2);
insert into campo_experiencia_direito (id_campo_experiencia, id_direito) values (1, 3);
insert into campo_experiencia_direito (id_campo_experiencia, id_direito) values (1, 4);
insert into campo_experiencia_direito (id_campo_experiencia, id_direito) values (2, 1);
insert into campo_experiencia_direito (id_campo_experiencia, id_direito) values (2, 2);
insert into campo_experiencia_direito (id_campo_experiencia, id_direito) values (2, 3);
insert into campo_experiencia_direito (id_campo_experiencia, id_direito) values (2, 4);
insert into campo_experiencia_direito (id_campo_experiencia, id_direito) values (3, 1);
insert into campo_experiencia_direito (id_campo_experiencia, id_direito) values (3, 2);
insert into campo_experiencia_direito (id_campo_experiencia, id_direito) values (3, 3);
insert into campo_experiencia_direito (id_campo_experiencia, id_direito) values (3, 4);
insert into campo_experiencia_direito (id_campo_experiencia, id_direito) values (3, 5);
insert into campo_experiencia_direito (id_campo_experiencia, id_direito) values (4, 1);
insert into campo_experiencia_direito (id_campo_experiencia, id_direito) values (4, 2);
insert into campo_experiencia_direito (id_campo_experiencia, id_direito) values (4, 3);
insert into campo_experiencia_direito (id_campo_experiencia, id_direito) values (5, 1);
insert into campo_experiencia_direito (id_campo_experiencia, id_direito) values (5, 2);
insert into campo_experiencia_direito (id_campo_experiencia, id_direito) values (5, 4);
insert into campo_experiencia_direito (id_campo_experiencia, id_direito) values (5, 5);

insert into objetivo (id, id_campo_experiencia, id_faixa_ano, bncc, ativo, codigo, descricao) values (1, 1, 1, true, true, 'EI01TS01', 'Explorar sons produzidos com o próprio corpo e com objetos do ambiente');
insert into objetivo (id, id_campo_experiencia, id_faixa_ano, bncc, ativo, codigo, descricao) values (2, 1, 2, true, true, 'EI02TS01', 'Criar sons com materiais, objetos e instrumentos musicais, para acompanhar diversos ritmos de música');
insert into objetivo (id, id_campo_experiencia, id_faixa_ano, bncc, ativo, codigo, descricao) values (3, 1, 3, true, true, 'EI03TS01', 'Utilizar sons produzidos por materiais, objetos e instrumentos musicais durante brincadeiras de faz de conta, encenações, criações musicais, festas');
insert into objetivo (id, id_campo_experiencia, id_faixa_ano, bncc, ativo, codigo, descricao) values (4, 1, 1, true, true, 'EI01TS02', 'Traçar marcas gráficas, em diferentes suportes, usando instrumentos riscantes e tintas');
insert into objetivo (id, id_campo_experiencia, id_faixa_ano, bncc, ativo, codigo, descricao) values (5, 1, 2, true, true, 'EI02TS02', 'Utilizar materiais variados com possibilidades de manipulação , argila, massa de modelar), explorando cores, texturas, superfícies, planos, formas e volumes ao criar objetos tridimensionais');
insert into objetivo (id, id_campo_experiencia, id_faixa_ano, bncc, ativo, codigo, descricao) values (6, 1, 3, true, true, 'EI03TS02', 'Expressar-se livremente por meio de desenho, pintura, colagem, dobradura e escultura, criando produções bidimensionais e tridimensionais');
insert into objetivo (id, id_campo_experiencia, id_faixa_ano, bncc, ativo, codigo, descricao) values (7, 1, 1, true, true, 'EI01TS03', 'Explorar diferentes fontes sonoras e materiais para acompanhar brincadeiras cantadas, canções, músicas e melodias');
insert into objetivo (id, id_campo_experiencia, id_faixa_ano, bncc, ativo, codigo, descricao) values (8, 1, 2, true, true, 'EI02TS03', 'Utilizar diferentes fontes sonoras disponíveis no ambiente em brincadeiras cantadas, canções, músicas e melodias');
insert into objetivo (id, id_campo_experiencia, id_faixa_ano, bncc, ativo, codigo, descricao) values (9, 1, 3, true, true, 'EI03TS03', 'Reconhecer as qualidades do som , intensidade, duração, altura e timbre), utilizando-as em suas produções sonoras e ao ouvir músicas e sons');

insert into objetivo (id, id_campo_experiencia, id_faixa_ano, bncc, ativo, codigo, descricao) values (10, 2, 1, true, true, 'EI01EO01', 'Perceber que suas ações têm efeitos nas outras crianças e nos adultos');
insert into objetivo (id, id_campo_experiencia, id_faixa_ano, bncc, ativo, codigo, descricao) values (11, 2, 2, true, true, 'EI02EO01', 'Demonstrar atitudes de cuidado e solidariedade na interação com crianças e adultos');
insert into objetivo (id, id_campo_experiencia, id_faixa_ano, bncc, ativo, codigo, descricao) values (12, 2, 1, true, true, 'EI03EO01', 'Demonstrar empatia pelos outros, percebendo que as pessoas têm diferentes sentimentos, necessidades e maneiras de pensar e agir');
insert into objetivo (id, id_campo_experiencia, id_faixa_ano, bncc, ativo, codigo, descricao) values (13, 2, 1, true, true, 'EI01EO02', 'Perceber as possibilidades e os limites de seu corpo nas brincadeiras e interações das quais participa');
insert into objetivo (id, id_campo_experiencia, id_faixa_ano, bncc, ativo, codigo, descricao) values (14, 2, 3, true, true, 'EI03EO02', 'Agir de maneira independente, com confiança em suas capacidades, reconhecendo suas conquistas e limitações');
insert into objetivo (id, id_campo_experiencia, id_faixa_ano, bncc, ativo, codigo, descricao) values (15, 2, 1, true, true, 'EI01EO03', 'Interagir com crianças da mesma faixa etária e adultos ao explorar espaços, materiais, objetos, brinquedos');
insert into objetivo (id, id_campo_experiencia, id_faixa_ano, bncc, ativo, codigo, descricao) values (16, 2, 2, true, true, 'EI02EO03', 'Compartilhar os objetos e os espaços com crianças da mesma faixa etária e adultos');
insert into objetivo (id, id_campo_experiencia, id_faixa_ano, bncc, ativo, codigo, descricao) values (17, 2, 3, true, true, 'EI03EO03', 'Ampliar as relações interpessoais, desenvolvendo atitudes de participação e cooperação');
insert into objetivo (id, id_campo_experiencia, id_faixa_ano, bncc, ativo, codigo, descricao) values (18, 2, 1, true, true, 'EI01EO04', 'Comunicar necessidades, desejos e emoções, utilizando gestos, balbucios, palavras');
insert into objetivo (id, id_campo_experiencia, id_faixa_ano, bncc, ativo, codigo, descricao) values (19, 2, 2, true, true, 'EI02EO04', 'Comunicar-se com os colegas e os adultos, buscando compreendê-los e fazendo-se compreender');
insert into objetivo (id, id_campo_experiencia, id_faixa_ano, bncc, ativo, codigo, descricao) values (20, 2, 3, true, true, 'EI03EO04', 'Comunicar suas ideias e sentimentos a pessoas e grupos diversos');
insert into objetivo (id, id_campo_experiencia, id_faixa_ano, bncc, ativo, codigo, descricao) values (21, 2, 1, true, true, 'EI01EO05', 'Reconhecer seu corpo e expressar suas sensações em momentos de alimentação, higiene, brincadeira e descanso');
insert into objetivo (id, id_campo_experiencia, id_faixa_ano, bncc, ativo, codigo, descricao) values (22, 2, 2, true, true, 'EI02EO05', 'Perceber que as pessoas têm características físicas diferentes, respeitando essas diferenças');
insert into objetivo (id, id_campo_experiencia, id_faixa_ano, bncc, ativo, codigo, descricao) values (23, 2, 3, true, true, 'EI03EO05', 'Demonstrar valorização das características de seu corpo e respeitar as características dos outros , crianças e adultos) com os quais convive');
insert into objetivo (id, id_campo_experiencia, id_faixa_ano, bncc, ativo, codigo, descricao) values (24, 2, 1, true, true, 'EI01EO06', 'Interagir com outras crianças da mesma faixa etária e adultos, adaptando-se ao convívio social');
insert into objetivo (id, id_campo_experiencia, id_faixa_ano, bncc, ativo, codigo, descricao) values (25, 2, 2, true, true, 'EI02EO06', 'Respeitar regras básicas de convívio social nas interações e brincadeiras');
insert into objetivo (id, id_campo_experiencia, id_faixa_ano, bncc, ativo, codigo, descricao) values (26, 2, 3, true, true, 'EI03EO06', 'Manifestar interesse e respeito por diferentes culturas e modos de vida');
insert into objetivo (id, id_campo_experiencia, id_faixa_ano, bncc, ativo, codigo, descricao) values (27, 2, 2, true, true, 'EI02EO07', 'Resolver conflitos nas interações e brincadeiras, com a orientação de um adulto');
insert into objetivo (id, id_campo_experiencia, id_faixa_ano, bncc, ativo, codigo, descricao) values (28, 2, 3, true, true, 'EI03EO07', 'Usar estratégias pautadas no respeito mútuo para lidar com conflitos nas interações com crianças e adultos');
insert into objetivo (id, id_campo_experiencia, id_faixa_ano, bncc, ativo, codigo, descricao) values (29, 2, 2, true, true, 'EI02EO02', 'Demonstrar imagem positiva de si e confiança em sua capacidade para enfrentar dificuldades e desafios');

insert into objetivo (id, id_campo_experiencia, id_faixa_ano, bncc, ativo, codigo, descricao) values (30, 3, 3, true, true, 'EI03CG01', 'Criar com o corpo formas diversificadas de expressão de sentimentos, sensações e emoções, tanto nas situações do cotidiano quanto em brincadeiras, dança, teatro, música');
insert into objetivo (id, id_campo_experiencia, id_faixa_ano, bncc, ativo, codigo, descricao) values (31, 3, 2, true, true, 'EI02CG05', 'Desenvolver progressivamente as habilidades manuais, adquirindo controle para desenhar, pintar, rasgar, folhear, entre outros');
insert into objetivo (id, id_campo_experiencia, id_faixa_ano, bncc, ativo, codigo, descricao) values (32, 3, 2, true, true, 'EI02CG01', 'Apropriar-se de gestos e movimentos de sua cultura no cuidado de si e nos jogos e brincadeiras');
insert into objetivo (id, id_campo_experiencia, id_faixa_ano, bncc, ativo, codigo, descricao) values (33, 3, 1, true, true, 'EI01CG01', 'Movimentar as partes do corpo para exprimir corporalmente emoções, necessidades e desejos');
insert into objetivo (id, id_campo_experiencia, id_faixa_ano, bncc, ativo, codigo, descricao) values (34, 3, 1, true, true, 'EI01CG02', 'Experimentar as possibilidades corporais nas brincadeiras e interações em ambientes acolhedores e desafiantes');
insert into objetivo (id, id_campo_experiencia, id_faixa_ano, bncc, ativo, codigo, descricao) values (35, 3, 2, true, true, 'EI02CG02', 'Deslocar seu corpo no espaço, orientando-se por noções como em frente, atrás, no alto, embaixo, dentro, fora, etc, ao se envolver em brincadeiras e atividades de diferentes naturezas');
insert into objetivo (id, id_campo_experiencia, id_faixa_ano, bncc, ativo, codigo, descricao) values (36, 3, 3, true, true, 'EI03CG02', 'Demonstrar controle e adequação do uso de seu corpo em brincadeiras e jogos, escuta e reconto de histórias, atividades artísticas, entre outras possibilidades');
insert into objetivo (id, id_campo_experiencia, id_faixa_ano, bncc, ativo, codigo, descricao) values (37, 3, 1, true, true, 'EI01CG03', 'Imitar gestos e movimentos de outras crianças, adultos e animais');
insert into objetivo (id, id_campo_experiencia, id_faixa_ano, bncc, ativo, codigo, descricao) values (38, 3, 3, true, true, 'EI03CG04', 'Adotar hábitos de autocuidado relacionados a higiene, alimentação, conforto e aparência');
insert into objetivo (id, id_campo_experiencia, id_faixa_ano, bncc, ativo, codigo, descricao) values (39, 3, 2, true, true, 'EI02CG03', 'Explorar formas de deslocamento no espaço (pular, saltar, dançar), combinando movimentos e seguindo orientações');
insert into objetivo (id, id_campo_experiencia, id_faixa_ano, bncc, ativo, codigo, descricao) values (40, 3, 3, true, true, 'EI03CG03', 'Criar movimentos, gestos, olhares e mímicas em brincadeiras, jogos e atividades artísticas como dança, teatro e música');
insert into objetivo (id, id_campo_experiencia, id_faixa_ano, bncc, ativo, codigo, descricao) values (41, 3, 1, true, true, 'EI01CG04', 'Participar do cuidado do seu corpo e da promoção do seu bem-estar');
insert into objetivo (id, id_campo_experiencia, id_faixa_ano, bncc, ativo, codigo, descricao) values (42, 3, 2, true, true, 'EI02CG04', 'Demonstrar progressiva independência no cuidado do seu corpo');
insert into objetivo (id, id_campo_experiencia, id_faixa_ano, bncc, ativo, codigo, descricao) values (43, 3, 1, true, true, 'EI01CG05', 'Utilizar os movimentos de preensão, encaixe e lançamento, ampliando suas possibilidades de manuseio de diferentes materiais e objetos');
insert into objetivo (id, id_campo_experiencia, id_faixa_ano, bncc, ativo, codigo, descricao) values (44, 3, 3, true, true, 'EI03CG05', 'Coordenar suas habilidades manuais no atendimento adequado a seus interesses e necessidades em situações diversas');

insert into objetivo (id, id_campo_experiencia, id_faixa_ano, bncc, ativo, codigo, descricao) values (45, 4, 1, true, true, 'EI01EF01', 'Reconhecer quando é chamado por seu nome e reconhecer os nomes de pessoas com quem convive');
insert into objetivo (id, id_campo_experiencia, id_faixa_ano, bncc, ativo, codigo, descricao) values (46, 4, 2, true, true, 'EI02EF01', 'Dialogar com crianças e adultos, expressando seus desejos, necessidades, sentimentos e opiniões');
insert into objetivo (id, id_campo_experiencia, id_faixa_ano, bncc, ativo, codigo, descricao) values (47, 4, 3, true, true, 'EI03EF01', 'Expressar ideias, desejos e sentimentos sobre suas vivências, por meio da linguagem oral e escrita espontânea de fotos, desenhos e outras formas de expressão');
insert into objetivo (id, id_campo_experiencia, id_faixa_ano, bncc, ativo, codigo, descricao) values (48, 4, 1, true, true, 'EI01EF02', 'Demonstrar interesse ao ouvir a leitura de poemas e a apresentação de músicas');
insert into objetivo (id, id_campo_experiencia, id_faixa_ano, bncc, ativo, codigo, descricao) values (49, 4, 2, true, true, 'EI02EF02', 'Identificar e criar diferentes sons e reconhecer rimas e aliterações em cantigas de roda e textos poéticos');
insert into objetivo (id, id_campo_experiencia, id_faixa_ano, bncc, ativo, codigo, descricao) values (50, 4, 3, true, true, 'EI03EF02', 'Inventar brincadeiras cantadas, poemas e canções, criando rimas, aliterações e ritmos');
insert into objetivo (id, id_campo_experiencia, id_faixa_ano, bncc, ativo, codigo, descricao) values (51, 4, 1, true, true, 'EI01EF03', 'Demonstrar interesse ao ouvir histórias lidas ou contadas, observando ilustrações e os movimentos de leitura do adulto-leitor (modo de segurar o portador e de virar as páginas)');
insert into objetivo (id, id_campo_experiencia, id_faixa_ano, bncc, ativo, codigo, descricao) values (52, 4, 2, true, true, 'EI02EF03', 'Demonstrar interesse e atenção ao ouvir a leitura de histórias e outros textos, diferenciando escrita de ilustrações, e acompanhando, com orientação do adulto-leitor, a direção da leitura (de cima para baixo, da esquerda para a direita)');
insert into objetivo (id, id_campo_experiencia, id_faixa_ano, bncc, ativo, codigo, descricao) values (53, 4, 3, true, true, 'EI03EF03', 'Escolher e folhear livros, procurando orientar-se por temas e ilustrações e tentando identificar palavras conhecidas');
insert into objetivo (id, id_campo_experiencia, id_faixa_ano, bncc, ativo, codigo, descricao) values (54, 4, 2, true, true, 'EI02EF05', 'Relatar experiências e fatos acontecidos, histórias ouvidas, filmes ou peças teatrais assistidos etc');
insert into objetivo (id, id_campo_experiencia, id_faixa_ano, bncc, ativo, codigo, descricao) values (55, 4, 1, true, true, 'EI01EF04', 'Reconhecer elementos das ilustrações de histórias, apontando-os, a pedido do adulto-leitor');
insert into objetivo (id, id_campo_experiencia, id_faixa_ano, bncc, ativo, codigo, descricao) values (56, 4, 2, true, true, 'EI02EF04', 'Formular e responder perguntas sobre fatos da história narrada, identificando cenários, personagens e principais acontecimentos');
insert into objetivo (id, id_campo_experiencia, id_faixa_ano, bncc, ativo, codigo, descricao) values (57, 4, 3, true, true, 'EI03EF04', 'Recontar histórias ouvidas e planejar coletivamente roteiros de vídeos e de encenações, definindo os contextos, os personagens, a estrutura da história');
insert into objetivo (id, id_campo_experiencia, id_faixa_ano, bncc, ativo, codigo, descricao) values (58, 4, 1, true, true, 'EI01EF05', 'Imitar as variações de entonação e gestos realizados pelos adultos, ao ler histórias e ao cantar');
insert into objetivo (id, id_campo_experiencia, id_faixa_ano, bncc, ativo, codigo, descricao) values (59, 4, 3, true, true, 'EI03EF05', 'Recontar histórias ouvidas para produção de reconto escrito, tendo o professor como escriba');
insert into objetivo (id, id_campo_experiencia, id_faixa_ano, bncc, ativo, codigo, descricao) values (60, 4, 1, true, true, 'EI01EF06', 'Comunicar-se com outras pessoas usando movimentos, gestos, balbucios, fala e outras formas de expressão');
insert into objetivo (id, id_campo_experiencia, id_faixa_ano, bncc, ativo, codigo, descricao) values (61, 4, 2, true, true, 'EI02EF06', 'Criar e contar histórias oralmente, com base em imagens ou temas sugeridos');
insert into objetivo (id, id_campo_experiencia, id_faixa_ano, bncc, ativo, codigo, descricao) values (62, 4, 3, true, true, 'EI03EF06', 'Produzir suas próprias histórias orais e escritas espontânea em situações com função social significativa');
insert into objetivo (id, id_campo_experiencia, id_faixa_ano, bncc, ativo, codigo, descricao) values (63, 4, 2, true, true, 'EI02EF08', 'Manipular textos e participar de situações de escuta para ampliar seu contato com diferentes gêneros textuais (parlendas, histórias de aventura, tirinhas, cartazes de sala, cardápios, notícias etc');
insert into objetivo (id, id_campo_experiencia, id_faixa_ano, bncc, ativo, codigo, descricao) values (64, 4, 1, true, true, 'EI01EF07', 'Conhecer e manipular materiais impressos e audiovisuais em diferentes portadores (livro, revista, gibi, jornal, cartaz, CD, tablet etc)');
insert into objetivo (id, id_campo_experiencia, id_faixa_ano, bncc, ativo, codigo, descricao) values (65, 4, 2, true, true, 'EI02EF07', 'Manusear diferentes portadores textuais, demonstrando reconhecer seus usos sociais');
insert into objetivo (id, id_campo_experiencia, id_faixa_ano, bncc, ativo, codigo, descricao) values (66, 4, 3, true, true, 'EI03EF07', 'Levantar hipóteses sobre gêneros textuais veiculados em portadores conhecidos, recorrendo a estratégias de observação gráfica e/ou de leitura');
insert into objetivo (id, id_campo_experiencia, id_faixa_ano, bncc, ativo, codigo, descricao) values (67, 4, 1, true, true, 'EI01EF08', 'Participar de situações de escuta de textos em diferentes gêneros textuais (poemas, fábulas, contos, receitas, quadrinhos, anúncios etc)');
insert into objetivo (id, id_campo_experiencia, id_faixa_ano, bncc, ativo, codigo, descricao) values (68, 4, 3, true, true, 'EI03EF08', 'Selecionar livros e textos de gêneros conhecidos para a leitura de um adulto e/ou para sua própria leitura (partindo de seu repertório sobre esses textos, como a recuperação pela memória, pela leitura das ilustrações etc)');
insert into objetivo (id, id_campo_experiencia, id_faixa_ano, bncc, ativo, codigo, descricao) values (69, 4, 1, true, true, 'EI01EF09', 'Conhecer e manipular diferentes instrumentos e suportes de escrita');
insert into objetivo (id, id_campo_experiencia, id_faixa_ano, bncc, ativo, codigo, descricao) values (70, 4, 2, true, true, 'EI02EF09', 'Manusear diferentes instrumentos e suportes de escrita para desenhar, traçar letras e outros sinais gráficos');
insert into objetivo (id, id_campo_experiencia, id_faixa_ano, bncc, ativo, codigo, descricao) values (71, 4, 3, true, true, 'EI03EF09', 'Levantar hipóteses em relação à linguagem escrita, realizando registros de palavras e textos, por meio de escrita espontânea');

insert into objetivo (id, id_campo_experiencia, id_faixa_ano, bncc, ativo, codigo, descricao) values (72, 5, 1, true, true, 'EI01ET01', 'Explorar e descobrir as propriedades de objetos e materiais (odor, cor, sabor, temperatura)');
insert into objetivo (id, id_campo_experiencia, id_faixa_ano, bncc, ativo, codigo, descricao) values (73, 5, 1, true, true, 'EI02ET01', 'Explorar e descrever semelhanças e diferenças entre as características e propriedades dos objetos (textura, massa, tamanho)');
insert into objetivo (id, id_campo_experiencia, id_faixa_ano, bncc, ativo, codigo, descricao) values (74, 5, 3, true, true, 'EI03ET01', 'Estabelecer relações de comparação entre objetos, observando suas propriedades');
insert into objetivo (id, id_campo_experiencia, id_faixa_ano, bncc, ativo, codigo, descricao) values (75, 5, 1, true, true, 'EI01ET02', 'Explorar relações de causa e efeito (transbordar, tingir, misturar, mover e remover etc) na interação com o mundo físico');
insert into objetivo (id, id_campo_experiencia, id_faixa_ano, bncc, ativo, codigo, descricao) values (76, 5, 2, true, true, 'EI02ET02', 'Observar, relatar e descrever incidentes do cotidiano e fenômenos naturais (luz solar, vento, chuva etc)');
insert into objetivo (id, id_campo_experiencia, id_faixa_ano, bncc, ativo, codigo, descricao) values (77, 5, 3, true, true, 'EI03ET02', 'Observar e descrever mudanças em diferentes materiais, resultantes de ações sobre eles, em experimentos envolvendo fenômenos naturais e artificiais');
insert into objetivo (id, id_campo_experiencia, id_faixa_ano, bncc, ativo, codigo, descricao) values (78, 5, 1, true, true, 'EI01ET03', 'Explorar o ambiente pela ação e observação, manipulando, experimentando e fazendo descobertas');
insert into objetivo (id, id_campo_experiencia, id_faixa_ano, bncc, ativo, codigo, descricao) values (79, 5, 2, true, true, 'EI02ET03', 'Compartilhar, com outras crianças, situações de cuidado de plantas e animais nos espaços da instituição e fora dela');
insert into objetivo (id, id_campo_experiencia, id_faixa_ano, bncc, ativo, codigo, descricao) values (80, 5, 3, true, true, 'EI03ET03', 'Identificar e selecionar fontes de informações, para responder a questões sobre a natureza, seus fenômenos, sua conservação');
insert into objetivo (id, id_campo_experiencia, id_faixa_ano, bncc, ativo, codigo, descricao) values (81, 5, 1, true, true, 'EI01ET04', 'Manipular, experimentar, arrumar e explorar o espaço por meio de experiências de deslocamentos de si e dos objetos');
insert into objetivo (id, id_campo_experiencia, id_faixa_ano, bncc, ativo, codigo, descricao) values (82, 5, 2, true, true, 'EI02ET04', 'Identificar relações espaciais (dentro e fora, em cima, embaixo, acima, abaixo, entre e do lado) e temporais (antes, durante e depois)');
insert into objetivo (id, id_campo_experiencia, id_faixa_ano, bncc, ativo, codigo, descricao) values (83, 5, 3, true, true, 'EI03ET04', 'Registrar observações, manipulações e medidas, usando múltiplas linguagens (desenho, registro por números ou escrita espontânea), em diferentes suportes');
insert into objetivo (id, id_campo_experiencia, id_faixa_ano, bncc, ativo, codigo, descricao) values (84, 5, 1, true, true, 'EI01ET05', 'Manipular materiais diversos e variados para comparar as diferenças e semelhanças entre eles');
insert into objetivo (id, id_campo_experiencia, id_faixa_ano, bncc, ativo, codigo, descricao) values (85, 5, 2, true, true, 'EI02ET05', 'Classificar objetos, considerando determinado atributo (tamanho, peso, cor, forma etc)');
insert into objetivo (id, id_campo_experiencia, id_faixa_ano, bncc, ativo, codigo, descricao) values (86, 5, 3, true, true, 'EI03ET05', 'Classificar objetos e figuras de acordo com suas semelhanças e diferenças');
insert into objetivo (id, id_campo_experiencia, id_faixa_ano, bncc, ativo, codigo, descricao) values (87, 5, 1, true, true, 'EI01ET06', 'Vivenciar diferentes ritmos, velocidades e fluxos nas interações e brincadeiras em danças, balanços, escorregadores etc)');
insert into objetivo (id, id_campo_experiencia, id_faixa_ano, bncc, ativo, codigo, descricao) values (88, 5, 2, true, true, 'EI02ET06', 'Utilizar conceitos básicos de tempo (agora, antes, durante, depois, ontem, hoje, amanhã, lento, rápido, depressa, devagar)');
insert into objetivo (id, id_campo_experiencia, id_faixa_ano, bncc, ativo, codigo, descricao) values (89, 5, 3, true, true, 'EI03ET06', 'Relatar fatos importantes sobre seu nascimento e desenvolvimento, a história dos seus familiares e da sua comunidade');
insert into objetivo (id, id_campo_experiencia, id_faixa_ano, bncc, ativo, codigo, descricao) values (90, 5, 2, true, true, 'EI02ET07', 'Contar oralmente objetos, pessoas, livros, etc em contextos diversos');
insert into objetivo (id, id_campo_experiencia, id_faixa_ano, bncc, ativo, codigo, descricao) values (91, 5, 3, true, true, 'EI03ET07', 'Relacionar números às suas respectivas quantidades e identificar o antes, o depois e o entre em uma sequência');
insert into objetivo (id, id_campo_experiencia, id_faixa_ano, bncc, ativo, codigo, descricao) values (92, 5, 2, true, true, 'EI02ET08', 'Registrar com números a quantidade de crianças (meninas e meninos, presentes e ausentes) e a quantidade de objetos da mesma natureza (bonecas, bolas, livros etc)');
insert into objetivo (id, id_campo_experiencia, id_faixa_ano, bncc, ativo, codigo, descricao) values (93, 5, 3, true, true, 'EI03ET08', 'Expressar medidas (peso, altura etc), construindo gráficos básicos');

--delete from competencia;
--competencias do ensino fundamental 1º ao 9º ano
insert into competencia (id, descricao, id_nivel, id_componente, codigo, bncc, geral, ativo) values (1, 'Valorizar e utilizar os conhecimentos historicamente construídos sobre o mundo físico, social, cultural e digital para entender e explicar a realidade, continuar aprendendo e colaborar para a construção de uma sociedade justa, democrática e inclusiva', 2, Null, 'C0001', true, true, true);
insert into competencia (id, descricao, id_nivel, id_componente, codigo, bncc, geral, ativo) values (2, 'Exercitar a curiosidade intelectual e recorrer à abordagem própria das ciências, incluindo a investigação, a reflexão, a análise crítica, a imaginação e a criatividade, para investigar causas, elaborar e testar hipóteses, formular e resolver problemas e criar soluções (inclusive tecnológicas) com base nos conhecimentos das diferentes áreas', 2, Null, 'C0002', true, true, true);
insert into competencia (id, descricao, id_nivel, id_componente, codigo, bncc, geral, ativo) values (3, 'Valorizar e fruir as diversas manifestações artísticas e culturais, das locais às mundiais, e também participar de práticas diversificadas da produção artístico-cultural', 2, Null, 'C0003', true, true, true);
insert into competencia (id, descricao, id_nivel, id_componente, codigo, bncc, geral, ativo) values (4, 'Utilizar diferentes linguagens – verbal (oral ou visual-motora, como Libras, e escrita), corporal, visual, sonora e digital –, bem como conhecimentos das linguagens artística, matemática e científica, para se expressar e partilhar informações, experiências, ideias e sentimentos em diferentes contextos e produzir sentidos que levem ao entendimento mútuo', 2, Null, 'C0004', true, true, true);
insert into competencia (id, descricao, id_nivel, id_componente, codigo, bncc, geral, ativo) values (5, 'Compreender, utilizar e criar tecnologias digitais de informação e comunicação de forma crítica, significativa, reflexiva e ética nas diversas práticas sociais (incluindo as escolares) para se comunicar, acessar e disseminar informações, produzir conhecimentos, resolver problemas e exercer protagonismo e autoria na vida pessoal e coletiva', 2, Null, 'C0005', true, true, true);
insert into competencia (id, descricao, id_nivel, id_componente, codigo, bncc, geral, ativo) values (6, 'Valorizar a diversidade de saberes e vivências culturais e apropriar-se de conhecimentos e experiências que lhe possibilitem entender as relações próprias do mundo do trabalho e fazer escolhas alinhadas ao exercício da cidadania e ao seu projeto de vida, com liberdade, autonomia, consciência crítica e responsabilidade', 2, Null, 'C0006', true, true, true);
insert into competencia (id, descricao, id_nivel, id_componente, codigo, bncc, geral, ativo) values (7, 'Argumentar com base em fatos, dados e informações confiáveis, para formular, negociar e defender ideias, pontos de vista e decisões comuns que respeitem e promovam os direitos humanos, a consciência socioambiental e o consumo responsável em âmbito local, regional e global, com posicionamento ético em relação ao cuidado de si mesmo, dos outros e do planeta', 2, Null, 'C0007', true, true, true);
insert into competencia (id, descricao, id_nivel, id_componente, codigo, bncc, geral, ativo) values (8, 'Conhecer-se, apreciar-se e cuidar de sua saúde física e emocional, compreendendo-se na diversidade humana e reconhecendo suas emoções e as dos outros, com autocrítica e capacidade para lidar com elas', 2, Null, 'C0008', true, true, true);
insert into competencia (id, descricao, id_nivel, id_componente, codigo, bncc, geral, ativo) values (9, 'Exercitar a empatia, o diálogo, a resolução de conflitos e a cooperação,fazendo-se respeitar e promovendo o respeito ao outro e aos direitos humanos, com acolhimento e valorização da diversidade de indivíduos e de grupos sociais, seus saberes, identidades, culturas e potencialidades, sem preconceitos de qualquer natureza', 2, Null, 'C0009', true, true, true);
insert into competencia (id, descricao, id_nivel, id_componente, codigo, bncc, geral, ativo) values (10, 'Agir pessoal e coletivamente com autonomia, responsabilidade, flexibilidade, resiliência e determinação, tomando decisões com base em princípios éticos, democráticos, inclusivos, sustentáveis e solidários', 2, Null, 'C0010', true, true, true);

insert into competencia (id, descricao, id_nivel, id_componente, codigo, bncc, geral, ativo) values (11, 'Compreender a si e ao outro como identidades diferentes, de forma a exercitar o respeito à diferença em uma sociedade plural e promover os direitos humanos', 2, 1, 'C0011', true, false, true);
insert into competencia (id, descricao, id_nivel, id_componente, codigo, bncc, geral, ativo) values (12, 'Analisar o mundo social, cultural e digital e o meio técnico-científico-informacional com base nos conhecimentos das Ciências Humanas, considerando suas variações de significado no tempo e no espaço, para intervir em situações do cotidiano e se posicionar diante de problemas do mundo contemporâneo', 2, 1, 'C0012', true, false, true);
insert into competencia (id, descricao, id_nivel, id_componente, codigo, bncc, geral, ativo) values (13, 'Identificar, comparar e explicar a intervenção do ser humano na natureza e na sociedade, exercitando a curiosidade e propondo ideias e ações que contribuam para a transformação espacial, social e cultural, de modo a participar efetivamente das dinâmicas da vida social', 2, 1, 'C0013', true, false, true);
insert into competencia (id, descricao, id_nivel, id_componente, codigo, bncc, geral, ativo) values (14, 'Interpretar e expressar sentimentos, crenças e dúvidas com relação a si mesmo, aos outros e às diferentes culturas, com base nos instrumentos de investigação das Ciências Humanas, promovendo o acolhimento e a valorização da diversidade de indivíduos e de grupos sociais, seus saberes, identidades, culturas e potencialidades, sem preconceitos de qualquer natureza', 2, 1, 'C0014', true, false, true);
insert into competencia (id, descricao, id_nivel, id_componente, codigo, bncc, geral, ativo) values (15, 'Comparar eventos ocorridos simultaneamente no mesmo espaço e em espaços variados, e eventos ocorridos em tempos diferentes no mesmo espaço e em espaços variados', 2, 1, 'C0015', true, false, true);
insert into competencia (id, descricao, id_nivel, id_componente, codigo, bncc, geral, ativo) values (16, 'Construir argumentos, com base nos conhecimentos das Ciências Humanas, para negociar e defender ideias e opiniões que respeitem e promovam os direitos humanos e a consciência socioambiental, exercitando a responsabilidade e o protagonismo voltados para o bem comum e a construção de uma sociedade justa, democrática e inclusiva', 2, 1, 'C0016', true, false, true);
insert into competencia (id, descricao, id_nivel, id_componente, codigo, bncc, geral, ativo) values (17, 'Utilizar as linguagens cartográfica, gráfica e iconográfica e diferentes gêneros textuais e tecnologias digitais de informação e comunicação no desenvolvimento do raciocínio espaço-temporal relacionado a localização, distância, direção, duração, simultaneidade, sucessão, ritmo e conexão', 2, 1, 'C0017', true, false, true);

insert into competencia (id, descricao, id_nivel, id_componente, codigo, bncc, geral, ativo) values (18, 'Conviver com a diversidade de crenças, pensamentos, convicções, modos de ser e viver', 2, 2, 'C0018', true, false, true);
insert into competencia (id, descricao, id_nivel, id_componente, codigo, bncc, geral, ativo) values (19, 'Conhecer os aspectos estruturantes das diferentes tradições/movimentos religiosos e filosofias de vida, a partir de pressupostos científicos, filosóficos, estéticos e éticos', 2, 2, 'C0019', true, false, true);
insert into competencia (id, descricao, id_nivel, id_componente, codigo, bncc, geral, ativo) values (20, 'Compreender, valorizar e respeitar as manifestações religiosas e filosofias de vida, suas experiências e saberes, em diferentes tempos, espaços e territórios', 2, 2, 'C0020', true, false, true);
insert into competencia (id, descricao, id_nivel, id_componente, codigo, bncc, geral, ativo) values (21, 'Reconhecer e cuidar de si, do outro, da coletividade e da natureza, enquanto expressão de valor da vida', 2, 2, 'C0021', true, false, true);
insert into competencia (id, descricao, id_nivel, id_componente, codigo, bncc, geral, ativo) values (22, 'Analisar as relações entre as tradições religiosas e os campos da cultura, da política, da economia, da saúde, da ciência, da tecnologia e do meio ambiente', 2, 2, 'C0022', true, false, true);
insert into competencia (id, descricao, id_nivel, id_componente, codigo, bncc, geral, ativo) values (23, 'Debater, problematizar e posicionar-se frente aos discursos e práticas de intolerância, discriminação e violência de cunho religioso, de modo a assegurar os direitos humanos no constante exercício da cidadania e da cultura de paz', 2, 2, 'C0023', true, false, true);

insert into competencia (id, descricao, id_nivel, id_componente, codigo, bncc, geral, ativo) values (24, 'Compreender as linguagens como construção humana, histórica, social e cultural, de natureza dinâmica, reconhecendo-as e valorizando-as como formas de significação da realidade e expressão de subjetividades e identidades sociais e culturais', 2, 3, 'C0024', true, false, true);
insert into competencia (id, descricao, id_nivel, id_componente, codigo, bncc, geral, ativo) values (25, 'Conhecer e explorar diversas práticas de linguagem (artísticas, corporais e linguísticas) em diferentes campos da atividade humana para continuar aprendendo, ampliar suas possibilidades de participação na vida social e colaborar para a construção de uma sociedade mais justa, democrática e inclusiva', 2, 3, 'C0025', true, false, true);
insert into competencia (id, descricao, id_nivel, id_componente, codigo, bncc, geral, ativo) values (26, 'Utilizar diferentes linguagens – verbal (oral ou visual-motora, como Libras, e escrita), corporal, visual, sonora e digital –, para se expressar e partilhar informações, experiências, ideias e sentimentos em diferentes contextos e produzir sentidos que levem ao diálogo, à resolução de conflitos e à cooperação', 2, 3, 'C0026', true, false, true);
insert into competencia (id, descricao, id_nivel, id_componente, codigo, bncc, geral, ativo) values (27, 'Utilizar diferentes linguagens para defender pontos de vista que respeitem o outro e promovam os direitos humanos, a consciência socioambiental e o consumo responsável em âmbito local, regional e global, atuando criticamente frente a questões do mundo contemporâneo', 2, 3, 'C0027', true, false, true);
insert into competencia (id, descricao, id_nivel, id_componente, codigo, bncc, geral, ativo) values (28, 'Desenvolver o senso estético para reconhecer, fruir e respeitar as diversas manifestações artísticas e culturais, das locais às mundiais, inclusive aquelas pertencentes ao patrimônio cultural da humanidade, bem como participar de práticas diversificadas, individuais e coletivas, da produção artístico-cultural, com respeito à diversidade de saberes, identidades e culturas', 2, 3, 'C0028', true, false, true);
insert into competencia (id, descricao, id_nivel, id_componente, codigo, bncc, geral, ativo) values (29, 'Compreender e utilizar tecnologias digitais de informação e comunicação de forma crítica, significativa, reflexiva e ética nas diversas práticas sociais (incluindo as escolares), para se comunicar por meio das diferentes linguagens e mídias, produzir conhecimentos, resolver problemas e desenvolver projetos autorais e coletivos', 2, 3, 'C0029', true, false, true);

insert into competencia (id, descricao, id_nivel, id_componente, codigo, bncc, geral, ativo) values (30, 'Reconhecer que a Matemática é uma ciência humana, fruto das necessidades e preocupações de diferentes culturas, em diferentes momentos históricos, e é uma ciência viva, que contribui para solucionar problemas científicos e tecnológicos e para alicerçar descobertas e construções, inclusive com impactos no mundo do trabalho', 2, 4, 'C0030', true, false, true);
insert into competencia (id, descricao, id_nivel, id_componente, codigo, bncc, geral, ativo) values (31, 'Desenvolver o raciocínio lógico, o espírito de investigação e a capacidade de produzir argumentos convincentes, recorrendo aos conhecimentos matemáticos para compreender e atuar no mundo', 2, 4, 'C0031', true, false, true);
insert into competencia (id, descricao, id_nivel, id_componente, codigo, bncc, geral, ativo) values (32, 'Compreender as relações entre conceitos e procedimentos dos diferentes campos da Matemática (Aritmética, Álgebra, Geometria, Estatística e Probabilidade) e de outras áreas do conhecimento, sentindo segurança quanto à própria capacidade de construir e aplicar conhecimentos matemáticos, desenvolvendo a autoestima e a perseverança na busca de soluções', 2, 4, 'C0032', true, false, true);
insert into competencia (id, descricao, id_nivel, id_componente, codigo, bncc, geral, ativo) values (33, 'Fazer observações sistemáticas de aspectos quantitativos e qualitativos presentes nas práticas sociais e culturais, de modo a investigar, organizar, representar e comunicar informações relevantes, para interpretá-las e avaliá-las crítica e eticamente, produzindo argumentos convincentes', 2, 4, 'C0033', true, false, true);
insert into competencia (id, descricao, id_nivel, id_componente, codigo, bncc, geral, ativo) values (34, 'Utilizar processos e ferramentas matemáticas, inclusive tecnologias digitais disponíveis, para modelar e resolver problemas cotidianos, sociais e de outras áreas de conhecimento, validando estratégias e resultados', 2, 4, 'C0034', true, false, true);
insert into competencia (id, descricao, id_nivel, id_componente, codigo, bncc, geral, ativo) values (35, 'Enfrentar situações-problema em múltiplos contextos, incluindo-se situações imaginadas, não diretamente relacionadas com o aspecto prático-utilitário, expressar suas respostas e sintetizar conclusões, utilizando diferentes registros e linguagens (gráficos, tabelas, esquemas, além de texto escrito na língua materna e outras linguagens para descrever algoritmos, como fluxogramas, e dados)', 2, 4, 'C0035', true, false, true);
insert into competencia (id, descricao, id_nivel, id_componente, codigo, bncc, geral, ativo) values (36, 'Desenvolver e/ou discutir projetos que abordem, sobretudo, questões de urgência social, com base em princípios éticos, democráticos, sustentáveis e solidários, valorizando a diversidade de opiniões de indivíduos e de grupos sociais, sem preconceitos de qualquer natureza', 2, 4, 'C0036', true, false, true);
insert into competencia (id, descricao, id_nivel, id_componente, codigo, bncc, geral, ativo) values (37, 'Interagir com seus pares de forma cooperativa, trabalhando coletivamente no planejamento e desenvolvimento de pesquisas para responder a questionamentos e na busca de soluções para problemas, de modo a identificar aspectos consensuais ou não na discussão de uma determinada questão, respeitando o modo de pensar dos colegas e aprendendo com eles', 2, 4, 'C0037', true, false, true);

insert into competencia (id, descricao, id_nivel, id_componente, codigo, bncc, geral, ativo) values (38, 'Compreender as Ciências da Natureza como empreendimento humano, e o conhecimento científico como provisório, cultural e histórico', 2, 5, 'C0038', true, false, true);
insert into competencia (id, descricao, id_nivel, id_componente, codigo, bncc, geral, ativo) values (39, 'Compreender conceitos fundamentais e estruturas explicativas das Ciências da Natureza, bem como dominar processos, práticas e procedimentos da investigação científica, de modo a sentir segurança no debate de questões científicas, tecnológicas, socioambientais e do mundo do trabalho, continuar aprendendo e colaborar para a construção de uma sociedade justa, democrática e inclusiva', 2, 5, 'C0039', true, false, true);
insert into competencia (id, descricao, id_nivel, id_componente, codigo, bncc, geral, ativo) values (40, 'Analisar, compreender e explicar características, fenômenos e processos relativos ao mundo natural, social e tecnológico (incluindo o digital), como também as relações que se estabelecem entre eles, exercitando a curiosidade para fazer perguntas, buscar respostas e criar soluções (inclusive tecnológicas) com base nos conhecimentos das Ciências da Natureza', 2, 5, 'C0040', true, false, true);
insert into competencia (id, descricao, id_nivel, id_componente, codigo, bncc, geral, ativo) values (41, 'Avaliar aplicações e implicações políticas, socioambientais e culturais da ciência e de suas tecnologias para propor alternativas aos desafios do mundo contemporâneo, incluindo aqueles relativos ao mundo do trabalho', 2, 5, 'C0041', true, false, true);
insert into competencia (id, descricao, id_nivel, id_componente, codigo, bncc, geral, ativo) values (42, 'Construir argumentos com base em dados, evidências e informações confiáveis e negociar e defender ideias e pontos de vista que promovam a consciência socioambiental e o respeito a si próprio e ao outro, acolhendo e valorizando a diversidade de indivíduos e de grupos sociais, sem preconceitos de qualquer natureza', 2, 5, 'C0042', true, false, true);
insert into competencia (id, descricao, id_nivel, id_componente, codigo, bncc, geral, ativo) values (43, 'Utilizar diferentes linguagens e tecnologias digitais de informação e comunicação para se comunicar, acessar e disseminar informações, produzir conhecimentos e resolver problemas das Ciências da Natureza de forma crítica, significativa, reflexiva e ética', 2, 5, 'C0043', true, false, true);
insert into competencia (id, descricao, id_nivel, id_componente, codigo, bncc, geral, ativo) values (44, 'Conhecer, apreciar e cuidar de si, do seu corpo e bem-estar, compreendendo-se na diversidade humana, fazendo-se respeitar e respeitando o outro, recorrendo aos conhecimentos das Ciências da Natureza e às suas tecnologias', 2, 5, 'C0044', true, false, true);
insert into competencia (id, descricao, id_nivel, id_componente, codigo, bncc, geral, ativo) values (45, 'Agir pessoal e coletivamente com respeito, autonomia, responsabilidade, flexibilidade, resiliência e determinação, recorrendo aos conhecimentos das Ciências da Natureza para tomar decisões frente a questões científico-tecnológicas e socioambientais e a respeito da saúde individual e coletiva, com base em princípios éticos, democráticos, sustentáveis e solidários', 2, 5, 'C0045', true, false, true);

insert into competencia (id, descricao, id_nivel, id_componente, codigo, bncc, geral, ativo) values (46, 'Reconhecer o texto como lugar de manifestação e negociação de sentidos, valores e ideologias', 2, 6, 'C0046', true, false, true);
insert into competencia (id, descricao, id_nivel, id_componente, codigo, bncc, geral, ativo) values (47, 'Compreender a língua como fenômeno cultural, histórico, social, variável, heterogêneo e sensível aos contextos de uso, reconhecendo-a como meio de construção de identidades de seus usuários e da comunidade a que pertencem', 2, 6, 'C0047', true, false, true);
insert into competencia (id, descricao, id_nivel, id_componente, codigo, bncc, geral, ativo) values (48, 'Apropriar-se da linguagem escrita, reconhecendo-a como forma de interação nos diferentes campos de atuação da vida social e utilizando-a para ampliar suas possibilidades de participar da cultura letrada, de construir conhecimentos (inclusive escolares) e de se envolver com maior autonomia e protagonismo na vida social', 2, 6, 'C0048', true, false, true);
insert into competencia (id, descricao, id_nivel, id_componente, codigo, bncc, geral, ativo) values (49, 'Ler, escutar e produzir textos orais, escritos e multissemióticos que circulam em diferentes campos de atuação e mídias, com compreensão, autonomia, ﬂuência e criticidade, de modo a se expressar e partilhar informações, experiências, ideias e sentimentos, e continuar aprendendo', 2, 6, 'C0049', true, false, true);
insert into competencia (id, descricao, id_nivel, id_componente, codigo, bncc, geral, ativo) values (50, 'Compreender o fenômeno da variação linguística, demonstrando atitude respeitosa diante de variedades linguísticas e rejeitando preconceitos linguísticos', 2, 6, 'C0050', true, false, true);
insert into competencia (id, descricao, id_nivel, id_componente, codigo, bncc, geral, ativo) values (51, 'Empregar, nas interações sociais, a variedade e o estilo de linguagem adequados à situação comunicativa, ao(s) interlocutor(es) e ao gênero do discurso/gênero textual', 2, 6, 'C0051', true, false, true);
insert into competencia (id, descricao, id_nivel, id_componente, codigo, bncc, geral, ativo) values (52, 'Analisar informações, argumentos e opiniões manifestados em interações sociais e nos meios de comunicação, posicionando-se ética e criticamente em relação a conteúdos discriminatórios que ferem direitos humanos e ambientais', 2, 6, 'C0052', true, false, true);
insert into competencia (id, descricao, id_nivel, id_componente, codigo, bncc, geral, ativo) values (53, 'Selecionar textos e livros para leitura integral, de acordo com objetivos, interesses e projetos pessoais (estudo, formação pessoal, entretenimento, pesquisa, trabalho etc)', 2, 6, 'C0053', true, false, true);
insert into competencia (id, descricao, id_nivel, id_componente, codigo, bncc, geral, ativo) values (54, 'Envolver-se em práticas de leitura literária que possibilitem o desenvolvimento do senso estético para fruição, valorizando a literatura e outras manifestações artístico-culturais como formas de acesso às dimensões lúdicas, de imaginário e encantamento, reconhecendo o potencial transformador e humanizador da experiência com a literatura', 2, 6, 'C0054', true, false, true);
insert into competencia (id, descricao, id_nivel, id_componente, codigo, bncc, geral, ativo) values (55, 'Mobilizar práticas da cultura digital, diferentes linguagens, mídias e ferramentas digitais para expandir as formas de produzir sentidos (nos processos de compreensão e produção), aprender e refletir sobre o mundo e realizar diferentes projetos autorais', 2, 6, 'C0055', true, false, true);

insert into competencia (id, descricao, id_nivel, id_componente, codigo, bncc, geral, ativo) values (56, 'Explorar, conhecer, fruir e analisar criticamente práticas e produções artísticas e culturais do seu entorno social, dos povos indígenas, das comunidades tradicionais brasileiras e de diversas sociedades, em distintos tempos e espaços, para reconhecer a arte como um fenômeno cultural, histórico, social e sensível a diferentes contextos e dialogar com as diversidades', 2, 7, 'C0056', true, false, true);
insert into competencia (id, descricao, id_nivel, id_componente, codigo, bncc, geral, ativo) values (57, 'Compreender as relações entre as linguagens da Arte e suas práticas integradas, inclusive aquelas possibilitadas pelo uso das novas tecnologias de informação e comunicação, pelo cinema e pelo audiovisual, nas condições particulares de produção, na prática de cada linguagem e nas suas articulações', 2, 7, 'C0057', true, false, true);
insert into competencia (id, descricao, id_nivel, id_componente, codigo, bncc, geral, ativo) values (58, 'Pesquisar e conhecer distintas matrizes estéticas e culturais – especialmente aquelas manifestas na arte e nas culturas que constituem a identidade brasileira –, sua tradição e manifestações contemporâneas, reelaborando-as nas criações em Arte', 2, 7, 'C0058', true, false, true);
insert into competencia (id, descricao, id_nivel, id_componente, codigo, bncc, geral, ativo) values (59, 'Experienciar a ludicidade, a percepção, a expressividade e a imaginação, ressignificando espaços da escola e de fora dela no âmbito da Arte', 2, 7, 'C0059', true, false, true);
insert into competencia (id, descricao, id_nivel, id_componente, codigo, bncc, geral, ativo) values (60, 'Mobilizar recursos tecnológicos como formas de registro, pesquisa e criação artística', 2, 7, 'C0060', true, false, true);
insert into competencia (id, descricao, id_nivel, id_componente, codigo, bncc, geral, ativo) values (61, 'Estabelecer relações entre arte, mídia, mercado e consumo, compreendendo, de forma crítica e problematizadora, modos de produção e de circulação da arte na sociedade', 2, 7, 'C0061', true, false, true);
insert into competencia (id, descricao, id_nivel, id_componente, codigo, bncc, geral, ativo) values (62, 'Problematizar questões políticas, sociais, econômicas, científicas, tecnológicas e culturais, por meio de exercícios, produções, intervenções e apresentações artísticas', 2, 7, 'C0062', true, false, true);
insert into competencia (id, descricao, id_nivel, id_componente, codigo, bncc, geral, ativo) values (63, 'Desenvolver a autonomia, a crítica, a autoria e o trabalho coletivo e colaborativo nas artes', 2, 7, 'C0063', true, false, true);
insert into competencia (id, descricao, id_nivel, id_componente, codigo, bncc, geral, ativo) values (64, 'Analisar e valorizar o patrimônio artístico nacional e internacional, material e imaterial, com suas histórias e diferentes visões de mundo', 2, 7, 'C0064', true, false, true);

insert into competencia (id, descricao, id_nivel, id_componente, codigo, bncc, geral, ativo) values (65, 'Compreender a origem da cultura corporal de movimento e seus vínculos com a organização da vida coletiva e individual', 2, 8, 'C0065', true, false, true);
insert into competencia (id, descricao, id_nivel, id_componente, codigo, bncc, geral, ativo) values (66, 'Planejar e empregar estratégias para resolver desafios e aumentar as possibilidades de aprendizagem das práticas corporais, além de se envolver no processo de ampliação do acervo cultural nesse campo', 2, 8, 'C0066', true, false, true);
insert into competencia (id, descricao, id_nivel, id_componente, codigo, bncc, geral, ativo) values (67, 'Refletir, criticamente, sobre as relações entre a realização das práticas corporais e os processos de saúde/doença, inclusive no contexto das atividades laborais', 2, 8, 'C0067', true, false, true);
insert into competencia (id, descricao, id_nivel, id_componente, codigo, bncc, geral, ativo) values (68, 'Identificar a multiplicidade de padrões de desempenho, saúde, beleza e estética corporal, analisando, criticamente, os modelos disseminados na mídia e discutir posturas consumistas e preconceituosas', 2, 8, 'C0068', true, false, true);
insert into competencia (id, descricao, id_nivel, id_componente, codigo, bncc, geral, ativo) values (69, 'Identificar as formas de produção dos preconceitos, compreender seus efeitos e combater posicionamentos discriminatórios em relação às práticas corporais e aos seus participantes', 2, 8, 'C0069', true, false, true);
insert into competencia (id, descricao, id_nivel, id_componente, codigo, bncc, geral, ativo) values (70, 'Interpretar e recriar os valores, os sentidos e os significados atribuídos às diferentes práticas corporais, bem como aos sujeitos que delas participam', 2, 8, 'C0070', true, false, true);
insert into competencia (id, descricao, id_nivel, id_componente, codigo, bncc, geral, ativo) values (71, 'Reconhecer as práticas corporais como elementos constitutivos da identidade cultural dos povos e grupos', 2, 8, 'C0071', true, false, true);
insert into competencia (id, descricao, id_nivel, id_componente, codigo, bncc, geral, ativo) values (72, 'Usufruir das práticas corporais de forma autônoma para potencializar o envolvimento em contextos de lazer, ampliar as redes de sociabilidade e a promoção da saúde', 2, 8, 'C0072', true, false, true);
insert into competencia (id, descricao, id_nivel, id_componente, codigo, bncc, geral, ativo) values (73, 'Reconhecer o acesso às práticas corporais como direito do cidadão, propondo e produzindo alternativas para sua realização no contexto comunitário', 2, 8, 'C0073', true, false, true);
insert into competencia (id, descricao, id_nivel, id_componente, codigo, bncc, geral, ativo) values (74, 'Experimentar, desfrutar, apreciar e criar diferentes brincadeiras, jogos, danças, ginásticas, esportes, lutas e práticas corporais de aventura, valorizando o trabalho coletivo e o protagonismo', 2, 8, 'C0074', true, false, true);

insert into competencia (id, descricao, id_nivel, id_componente, codigo, bncc, geral, ativo) values (75, 'Identificar o lugar de si e o do outro em um mundo plurilíngue e multicultural, refletindo, criticamente, sobre como a aprendizagem da língua inglesa contribui para a inserção dos sujeitos no mundo globalizado, inclusive no que concerne ao mundo do trabalho', 2, 9, 'C0075', true, false, true);
insert into competencia (id, descricao, id_nivel, id_componente, codigo, bncc, geral, ativo) values (76, 'Comunicar-se na língua inglesa, por meio do uso variado de linguagens em mídias impressas ou digitais, reconhecendo-a como ferramenta de acesso ao conhecimento, de ampliação das perspectivas e de possibilidades para a compreensão dos valores e interesses de outras culturas e para o exercício do protagonismo social', 2, 9, 'C0076', true, false, true);
insert into competencia (id, descricao, id_nivel, id_componente, codigo, bncc, geral, ativo) values (77, 'Identificar similaridades e diferenças entre a língua inglesa e a língua materna/outras línguas, articulando-as a aspectos sociais, culturais e identitários, em uma relação intrínseca entre língua, cultura e identidade', 2, 9, 'C0077', true, false, true);
insert into competencia (id, descricao, id_nivel, id_componente, codigo, bncc, geral, ativo) values (78, 'Elaborar repertórios linguístico-discursivos da língua inglesa, usados em diferentes países e por grupos sociais distintos dentro de um mesmo país, de modo a reconhecer a diversidade linguística como direito e valorizar os usos heterogêneos, híbridos e multimodais emergentes nas sociedades contemporâneas', 2, 9, 'C0078', true, false, true);
insert into competencia (id, descricao, id_nivel, id_componente, codigo, bncc, geral, ativo) values (79, 'Utilizar novas tecnologias, com novas linguagens e modos de interação, para pesquisar, selecionar, compartilhar, posicionar-se e produzir sentidos em práticas de letramento na língua inglesa, de forma ética, crítica e responsável', 2, 9, 'C0079', true, false, true);
insert into competencia (id, descricao, id_nivel, id_componente, codigo, bncc, geral, ativo) values (80, 'Conhecer diferentes patrimônios culturais, materiais e imateriais, difundidos na língua inglesa, com vistas ao exercício da fruição e da ampliação de perspectivas no contato com diferentes manifestações artístico-culturais', 2, 9, 'C0080', true, false, true);

insert into competencia (id, descricao, id_nivel, id_componente, codigo, bncc, geral, ativo) values (81, 'Utilizar os conhecimentos geográficos para entender a interação sociedade/natureza e exercitar o interesse e o espírito de investigação e de resolução de problemas', 2, 10, 'C0081', true, false, true);
insert into competencia (id, descricao, id_nivel, id_componente, codigo, bncc, geral, ativo) values (82, 'Estabelecer conexões entre diferentes temas do conhecimento geográfico, reconhecendo a importância dos objetos técnicos para a compreensão das formas como os seres humanos fazem uso dos recursos da natureza ao longo da história', 2, 10, 'C0082', true, false, true);
insert into competencia (id, descricao, id_nivel, id_componente, codigo, bncc, geral, ativo) values (83, 'Desenvolver autonomia e senso crítico para compreensão e aplicação do raciocínio geográfico na análise da ocupação humana e produção do espaço, envolvendo os princípios de analogia, conexão, diferenciação, distribuição, extensão, localização e ordem', 2, 10, 'C0083', true, false, true);
insert into competencia (id, descricao, id_nivel, id_componente, codigo, bncc, geral, ativo) values (84, 'Desenvolver o pensamento espacial, fazendo uso das linguagens cartográficas e iconográficas, de diferentes gêneros textuais e das geotecnologias para a resolução de problemas que envolvam informações geográficas', 2, 10, 'C0084', true, false, true);
insert into competencia (id, descricao, id_nivel, id_componente, codigo, bncc, geral, ativo) values (85, 'Desenvolver e utilizar processos, práticas e procedimentos de investigação para compreender o mundo natural, social, econômico, político e o meio técnico-científico e informacional, avaliar ações e propor perguntas e soluções (inclusive tecnológicas) para questões que requerem conhecimentos científicos da Geografia', 2, 10, 'C0085', true, false, true);
insert into competencia (id, descricao, id_nivel, id_componente, codigo, bncc, geral, ativo) values (86, 'Construir argumentos com base em informações geográficas, debater e defender ideias e pontos de vista que respeitem e promovam a consciência socioambiental e o respeito à biodiversidade e ao outro, sem preconceitos de qualquer natureza', 2, 10, 'C0086', true, false, true);
insert into competencia (id, descricao, id_nivel, id_componente, codigo, bncc, geral, ativo) values (87, 'Agir pessoal e coletivamente com respeito, autonomia, responsabilidade, flexibilidade, resiliência e determinação, propondo ações sobre as questões socioambientais, com base em princípios éticos, democráticos, sustentáveis e solidários', 2, 10, 'C0087', true, false, true);

insert into competencia (id, descricao, id_nivel, id_componente, codigo, bncc, geral, ativo) values (88, 'Compreender e problematizar os conceitos e procedimentos norteadores da produção historiográfica.', 2, 11, 'C0088', true, false, true);
insert into competencia (id, descricao, id_nivel, id_componente, codigo, bncc, geral, ativo) values (89, 'Compreender acontecimentos históricos, relações de poder e processos e mecanismos de transformação e manutenção das estruturas sociais, políticas, econômicas e culturais ao longo do tempo e em diferentes espaços para analisar, posicionar-se e intervir no mundo contemporâneo.', 2, 11, 'C0089', true, false, true);
insert into competencia (id, descricao, id_nivel, id_componente, codigo, bncc, geral, ativo) values (90, 'Compreender a historicidade no tempo e no espaço, relacionando acontecimentos e processos de transformação e manutenção das estruturas sociais, políticas, econômicas e culturais, bem como problematizar os significados das lógicas de organização cronológica.', 2, 11, 'C0090', true, false, true);
insert into competencia (id, descricao, id_nivel, id_componente, codigo, bncc, geral, ativo) values (91, 'Elaborar questionamentos, hipóteses, argumentos e proposições em relação a documentos, interpretações e contextos históricos específicos, recorrendo a diferentes linguagens e mídias, exercitando a empatia, o diálogo, a resolução de conflitos, a cooperação e o respeito.', 2, 11, 'C0091', true, false, true);
insert into competencia (id, descricao, id_nivel, id_componente, codigo, bncc, geral, ativo) values (92, 'Identificar interpretações que expressem visões de diferentes sujeitos, culturas e povos com relação a um mesmo contexto histórico, e posicionar-se criticamente com base em princípios éticos, democráticos, inclusivos, sustentáveis e solidários.', 2, 11, 'C0092', true, false, true);
insert into competencia (id, descricao, id_nivel, id_componente, codigo, bncc, geral, ativo) values (93, 'Analisar e compreender o movimento de populações e mercadorias no tempo e no espaço e seus significados históricos, levando em conta o respeito e a solidariedade com as diferentes populações.', 2, 11, 'C0093', true, false, true);
insert into competencia (id, descricao, id_nivel, id_componente, codigo, bncc, geral, ativo) values (94, 'Produzir, avaliar e utilizar tecnologias digitais de informação e comunicação de modo crítico, ético e responsável, compreendendo seus significados para os diferentes grupos ou estratos sociais.', 2, 11, 'C0094', true, false, true);

-- habilidades do ensino fundamental do 1º ao 9º ano
insert into habilidade (id, id_componente, codigo, bncc, ativo, descricao, campo_atuacao, pratica_liguagem, objeto_conhecimento, unidade_tematica) values (1, 6, 'EF01LP01', true, true, 'Reconhecer que textos são lidos e escritos da esquerda para a direita e de cima para baixo da página', 'Todos os campos de atuação', 'Leitura/escuta (compartilhada e autônoma)', 'Protocolos de leitura',  Null);
insert into habilidade (id, id_componente, codigo, bncc, ativo, descricao, campo_atuacao, pratica_liguagem, objeto_conhecimento, unidade_tematica) values (2, 6, 'EF01LP02', true, true, 'Escrever, espontaneamente ou por ditado, palavras e frases de forma alfabética – usando letras/grafemas que representem fonemas', 'Todos os campos de atuação', 'Escrita (compartilhada e autônoma)', 'Correspondência fonema-grafema',  Null);
insert into habilidade (id, id_componente, codigo, bncc, ativo, descricao, campo_atuacao, pratica_liguagem, objeto_conhecimento, unidade_tematica) values (3, 6, 'EF01LP03', true, true, 'Observar escritas convencionais, comparando-as às suas produções escritas, percebendo semelhanças e diferenças', 'Todos os campos de atuação', 'Escrita (compartilhada e autônoma)', 'Construção do sistema alfabético/ Convenções da escrita',  Null);
insert into habilidade (id, id_componente, codigo, bncc, ativo, descricao, campo_atuacao, pratica_liguagem, objeto_conhecimento, unidade_tematica) values (4, 6, 'EF01LP04', true, true, 'Distinguir as letras do alfabeto de outros sinais gráficos', 'Todos os campos de atuação', 'Análise linguística/semiótica (Alfabetização)', 'Conhecimento do alfabeto do português do Brasil',  Null);
insert into habilidade (id, id_componente, codigo, bncc, ativo, descricao, campo_atuacao, pratica_liguagem, objeto_conhecimento, unidade_tematica) values (5, 6, 'EF01LP05', true, true, 'Reconhecer o sistema de escrita alfabética como representação dos sons da fala', 'Todos os campos de atuação', 'Análise linguística/semiótica (Alfabetização)', 'Construção do sistema alfabético',  Null);
insert into habilidade (id, id_componente, codigo, bncc, ativo, descricao, campo_atuacao, pratica_liguagem, objeto_conhecimento, unidade_tematica) values (6, 6, 'EF01LP06', true, true, 'Segmentar oralmente palavras em sílabas', 'Todos os campos de atuação', 'Análise linguística/semiótica (Alfabetização)', 'Construção do sistema alfabético e da ortografia',  Null);
insert into habilidade (id, id_componente, codigo, bncc, ativo, descricao, campo_atuacao, pratica_liguagem, objeto_conhecimento, unidade_tematica) values (7, 6, 'EF01LP07', true, true, 'Identificar fonemas e sua representação por letras', 'Todos os campos de atuação', 'Análise linguística/semiótica (Alfabetização)', 'Construção do sistema alfabético e da ortografia',  Null);
insert into habilidade (id, id_componente, codigo, bncc, ativo, descricao, campo_atuacao, pratica_liguagem, objeto_conhecimento, unidade_tematica) values (8, 6, 'EF01LP08', true, true, 'Relacionar elementos sonoros (sílabas, fonemas, partes de palavras) com sua representação escrita', 'Todos os campos de atuação', 'Análise linguística/semiótica (Alfabetização)', 'Construção do sistema alfabético e da ortografia',  Null);
insert into habilidade (id, id_componente, codigo, bncc, ativo, descricao, campo_atuacao, pratica_liguagem, objeto_conhecimento, unidade_tematica) values (9, 6, 'EF01LP09', true, true, 'Comparar palavras, identificando semelhanças e diferenças entre sons de sílabas iniciais', 'Todos os campos de atuação', 'Análise linguística/semiótica (Alfabetização)', 'Construção do sistema alfabético e da ortografia',  Null);
insert into habilidade (id, id_componente, codigo, bncc, ativo, descricao, campo_atuacao, pratica_liguagem, objeto_conhecimento, unidade_tematica) values (10, 6, 'EF01LP10', true, true, 'Nomear as letras do alfabeto e recitá-lo na ordem das letras', 'Todos os campos de atuação', 'Análise linguística/semiótica (Alfabetização)', 'Conhecimento do alfabeto do português do Brasil',  Null);
insert into habilidade (id, id_componente, codigo, bncc, ativo, descricao, campo_atuacao, pratica_liguagem, objeto_conhecimento, unidade_tematica) values (11, 6, 'EF01LP11', true, true, 'Conhecer, diferenciar e relacionar letras em formato imprensa e cursiva, maiúsculas e minúsculas', 'Todos os campos de atuação', 'Análise linguística/semiótica (Alfabetização)', 'Conhecimento das diversas grafias do alfabeto/ Acentuação',  Null);
insert into habilidade (id, id_componente, codigo, bncc, ativo, descricao, campo_atuacao, pratica_liguagem, objeto_conhecimento, unidade_tematica) values (12, 6, 'EF01LP12', true, true, 'Reconhecer a separação das palavras, na escrita, por espaços em branco', 'Todos os campos de atuação', 'Análise linguística/semiótica (Alfabetização)', 'Segmentação de palavras/Classificação de palavras por número de sílabas',  Null);
insert into habilidade (id, id_componente, codigo, bncc, ativo, descricao, campo_atuacao, pratica_liguagem, objeto_conhecimento, unidade_tematica) values (13, 6, 'EF01LP13', true, true, 'Comparar palavras, identificando semelhanças e diferenças entre sons de sílabas mediais e finais', 'Todos os campos de atuação', 'Análise linguística/semiótica (Alfabetização)', 'Construção do sistema alfabético',  Null);
insert into habilidade (id, id_componente, codigo, bncc, ativo, descricao, campo_atuacao, pratica_liguagem, objeto_conhecimento, unidade_tematica) values (14, 6, 'EF01LP14', true, true, 'Identificar outros sinais no texto além das letras, como pontos finais, de interrogação e exclamação e seus efeitos na entonação', 'Todos os campos de atuação', 'Análise linguística/semiótica (Alfabetização)', 'Pontuação',  Null);
insert into habilidade (id, id_componente, codigo, bncc, ativo, descricao, campo_atuacao, pratica_liguagem, objeto_conhecimento, unidade_tematica) values (15, 6, 'EF01LP15', true, true, 'Agrupar palavras pelo critério de aproximação de significado (sinonímia) e separar palavras pelo critério de oposição de significado (antonímia)', 'Todos os campos de atuação', 'Análise linguística/semiótica (Alfabetização)', 'Sinonímia e antonímia/Morfologia/Pontuação',  Null);
insert into habilidade (id, id_componente, codigo, bncc, ativo, descricao, campo_atuacao, pratica_liguagem, objeto_conhecimento, unidade_tematica) values (16, 6, 'EF01LP16', true, true, 'Ler e compreender, em colaboração com os colegas e com a ajuda do professor, quadras, quadrinhas, parlendas, trava-línguas, dentre outros gêneros do campo da vida cotidiana, considerando a situação comunicativa e o tema/assunto do texto e relacionando sua forma de organização à sua finalidade', 'Campo da vida cotidiana', 'Leitura/escuta (compartilhada e autônoma)', 'Compreensão em leitura',  Null);
insert into habilidade (id, id_componente, codigo, bncc, ativo, descricao, campo_atuacao, pratica_liguagem, objeto_conhecimento, unidade_tematica) values (17, 6, 'EF01LP17', true, true, 'Planejar e produzir, em colaboração com os colegas e com a ajuda do professor, listas, agendas, calendários, avisos, convites, receitas, instruções de montagem e legendas para álbuns, fotos ou ilustrações (digitais ou impressos), dentre outros gêneros do campo da vida cotidiana, considerando a situação comunicativa e o tema/assunto/ finalidade do texto', 'Campo da vida cotidiana', 'Escrita (compartilhada e autônoma)', 'Escrita autônoma e compartilhada',  Null);
insert into habilidade (id, id_componente, codigo, bncc, ativo, descricao, campo_atuacao, pratica_liguagem, objeto_conhecimento, unidade_tematica) values (18, 6, 'EF01LP18', true, true, 'Registrar, em colaboração com os colegas e com a ajuda do professor, cantigas, quadras, quadrinhas, parlendas, trava-línguas, dentre outros gêneros do campo da vida cotidiana, considerando a situação comunicativa e o tema/assunto/finalidade do texto', 'Campo da vida cotidiana', 'Escrita (compartilhada e autônoma)', 'Escrita autônoma e compartilhada',  Null);
insert into habilidade (id, id_componente, codigo, bncc, ativo, descricao, campo_atuacao, pratica_liguagem, objeto_conhecimento, unidade_tematica) values (19, 6, 'EF01LP19', true, true, 'Recitar parlendas, quadras, quadrinhas, trava-línguas, com entonação adequada e observando as rimas', 'Campo da vida cotidiana', 'Oralidade', 'Produção de texto oral',  Null);
insert into habilidade (id, id_componente, codigo, bncc, ativo, descricao, campo_atuacao, pratica_liguagem, objeto_conhecimento, unidade_tematica) values (20, 6, 'EF01LP20', true, true, 'Identificar e reproduzir, em listas, agendas, calendários, regras, avisos, convites, receitas, instruções de montagem e legendas para álbuns, fotos ou ilustrações (digitais ou impressos), a formatação e diagramação específica de cada um desses gêneros', 'Campo da vida cotidiana', 'Análise linguística/semiótica (Alfabetização)', 'Forma de composição do texto',  Null);
insert into habilidade (id, id_componente, codigo, bncc, ativo, descricao, campo_atuacao, pratica_liguagem, objeto_conhecimento, unidade_tematica) values (21, 6, 'EF01LP21', true, true, 'Escrever, em colaboração com os colegas e com a ajuda do professor, listas de regras e regulamentos que organizam a vida na comunidade escolar, dentre outros gêneros do campo da atuação cidadã, considerando a situação comunicativa e o tema/assunto do texto', 'Campo da vida pública', 'Escrita (compartilhada e autônoma)', 'Escrita compartilhada',  Null);
insert into habilidade (id, id_componente, codigo, bncc, ativo, descricao, campo_atuacao, pratica_liguagem, objeto_conhecimento, unidade_tematica) values (22, 6, 'EF01LP22', true, true, 'Planejar e produzir, em colaboração com os colegas e com a ajuda do professor, diagramas, entrevistas, curiosidades, dentre outros gêneros do campo investigativo, digitais ou impressos, considerando a situação comunicativa e o tema/assunto/finalidade do texto', 'Campo das práticas de estudo e pesquisa', 'Escrita (compartilhada e autônoma)', 'Produção de textos',  Null);
insert into habilidade (id, id_componente, codigo, bncc, ativo, descricao, campo_atuacao, pratica_liguagem, objeto_conhecimento, unidade_tematica) values (23, 6, 'EF01LP23', true, true, 'Planejar e produzir, em colaboração com os colegas e com a ajuda do professor, entrevistas, curiosidades, dentre outros gêneros do campo investigativo, que possam ser repassados oralmente por meio de ferramentas digitais, em áudio ou vídeo, considerando a situação comunicativa e o tema/assunto/finalidade do texto', 'Campo das práticas de estudo e pesquisa', 'Oralidade', 'Planejamento de texto oral Exposição oral',  Null);
insert into habilidade (id, id_componente, codigo, bncc, ativo, descricao, campo_atuacao, pratica_liguagem, objeto_conhecimento, unidade_tematica) values (24, 6, 'EF01LP24', true, true, 'Identificar e reproduzir, em enunciados de tarefas escolares, diagramas, entrevistas, curiosidades, digitais ou impressos, a formatação e diagramação específica de cada um desses gêneros, inclusive em suas versões orais', 'Campo das práticas de estudo e pesquisa', 'Análise linguística/semiótica (Alfabetização)', 'Forma de composição dos textos/Adequação do texto às normas de escrita',  Null);
insert into habilidade (id, id_componente, codigo, bncc, ativo, descricao, campo_atuacao, pratica_liguagem, objeto_conhecimento, unidade_tematica) values (25, 6, 'EF01LP25', true, true, 'Produzir, tendo o professor como escriba, recontagens de histórias lidas pelo professor, histórias imaginadas ou baseadas em livros de imagens, observando a forma de composição de textos narrativos (personagens, enredo, tempo e espaço)', 'Campo artístico-literário', 'Escrita (compartilhada e autônoma)', 'Escrita autônoma e compartilhada',  Null);
insert into habilidade (id, id_componente, codigo, bncc, ativo, descricao, campo_atuacao, pratica_liguagem, objeto_conhecimento, unidade_tematica) values (26, 6, 'EF01LP26', true, true, 'Identificar elementos de uma narrativa lida ou escutada, incluindo personagens, enredo, tempo e espaço', 'Campo artístico-literário', 'Análise linguística/semiótica (Alfabetização)', 'Formas de composição de narrativas',  Null);
insert into habilidade (id, id_componente, codigo, bncc, ativo, descricao, campo_atuacao, pratica_liguagem, objeto_conhecimento, unidade_tematica) values (27, 6, 'EF12LP01', true, true, 'Ler palavras novas com precisão na decodificação, no caso de palavras de uso frequente, ler globalmente, por memorização', 'Todos os campos de atuação', 'Leitura/escuta (compartilhada e autônoma)', 'Decodificação/Fluência de leitura',  Null);
insert into habilidade (id, id_componente, codigo, bncc, ativo, descricao, campo_atuacao, pratica_liguagem, objeto_conhecimento, unidade_tematica) values (28, 6, 'EF12LP02', true, true, 'Buscar, selecionar e ler, com a mediação do professor (leitura compartilhada), textos que circulam em meios impressos ou digitais, de acordo com as necessidades e interesses', 'Todos os campos de atuação', 'Leitura/escuta (compartilhada e autônoma)', 'Formação de leitor',  Null);
insert into habilidade (id, id_componente, codigo, bncc, ativo, descricao, campo_atuacao, pratica_liguagem, objeto_conhecimento, unidade_tematica) values (29, 6, 'EF12LP03', true, true, 'Copiar textos breves, mantendo suas características e voltando para o texto sempre que tiver dúvidas sobre sua distribuição gráfica, espaçamento entre as palavras, escrita das palavras e pontuação', 'Todos os campos de atuação', 'Escrita (compartilhada e autônoma)', 'Construção do sistema alfabético/ Estabelecimento de relações anafóricas na referenciação e construção da coesão',  Null);
insert into habilidade (id, id_componente, codigo, bncc, ativo, descricao, campo_atuacao, pratica_liguagem, objeto_conhecimento, unidade_tematica) values (30, 6, 'EF12LP04', true, true, 'Ler e compreender, em colaboração com os colegas e com a ajuda do professor ou já com certa autonomia, listas, agendas, calendários, avisos, convites, receitas, instruções de montagem (digitais ou impressos), dentre outros gêneros do campo da vida cotidiana, considerando a situação comunicativa e o tema/assunto do texto e relacionando sua forma de organização à sua finalidade', 'Campo da vida cotidiana', 'Leitura/escuta (compartilhada e autônoma)', 'Compreensão em leitura',  Null);
insert into habilidade (id, id_componente, codigo, bncc, ativo, descricao, campo_atuacao, pratica_liguagem, objeto_conhecimento, unidade_tematica) values (31, 6, 'EF12LP05', true, true, 'Planejar e produzir, em colaboração com os colegas e com a ajuda do professor, (re)contagens de histórias, poemas e outros textos versificados (letras de canção, quadrinhas, cordel), poemas visuais, tiras e histórias em quadrinhos, dentre outros gêneros do campo artístico-literário, considerando a situação comunicativa e a finalidade do texto', 'Campo da vida cotidiana', 'Escrita (compartilhada e autônoma)', 'Escrita compartilhada',  Null);
insert into habilidade (id, id_componente, codigo, bncc, ativo, descricao, campo_atuacao, pratica_liguagem, objeto_conhecimento, unidade_tematica) values (32, 6, 'EF12LP06', true, true, 'Planejar e produzir, em colaboração com os colegas e com a ajuda do professor, recados, avisos, convites, receitas, instruções de montagem, dentre outros gêneros do campo da vida cotidiana, que possam ser repassados oralmente por meio de ferramentas digitais, em áudio ou vídeo, considerando a situação comunicativa e o tema/assunto/finalidade do texto', 'Campo da vida cotidiana', 'Oralidade', 'Produção de texto oral',  Null);
insert into habilidade (id, id_componente, codigo, bncc, ativo, descricao, campo_atuacao, pratica_liguagem, objeto_conhecimento, unidade_tematica) values (33, 6, 'EF12LP07', true, true, 'Identificar e (re)produzir, em cantiga, quadras, quadrinhas, parlendas, trava-línguas e canções, rimas, aliterações, assonâncias, o ritmo de fala relacionado ao ritmo e à melodia das músicas e seus efeitos de sentido', 'Campo da vida cotidiana', 'Análise linguística/semiótica (Alfabetização)', 'Forma de composição do texto',  Null);
insert into habilidade (id, id_componente, codigo, bncc, ativo, descricao, campo_atuacao, pratica_liguagem, objeto_conhecimento, unidade_tematica) values (34, 6, 'EF12LP08', true, true, 'Ler e compreender, em colaboração com os colegas e com a ajuda do professor, fotolegendas em notícias, manchetes e lides em notícias, álbum de fotos digital noticioso e notícias curtas para público infantil, dentre outros gêneros do campo jornalístico, considerando a situação comunicativa e o tema/assunto do texto', 'Campo da vida pública', 'Leitura/escuta (compartilhada e autônoma)', 'Compreensão em leitura',  Null);
insert into habilidade (id, id_componente, codigo, bncc, ativo, descricao, campo_atuacao, pratica_liguagem, objeto_conhecimento, unidade_tematica) values (35, 6, 'EF12LP09', true, true, 'Ler e compreender, em colaboração com os colegas e com a ajuda do professor, slogans, anúncios publicitários e textos de campanhas de conscientização destinados ao público infantil, dentre outros gêneros do campo publicitário, considerando a situação comunicativa e o tema/assunto do texto', 'Campo da vida pública', 'Leitura/escuta (compartilhada e autônoma)', 'Compreensão em leitura',  Null);
insert into habilidade (id, id_componente, codigo, bncc, ativo, descricao, campo_atuacao, pratica_liguagem, objeto_conhecimento, unidade_tematica) values (36, 6, 'EF12LP10', true, true, 'Ler e compreender, em colaboração com os colegas e com a ajuda do professor, cartazes, avisos, folhetos, regras e regulamentos que organizam a vida na comunidade escolar, dentre outros gêneros do campo da atuação cidadã, considerando a situação comunicativa e o tema/assunto do texto', 'Campo da vida pública', 'Leitura/escuta (compartilhada e autônoma)', 'Compreensão em leitura',  Null);
insert into habilidade (id, id_componente, codigo, bncc, ativo, descricao, campo_atuacao, pratica_liguagem, objeto_conhecimento, unidade_tematica) values (37, 6, 'EF12LP11', true, true, 'Escrever, em colaboração com os colegas e com a ajuda do professor, fotolegendas em notícias, manchetes e lides em notícias, álbum de fotos digital noticioso e notícias curtas para público infantil, digitais ou impressos, dentre outros gêneros do campo jornalístico, considerando a situação comunicativa e o tema/assunto do texto', 'Campo da vida pública', 'Escrita (compartilhada e autônoma)', 'Escrita compartilhada',  Null);
insert into habilidade (id, id_componente, codigo, bncc, ativo, descricao, campo_atuacao, pratica_liguagem, objeto_conhecimento, unidade_tematica) values (38, 6, 'EF12LP12', true, true, 'Escrever, em colaboração com os colegas e com a ajuda do professor, slogans, anúncios publicitários e textos de campanhas de conscientização destinados ao público infantil, dentre outros gêneros do campo publicitário, considerando a situação comunicativa e o tema/ assunto/finalidade do texto', 'Campo da vida pública', 'Escrita (compartilhada e autônoma)', 'Escrita compartilhada',  Null);
insert into habilidade (id, id_componente, codigo, bncc, ativo, descricao, campo_atuacao, pratica_liguagem, objeto_conhecimento, unidade_tematica) values (39, 6, 'EF12LP13', true, true, 'Planejar, em colaboração com os colegas e com a ajuda do professor, slogans e peça de campanha de conscientização destinada ao público infantil que possam ser repassados oralmente por meio de ferramentas digitais, em áudio ou vídeo, considerando a situação comunicativa e o tema/assunto/finalidade do texto', 'Campo da vida pública', 'Oralidade', 'Produção de texto oral',  Null);
insert into habilidade (id, id_componente, codigo, bncc, ativo, descricao, campo_atuacao, pratica_liguagem, objeto_conhecimento, unidade_tematica) values (40, 6, 'EF12LP14', true, true, 'Identificar e reproduzir, em fotolegendas de notícias, álbum de fotos digital noticioso, cartas de leitor (revista infantil), digitais ou impressos, a formatação e diagramação específica de cada um desses gêneros, inclusive em suas versões orais', 'Campo da vida pública', 'Análise linguística/semiótica (Alfabetização)', 'Forma de composição do texto',  Null);
insert into habilidade (id, id_componente, codigo, bncc, ativo, descricao, campo_atuacao, pratica_liguagem, objeto_conhecimento, unidade_tematica) values (41, 6, 'EF12LP15', true, true, 'Identificar a forma de composição de slogans publicitários', 'Campo da vida pública', 'Análise linguística/semiótica (Alfabetização)', 'Forma de composição do texto',  Null);
insert into habilidade (id, id_componente, codigo, bncc, ativo, descricao, campo_atuacao, pratica_liguagem, objeto_conhecimento, unidade_tematica) values (42, 6, 'EF12LP16', true, true, 'Identificar e reproduzir, em anúncios publicitários e textos de campanhas de conscientização destinados ao público infantil (orais e escritos, digitais ou impressos), a formatação e diagramação específica de cada um desses gêneros, inclusive o uso de imagens', 'Campo da vida pública', 'Análise linguística/semiótica (Alfabetização)', 'Forma de composição do texto',  Null);
insert into habilidade (id, id_componente, codigo, bncc, ativo, descricao, campo_atuacao, pratica_liguagem, objeto_conhecimento, unidade_tematica) values (43, 6, 'EF12LP17', true, true, 'Ler e compreender, em colaboração com os colegas e com a ajuda do professor, enunciados de tarefas escolares, diagramas, curiosidades, pequenos relatos de experimentos, entrevistas, verbetes de enciclopédia infantil, entre outros gêneros do campo investigativo, considerando a situação comunicativa e o tema/assunto do texto', 'Campo das práticas de estudo e pesquisa', 'Leitura/escuta (compartilhada e autônoma)', 'Compreensão em leitura',  Null);
insert into habilidade (id, id_componente, codigo, bncc, ativo, descricao, campo_atuacao, pratica_liguagem, objeto_conhecimento, unidade_tematica) values (44, 6, 'EF12LP18', true, true, 'Apreciar poemas e outros textos versificados, observando rimas, sonoridades, jogos de palavras, reconhecendo seu pertencimento ao mundo imaginário e sua dimensão de encantamento, jogo e fruição', 'Campo artístico-literário', 'Leitura/escuta (compartilhada e autônoma)', 'Apreciação estética/Estilo',  Null);
insert into habilidade (id, id_componente, codigo, bncc, ativo, descricao, campo_atuacao, pratica_liguagem, objeto_conhecimento, unidade_tematica) values (45, 6, 'EF12LP19', true, true, 'Reconhecer, em textos versificados, rimas, sonoridades, jogos de palavras, palavras, expressões, comparações, relacionando-as com sensações e associações', 'Campo artístico-literário', 'Análise linguística/semiótica (Alfabetização)', 'Formas de composição de textos poéticos',  Null);
insert into habilidade (id, id_componente, codigo, bncc, ativo, descricao, campo_atuacao, pratica_liguagem, objeto_conhecimento, unidade_tematica) values (46, 6, 'EF15LP01', true, true, 'Identificar a função social de textos que circulam em campos da vida social dos quais participa cotidianamente (a casa, a rua, a comunidade, a escola) e nas mídias impressa, de massa e digital, reconhecendo para que foram produzidos, onde circulam, quem os produziu e a quem se destinam', 'Todos os campos de atuação', 'Leitura/escuta (compartilhada e autônoma)', 'Reconstrução das condições de produção e recepção de textos',  Null);
insert into habilidade (id, id_componente, codigo, bncc, ativo, descricao, campo_atuacao, pratica_liguagem, objeto_conhecimento, unidade_tematica) values (47, 6, 'EF15LP02', true, true, 'Estabelecer expectativas em relação ao texto que vai ler (pressuposições antecipadoras dos sentidos, da forma e da função social do texto), apoiando-se em seus conhecimentos prévios sobre as condições de produção e recepção desse texto, o gênero, o suporte e o universo temático, bem como sobre saliências textuais, recursos gráficos, imagens, dados da própria obra (índice, prefácio etc), confirmando antecipações e inferências realizadas antes e durante a leitura de textos, checando a adequação das hipóteses realizadas', 'Todos os campos de atuação', 'Leitura/escuta (compartilhada e autônoma)', 'Estratégia de leitura',  Null);
insert into habilidade (id, id_componente, codigo, bncc, ativo, descricao, campo_atuacao, pratica_liguagem, objeto_conhecimento, unidade_tematica) values (48, 6, 'EF15LP03', true, true, 'Localizar informações explícitas em textos', 'Todos os campos de atuação', 'Leitura/escuta (compartilhada e autônoma)', 'Estratégia de leitura',  Null);
insert into habilidade (id, id_componente, codigo, bncc, ativo, descricao, campo_atuacao, pratica_liguagem, objeto_conhecimento, unidade_tematica) values (49, 6, 'EF15LP04', true, true, 'Identificar o efeito de sentido produzido pelo uso de recursos expressivos gráfico-visuais em textos multissemióticos', 'Todos os campos de atuação', 'Leitura/escuta (compartilhada e autônoma)', 'Estratégia de leitura',  Null);
insert into habilidade (id, id_componente, codigo, bncc, ativo, descricao, campo_atuacao, pratica_liguagem, objeto_conhecimento, unidade_tematica) values (50, 6, 'EF15LP05', true, true, 'Planejar, com a ajuda do professor, o texto que será produzido, considerando a situação comunicativa, os interlocutores (quem escreve/para quem escreve); a finalidade ou o propósito (escrever para quê); a circulação (onde o texto vai circular); o suporte (qual é o portador do texto); a linguagem, organização e forma do texto e seu tema, pesquisando em meios impressos ou digitais, sempre que for preciso, informações necessárias à produção do texto, organizando em tópicos os dados e as fontes pesquisadas', 'Todos os campos de atuação', 'Produção de textos (escrita compartilhada e autônoma)', 'Planejamento de texto',  Null);
insert into habilidade (id, id_componente, codigo, bncc, ativo, descricao, campo_atuacao, pratica_liguagem, objeto_conhecimento, unidade_tematica) values (51, 6, 'EF15LP06', true, true, 'Reler e revisar o texto produzido com a ajuda do professor e a colaboração dos colegas, para corrigi-lo e aprimorá-lo, fazendo cortes, acréscimos, reformulações, correções de ortografia e pontuação', 'Todos os campos de atuação', 'Produção de textos (escrita compartilhada e autônoma)', 'Revisão de textos',  Null);
insert into habilidade (id, id_componente, codigo, bncc, ativo, descricao, campo_atuacao, pratica_liguagem, objeto_conhecimento, unidade_tematica) values (52, 6, 'EF15LP07', true, true, 'Editar a versão final do texto, em colaboração com os colegas e com a ajuda do professor, ilustrando, quando for o caso, em suporte adequado, manual ou digital', 'Todos os campos de atuação', 'Produção de textos (escrita compartilhada e autônoma)', 'Edição de textos',  Null);
insert into habilidade (id, id_componente, codigo, bncc, ativo, descricao, campo_atuacao, pratica_liguagem, objeto_conhecimento, unidade_tematica) values (53, 6, 'EF15LP08', true, true, 'Utilizar software, inclusive programas de edição de texto, para editar e publicar os textos produzidos, explorando os recursos multissemióticos disponíveis', 'Todos os campos de atuação', 'Produção de textos (escrita compartilhada e autônoma)', 'Utilização de tecnologia digital',  Null);
insert into habilidade (id, id_componente, codigo, bncc, ativo, descricao, campo_atuacao, pratica_liguagem, objeto_conhecimento, unidade_tematica) values (54, 6, 'EF15LP09', true, true, 'Expressar-se em situações de intercâmbio oral com clareza, preocupando-se em ser compreendido pelo interlocutor e usando a palavra com tom de voz audível, boa articulação e ritmo adequado', 'Todos os campos de atuação', 'Oralidade', 'Oralidade pública/Intercâmbio conversacional em sala de aula',  Null);
insert into habilidade (id, id_componente, codigo, bncc, ativo, descricao, campo_atuacao, pratica_liguagem, objeto_conhecimento, unidade_tematica) values (55, 6, 'EF15LP10', true, true, 'Escutar, com atenção, falas de professores e colegas, formulando perguntas pertinentes ao tema e solicitando esclarecimentos sempre que necessário', 'Todos os campos de atuação', 'Oralidade', 'Escuta atenta',  Null);
insert into habilidade (id, id_componente, codigo, bncc, ativo, descricao, campo_atuacao, pratica_liguagem, objeto_conhecimento, unidade_tematica) values (56, 6, 'EF15LP11', true, true, 'Reconhecer características da conversação espontânea presencial, respeitando os turnos de fala, selecionando e utilizando, durante a conversação, formas de tratamento adequadas, de acordo com a situação e a posição do interlocutor', 'Todos os campos de atuação', 'Oralidade', 'Características da conversação espontânea',  Null);
insert into habilidade (id, id_componente, codigo, bncc, ativo, descricao, campo_atuacao, pratica_liguagem, objeto_conhecimento, unidade_tematica) values (57, 6, 'EF15LP12', true, true, 'Atribuir significado a aspectos não linguísticos (paralinguísticos) observados na fala, como direção do olhar, riso, gestos, movimentos da cabeça (de concordância ou discordância), expressão corporal, tom de voz', 'Todos os campos de atuação', 'Oralidade', 'Aspectos não linguísticos (paralinguísticos) no ato da fala',  Null);
insert into habilidade (id, id_componente, codigo, bncc, ativo, descricao, campo_atuacao, pratica_liguagem, objeto_conhecimento, unidade_tematica) values (58, 6, 'EF15LP13', true, true, 'Identificar finalidades da interação oral em diferentes contextos comunicativos (solicitar informações, apresentar opiniões, informar, relatar experiências etc)', 'Todos os campos de atuação', 'Oralidade', 'Relato oral/Registro formal e informal',  Null);
insert into habilidade (id, id_componente, codigo, bncc, ativo, descricao, campo_atuacao, pratica_liguagem, objeto_conhecimento, unidade_tematica) values (59, 6, 'EF15LP14', true, true, 'Construir o sentido de histórias em quadrinhos e tirinhas, relacionando imagens e palavras e interpretando recursos gráficos (tipos de balões, de letras, onomatopeias)', 'Campo da vida cotidiana', 'Leitura/escuta (compartilhada e autônoma)', 'Leitura de imagens em narrativas visuais',  Null);
insert into habilidade (id, id_componente, codigo, bncc, ativo, descricao, campo_atuacao, pratica_liguagem, objeto_conhecimento, unidade_tematica) values (60, 6, 'EF15LP15', true, true, 'Reconhecer que os textos literários fazem parte do mundo do imaginário e apresentam uma dimensão lúdica, de encantamento, valorizando-os, em sua diversidade cultural, como patrimônio artístico da humanidade', 'Campo artístico-literário', 'Leitura/escuta (compartilhada e autônoma)', 'Formação do leitor literário',  Null);
insert into habilidade (id, id_componente, codigo, bncc, ativo, descricao, campo_atuacao, pratica_liguagem, objeto_conhecimento, unidade_tematica) values (61, 6, 'EF15LP16', true, true, 'Ler e compreender, em colaboração com os colegas e com a ajuda do professor e, mais tarde, de maneira autônoma, textos narrativos de maior porte como contos (populares, de fadas, acumulativos, de assombração etc) e crônicas', 'Campo artístico-literário', 'Leitura/escuta (compartilhada e autônoma)', 'Leitura colaborativa e autônoma',  Null);
insert into habilidade (id, id_componente, codigo, bncc, ativo, descricao, campo_atuacao, pratica_liguagem, objeto_conhecimento, unidade_tematica) values (62, 6, 'EF15LP17', true, true, 'Apreciar poemas visuais e concretos, observando efeitos de sentido criados pelo formato do texto na página, distribuição e diagramação das letras, pelas ilustrações e por outros efeitos visuais', 'Campo artístico-literário', 'Leitura/escuta (compartilhada e autônoma)', 'Apreciação estética/Estilo',  Null);
insert into habilidade (id, id_componente, codigo, bncc, ativo, descricao, campo_atuacao, pratica_liguagem, objeto_conhecimento, unidade_tematica) values (63, 6, 'EF15LP18', true, true, 'Relacionar texto com ilustrações e outros recursos gráficos', 'Campo artístico-literário', 'Leitura/escuta (compartilhada e autônoma)', 'Formação do leitor literário/Leitura multissemiótica',  Null);
insert into habilidade (id, id_componente, codigo, bncc, ativo, descricao, campo_atuacao, pratica_liguagem, objeto_conhecimento, unidade_tematica) values (64, 6, 'EF15LP19', true, true, 'Recontar oralmente, com e sem apoio de imagem, textos literários lidos pelo professor', 'Campo artístico-literário', 'Oralidade', 'Contagem de histórias',  Null);
insert into habilidade (id, id_componente, codigo, bncc, ativo, descricao, campo_atuacao, pratica_liguagem, objeto_conhecimento, unidade_tematica) values (65, 6, 'EF02LP01', true, true, 'Utilizar, ao produzir o texto, grafia correta de palavras conhecidas ou com estruturas silábicas já dominadas, letras maiúsculas em início de frases e em substantivos próprios, segmentação entre as palavras, ponto final, ponto de interrogação e ponto de exclamação', 'Todos os campos de atuação', 'Escrita (compartilhada e autônoma)', 'Construção do sistema alfabético/ Convenções da escrita',  Null);
insert into habilidade (id, id_componente, codigo, bncc, ativo, descricao, campo_atuacao, pratica_liguagem, objeto_conhecimento, unidade_tematica) values (66, 6, 'EF02LP02', true, true, 'Segmentar palavras em sílabas e remover e substituir sílabas iniciais, mediais ou finais para criar novas palavras', 'Todos os campos de atuação', 'Análise linguística/semiótica (Alfabetização)', 'Construção do sistema alfabético e da ortografia',  Null);
insert into habilidade (id, id_componente, codigo, bncc, ativo, descricao, campo_atuacao, pratica_liguagem, objeto_conhecimento, unidade_tematica) values (67, 6, 'EF02LP03', true, true, 'Ler e escrever palavras com correspondências regulares diretas entre letras e fonemas (f, v, t, d, p, b) e correspondências regulares contextuais (c e q; e e o, em posição átona em final de palavra)', 'Todos os campos de atuação', 'Análise linguística/semiótica (Alfabetização)', 'Construção do sistema alfabético e da ortografia',  Null);
insert into habilidade (id, id_componente, codigo, bncc, ativo, descricao, campo_atuacao, pratica_liguagem, objeto_conhecimento, unidade_tematica) values (68, 6, 'EF02LP04', true, true, 'Ler e escrever corretamente palavras com sílabas CV, V, CVC, CCV, identificando que existem vogais em todas as sílabas', 'Todos os campos de atuação', 'Análise linguística/semiótica (Alfabetização)', 'Construção do sistema alfabético e da ortografia',  Null);
insert into habilidade (id, id_componente, codigo, bncc, ativo, descricao, campo_atuacao, pratica_liguagem, objeto_conhecimento, unidade_tematica) values (69, 6, 'EF02LP05', true, true, 'Ler e escrever corretamente palavras com marcas de nasalidade (til, m, n)', 'Todos os campos de atuação', 'Análise linguística/semiótica (Alfabetização)', 'Construção do sistema alfabético e da ortografia',  Null);
insert into habilidade (id, id_componente, codigo, bncc, ativo, descricao, campo_atuacao, pratica_liguagem, objeto_conhecimento, unidade_tematica) values (70, 6, 'EF02LP06', true, true, 'Perceber o princípio acrofônico que opera nos nomes das letras do alfabeto', 'Todos os campos de atuação', 'Análise linguística/semiótica (Alfabetização)', 'Conhecimento do alfabeto do português do Brasil',  Null);
insert into habilidade (id, id_componente, codigo, bncc, ativo, descricao, campo_atuacao, pratica_liguagem, objeto_conhecimento, unidade_tematica) values (71, 6, 'EF02LP07', true, true, 'Escrever palavras, frases, textos curtos nas formas imprensa e cursiva', 'Todos os campos de atuação', 'Análise linguística/semiótica (Alfabetização)', 'Conhecimento das diversas grafias do alfabeto/ Acentuação',  Null);
insert into habilidade (id, id_componente, codigo, bncc, ativo, descricao, campo_atuacao, pratica_liguagem, objeto_conhecimento, unidade_tematica) values (72, 6, 'EF02LP08', true, true, 'Segmentar corretamente as palavras ao escrever frases e textos', 'Todos os campos de atuação', 'Análise linguística/semiótica (Alfabetização)', 'Segmentação de palavras/Classificação de palavras por número de sílabas',  Null);
insert into habilidade (id, id_componente, codigo, bncc, ativo, descricao, campo_atuacao, pratica_liguagem, objeto_conhecimento, unidade_tematica) values (73, 6, 'EF02LP09', true, true, 'Usar adequadamente ponto final, ponto de interrogação e ponto de exclamação', 'Todos os campos de atuação', 'Análise linguística/semiótica (Alfabetização)', 'Pontuação',  Null);
insert into habilidade (id, id_componente, codigo, bncc, ativo, descricao, campo_atuacao, pratica_liguagem, objeto_conhecimento, unidade_tematica) values (74, 6, 'EF02LP10', true, true, 'Identificar sinônimos de palavras de texto lido, determinando a diferença de sentido entre eles, e formar antônimos de palavras encontradas em texto lido pelo acréscimo do prefixo de negação in-/im-', 'Todos os campos de atuação', 'Análise linguística/semiótica (Alfabetização)', 'Sinonímia e antonímia/Morfologia/Pontuação',  Null);
insert into habilidade (id, id_componente, codigo, bncc, ativo, descricao, campo_atuacao, pratica_liguagem, objeto_conhecimento, unidade_tematica) values (75, 6, 'EF02LP11', true, true, 'Formar o aumentativo e o diminutivo de palavras com os sufixos -ão e -inho/-zinho', 'Todos os campos de atuação', 'Análise linguística/semiótica (Alfabetização)', 'Morfologia',  Null);
insert into habilidade (id, id_componente, codigo, bncc, ativo, descricao, campo_atuacao, pratica_liguagem, objeto_conhecimento, unidade_tematica) values (76, 6, 'EF02LP12', true, true, 'Ler e compreender com certa autonomia cantigas, letras de canção, dentre outros gêneros do campo da vida cotidiana, considerando a situação comunicativa e o tema/assunto do texto e relacionando sua forma de organização à sua finalidade', 'Campo da vida cotidiana', 'Leitura/escuta (compartilhada e autônoma)', 'Compreensão em leitura',  Null);
insert into habilidade (id, id_componente, codigo, bncc, ativo, descricao, campo_atuacao, pratica_liguagem, objeto_conhecimento, unidade_tematica) values (77, 6, 'EF02LP13', true, true, 'Planejar e produzir bilhetes e cartas, em meio impresso e/ou digital, dentre outros gêneros do campo da vida cotidiana, considerando a situação comunicativa e o tema/assunto/finalidade do texto', 'Campo da vida cotidiana', 'Escrita (compartilhada e autônoma)', 'Escrita autônoma e compartilhada',  Null);
insert into habilidade (id, id_componente, codigo, bncc, ativo, descricao, campo_atuacao, pratica_liguagem, objeto_conhecimento, unidade_tematica) values (78, 6, 'EF02LP14', true, true, 'Planejar e produzir pequenos relatos de observação de processos, de fatos, de experiências pessoais, mantendo as características do gênero, considerando a situação comunicativa e o tema/assunto do texto', 'Campo da vida cotidiana', 'Escrita (compartilhada e autônoma)', 'Escrita autônoma e compartilhada',  Null);
insert into habilidade (id, id_componente, codigo, bncc, ativo, descricao, campo_atuacao, pratica_liguagem, objeto_conhecimento, unidade_tematica) values (79, 6, 'EF02LP15', true, true, 'Cantar cantigas e canções, obedecendo ao ritmo e à melodia', 'Campo da vida cotidiana', 'Oralidade', 'Produção de texto oral',  Null);
insert into habilidade (id, id_componente, codigo, bncc, ativo, descricao, campo_atuacao, pratica_liguagem, objeto_conhecimento, unidade_tematica) values (80, 6, 'EF02LP16', true, true, 'Identificar e reproduzir, em bilhetes, recados, avisos, cartas, e-mails, receitas (modo de fazer), relatos (digitais ou impressos), a formatação e diagramação específica de cada um desses gêneros', 'Campo da vida cotidiana', 'Análise linguística/semiótica (Alfabetização)', 'Forma de composição do texto',  Null);
insert into habilidade (id, id_componente, codigo, bncc, ativo, descricao, campo_atuacao, pratica_liguagem, objeto_conhecimento, unidade_tematica) values (81, 6, 'EF02LP17', true, true, 'Identificar e reproduzir, em relatos de experiências pessoais, a sequência dos fatos, utilizando expressões que marquem a passagem do tempo (“antes”, “depois”, “ontem”, “hoje”, “amanhã”, “outro dia”, “antigamente”, “há muito tempo” etc), e o nível de informatividade necessário', 'Campo da vida cotidiana', 'Análise linguística/semiótica (Alfabetização)', 'Forma de composição do texto',  Null);
insert into habilidade (id, id_componente, codigo, bncc, ativo, descricao, campo_atuacao, pratica_liguagem, objeto_conhecimento, unidade_tematica) values (82, 6, 'EF02LP18', true, true, 'Planejar e produzir cartazes e folhetos para divulgar eventos da escola ou da comunidade, utilizando linguagem persuasiva e elementos textuais e visuais (tamanho da letra, leiaute, imagens) adequados ao gênero, considerando a situação comunicativa e o tema/assunto do texto', 'Campo da vida pública', 'Escrita (compartilhada e autônoma)', 'Escrita compartilhada',  Null);
insert into habilidade (id, id_componente, codigo, bncc, ativo, descricao, campo_atuacao, pratica_liguagem, objeto_conhecimento, unidade_tematica) values (83, 6, 'EF02LP19', true, true, 'Planejar e produzir, em colaboração com os colegas e com a ajuda do professor, notícias curtas para público infantil, para compor jornal falado que possa ser repassado oralmente ou em meio digital, em áudio ou vídeo, dentre outros gêneros do campo jornalístico, considerando a situação comunicativa e o tema/assunto do texto', 'Campo da vida pública', 'Oralidade', 'Produção de texto oral',  Null);
insert into habilidade (id, id_componente, codigo, bncc, ativo, descricao, campo_atuacao, pratica_liguagem, objeto_conhecimento, unidade_tematica) values (84, 6, 'EF02LP20', true, true, 'Reconhecer a função de textos utilizados para apresentar informações coletadas em atividades de pesquisa (enquetes, pequenas entrevistas, registros de experimentações)', 'Campo das práticas de estudo e pesquisa', 'Leitura/escuta (compartilhada e autônoma)', 'Imagens analíticas em textos',  Null);
insert into habilidade (id, id_componente, codigo, bncc, ativo, descricao, campo_atuacao, pratica_liguagem, objeto_conhecimento, unidade_tematica) values (85, 6, 'EF02LP21', true, true, 'Explorar, com a mediação do professor, textos informativos de diferentes ambientes digitais de pesquisa, conhecendo suas possibilidades', 'Campo das práticas de estudo e pesquisa', 'Leitura/escuta (compartilhada e autônoma)', 'Pesquisa',  Null);
insert into habilidade (id, id_componente, codigo, bncc, ativo, descricao, campo_atuacao, pratica_liguagem, objeto_conhecimento, unidade_tematica) values (86, 6, 'EF02LP22', true, true, 'Planejar e produzir, em colaboração com os colegas e com a ajuda do professor, pequenos relatos de experimentos, entrevistas, verbetes de enciclopédia infantil, dentre outros gêneros do campo investigativo, digitais ou impressos, considerando a situação comunicativa e o tema/assunto/finalidade do texto', 'Campo das práticas de estudo e pesquisa', 'Escrita (compartilhada e autônoma)', 'Produção de textos',  Null);
insert into habilidade (id, id_componente, codigo, bncc, ativo, descricao, campo_atuacao, pratica_liguagem, objeto_conhecimento, unidade_tematica) values (87, 6, 'EF02LP23', true, true, 'Planejar e produzir, com certa autonomia, pequenos registros de observação de resultados de pesquisa, coerentes com um tema investigado', 'Campo das práticas de estudo e pesquisa', 'Escrita (compartilhada e autônoma)', 'Escrita autônoma',  Null);
insert into habilidade (id, id_componente, codigo, bncc, ativo, descricao, campo_atuacao, pratica_liguagem, objeto_conhecimento, unidade_tematica) values (88, 6, 'EF02LP24', true, true, 'Planejar e produzir, em colaboração com os colegas e com a ajuda do professor, relatos de experimentos, registros de observação, entrevistas, dentre outros gêneros do campo investigativo, que possam ser repassados oralmente por meio de ferramentas digitais, em áudio ou vídeo, considerando a situação comunicativa e o tema/assunto/ finalidade do texto', 'Campo das práticas de estudo e pesquisa', 'Oralidade', 'Planejamento de texto oral Exposição oral',  Null);
insert into habilidade (id, id_componente, codigo, bncc, ativo, descricao, campo_atuacao, pratica_liguagem, objeto_conhecimento, unidade_tematica) values (89, 6, 'EF02LP25', true, true, 'Identificar e reproduzir, em relatos de experimentos, entrevistas, verbetes de enciclopédia infantil, digitais ou impressos, a formatação e diagramação específica de cada um desses gêneros, inclusive em suas versões orais', 'Campo das práticas de estudo e pesquisa', 'Análise linguística/semiótica (Alfabetização)', 'Forma de composição dos textos/Adequação do texto às normas de escrita',  Null);
insert into habilidade (id, id_componente, codigo, bncc, ativo, descricao, campo_atuacao, pratica_liguagem, objeto_conhecimento, unidade_tematica) values (90, 6, 'EF02LP26', true, true, 'Ler e compreender, com certa autonomia, textos literários, de gêneros variados, desenvolvendo o gosto pela leitura', 'Campo artístico-literário', 'Leitura/escuta (compartilhada e autônoma)', 'Formação do leitor literário',  Null);
insert into habilidade (id, id_componente, codigo, bncc, ativo, descricao, campo_atuacao, pratica_liguagem, objeto_conhecimento, unidade_tematica) values (91, 6, 'EF02LP27', true, true, 'Reescrever textos narrativos literários lidos pelo professor', 'Campo artístico-literário', 'Escrita (compartilhada e autônoma)', 'Escrita autônoma e compartilhada',  Null);
insert into habilidade (id, id_componente, codigo, bncc, ativo, descricao, campo_atuacao, pratica_liguagem, objeto_conhecimento, unidade_tematica) values (92, 6, 'EF02LP28', true, true, 'Reconhecer o conflito gerador de uma narrativa ficcional e sua resolução, além de palavras, expressões e frases que caracterizam personagens e ambientes', 'Campo artístico-literário', 'Análise linguística/semiótica (Alfabetização)', 'Formas de composição de narrativas',  Null);
insert into habilidade (id, id_componente, codigo, bncc, ativo, descricao, campo_atuacao, pratica_liguagem, objeto_conhecimento, unidade_tematica) values (93, 6, 'EF02LP29', true, true, 'Observar, em poemas visuais, o formato do texto na página, as ilustrações e outros efeitos visuais', 'Campo artístico-literário', 'Análise linguística/semiótica (Alfabetização)', 'Formas de composição de textos poéticos visuais',  Null);
insert into habilidade (id, id_componente, codigo, bncc, ativo, descricao, campo_atuacao, pratica_liguagem, objeto_conhecimento, unidade_tematica) values (94, 6, 'EF03LP01', true, true, 'Ler e escrever palavras com correspondências regulares contextuais entre grafemas e fonemas – c/qu; g/gu; r/rr; s/ss; o (e não u) e e (e não i) em sílaba átona em final de palavra – e com marcas de nasalidade (til, m, n)', 'Todos os campos de atuação', 'Análise linguística/semiótica (Ortografização)', 'Construção do sistema alfabético e da ortografia',  Null);
insert into habilidade (id, id_componente, codigo, bncc, ativo, descricao, campo_atuacao, pratica_liguagem, objeto_conhecimento, unidade_tematica) values (95, 6, 'EF03LP02', true, true, 'Ler e escrever corretamente palavras com sílabas CV, V, CVC, CCV, VC, VV, CVV, identificando que existem vogais em todas as sílabas', 'Todos os campos de atuação', 'Análise linguística/semiótica (Ortografização)', 'Construção do sistema alfabético e da ortografia',  Null);
insert into habilidade (id, id_componente, codigo, bncc, ativo, descricao, campo_atuacao, pratica_liguagem, objeto_conhecimento, unidade_tematica) values (96, 6, 'EF03LP03', true, true, 'Ler e escrever corretamente palavras com os dígrafos lh, nh, ch', 'Todos os campos de atuação', 'Análise linguística/semiótica (Ortografização)', 'Construção do sistema alfabético e da ortografia',  Null);
insert into habilidade (id, id_componente, codigo, bncc, ativo, descricao, campo_atuacao, pratica_liguagem, objeto_conhecimento, unidade_tematica) values (97, 6, 'EF03LP04', true, true, 'Usar acento gráfico (agudo ou circunflexo) em monossílabos tônicos terminados em a, e, o e em palavras oxítonas terminadas em a, e, o, seguidas ou não de s', 'Todos os campos de atuação', 'Análise linguística/semiótica (Ortografização)', 'Conhecimento das diversas grafias do alfabeto/ Acentuação',  Null);
insert into habilidade (id, id_componente, codigo, bncc, ativo, descricao, campo_atuacao, pratica_liguagem, objeto_conhecimento, unidade_tematica) values (98, 6, 'EF03LP05', true, true, 'Identificar o número de sílabas de palavras, classificando-as em monossílabas, dissílabas, trissílabas e polissílabas', 'Todos os campos de atuação', 'Análise linguística/semiótica (Ortografização)', 'Segmentação de palavras/Classificação de palavras por número de sílabas',  Null);
insert into habilidade (id, id_componente, codigo, bncc, ativo, descricao, campo_atuacao, pratica_liguagem, objeto_conhecimento, unidade_tematica) values (99, 6, 'EF03LP06', true, true, 'Identificar a sílaba tônica em palavras, classificando-as em oxítonas, paroxítonas e proparoxítonas', 'Todos os campos de atuação', 'Análise linguística/semiótica (Ortografização)', 'Construção do sistema alfabético',  Null);
insert into habilidade (id, id_componente, codigo, bncc, ativo, descricao, campo_atuacao, pratica_liguagem, objeto_conhecimento, unidade_tematica) values (100, 6, 'EF03LP07', true, true, 'Identificar a função na leitura e usar na escrita ponto final, ponto de interrogação, ponto de exclamação e, em diálogos (discurso direto), dois-pontos e travessão', 'Todos os campos de atuação', 'Análise linguística/semiótica (Ortografização)', 'Pontuação',  Null);
insert into habilidade (id, id_componente, codigo, bncc, ativo, descricao, campo_atuacao, pratica_liguagem, objeto_conhecimento, unidade_tematica) values (101, 6, 'EF03LP08', true, true, 'Identificar e diferenciar, em textos, substantivos e verbos e suas funções na oração: agente, ação, objeto da ação', 'Todos os campos de atuação', 'Análise linguística/semiótica (Ortografização)', 'Morfologia',  Null);
insert into habilidade (id, id_componente, codigo, bncc, ativo, descricao, campo_atuacao, pratica_liguagem, objeto_conhecimento, unidade_tematica) values (102, 6, 'EF03LP09', true, true, 'Identificar, em textos, adjetivos e sua função de atribuição de propriedades aos substantivos', 'Todos os campos de atuação', 'Análise linguística/semiótica (Ortografização)', 'Morfossintaxe',  Null);
insert into habilidade (id, id_componente, codigo, bncc, ativo, descricao, campo_atuacao, pratica_liguagem, objeto_conhecimento, unidade_tematica) values (103, 6, 'EF03LP10', true, true, 'Reconhecer prefixos e sufixos produtivos na formação de palavras derivadas de substantivos, de adjetivos e de verbos, utilizando-os para compreender palavras e para formar novas palavras', 'Todos os campos de atuação', 'Análise linguística/semiótica (Ortografização)', 'Morfologia',  Null);
insert into habilidade (id, id_componente, codigo, bncc, ativo, descricao, campo_atuacao, pratica_liguagem, objeto_conhecimento, unidade_tematica) values (104, 6, 'EF03LP11', true, true, 'Ler e compreender, com autonomia, textos injuntivos instrucionais (receitas, instruções de montagem etc), com a estrutura própria desses textos (verbos imperativos, indicação de passos a ser seguidos) e mesclando palavras, imagens e recursos gráfico- visuais, considerando a situação comunicativa e o tema/assunto do texto', 'Campo da vida cotidiana', 'Leitura/escuta (compartilhada e autônoma)', 'Compreensão em leitura',  Null);
insert into habilidade (id, id_componente, codigo, bncc, ativo, descricao, campo_atuacao, pratica_liguagem, objeto_conhecimento, unidade_tematica) values (105, 6, 'EF03LP12', true, true, 'Ler e compreender, com autonomia, cartas pessoais e diários, com expressão de sentimentos e opiniões, dentre outros gêneros do campo da vida cotidiana, de acordo com as convenções do gênero carta e considerando a situação comunicativa e o tema/assunto do texto', 'Campo da vida cotidiana', 'Leitura/escuta (compartilhada e autônoma)', 'Compreensão em leitura',  Null);
insert into habilidade (id, id_componente, codigo, bncc, ativo, descricao, campo_atuacao, pratica_liguagem, objeto_conhecimento, unidade_tematica) values (106, 6, 'EF03LP13', true, true, 'Planejar e produzir cartas pessoais e diários, com expressão de sentimentos e opiniões, dentre outros gêneros do campo da vida cotidiana, de acordo com as convenções dos gêneros carta e diário e considerando a situação comunicativa e o tema/assunto do texto', 'Campo da vida cotidiana', 'Produção de textos (escrita compartilhada e autônoma)', 'Escrita colaborativa',  Null);
insert into habilidade (id, id_componente, codigo, bncc, ativo, descricao, campo_atuacao, pratica_liguagem, objeto_conhecimento, unidade_tematica) values (107, 6, 'EF03LP14', true, true, 'Planejar e produzir textos injuntivos instrucionais, com a estrutura própria desses textos (verbos imperativos, indicação de passos a ser seguidos) e mesclando palavras, imagens e recursos gráfico-visuais, considerando a situação comunicativa e o tema/ assunto do texto', 'Campo da vida cotidiana', 'Escrita (compartilhada e autônoma)', 'Escrita colaborativa',  Null);
insert into habilidade (id, id_componente, codigo, bncc, ativo, descricao, campo_atuacao, pratica_liguagem, objeto_conhecimento, unidade_tematica) values (108, 6, 'EF03LP15', true, true, 'Assistir, em vídeo digital, a programa de culinária infantil e, a partir dele, planejar e produzir receitas em áudio ou vídeo', 'Campo da vida cotidiana', 'Oralidade', 'Produção de texto oral',  Null);
insert into habilidade (id, id_componente, codigo, bncc, ativo, descricao, campo_atuacao, pratica_liguagem, objeto_conhecimento, unidade_tematica) values (109, 6, 'EF03LP16', true, true, 'Identificar e reproduzir, em textos injuntivos instrucionais (receitas, instruções de montagem, digitais ou impressos), a formatação própria desses textos (verbos imperativos, indicação de passos a ser seguidos) e a diagramação específica dos textos desses gêneros (lista de ingredientes ou materiais e instruções de execução – "modo de fazer")', 'Campo da vida cotidiana', 'Análise linguística/semiótica (Ortografização)', 'Forma de composição do texto',  Null);
insert into habilidade (id, id_componente, codigo, bncc, ativo, descricao, campo_atuacao, pratica_liguagem, objeto_conhecimento, unidade_tematica) values (110, 6, 'EF03LP17', true, true, 'Identificar e reproduzir, em gêneros epistolares e diários, a formatação própria desses textos (relatos de acontecimentos, expressão de vivências, emoções, opiniões ou críticas) e a diagramação específica dos textos desses gêneros (data, saudação, corpo do texto, despedida, assinatura)', 'Campo da vida cotidiana', 'Análise linguística/semiótica (Ortografização)', 'Forma de composição do texto',  Null);
insert into habilidade (id, id_componente, codigo, bncc, ativo, descricao, campo_atuacao, pratica_liguagem, objeto_conhecimento, unidade_tematica) values (111, 6, 'EF03LP18', true, true, 'Ler e compreender, com autonomia, cartas dirigidas a veículos da mídia impressa ou digital (cartas de leitor e de reclamação a jornais, revistas) e notícias, dentre outros gêneros do campo jornalístico, de acordo com as convenções do gênero carta e considerando a situação comunicativa e o tema/assunto do texto', 'Campo da vida pública', 'Leitura/escuta (compartilhada e autônoma)', 'Compreensão em leitura',  Null);
insert into habilidade (id, id_componente, codigo, bncc, ativo, descricao, campo_atuacao, pratica_liguagem, objeto_conhecimento, unidade_tematica) values (112, 6, 'EF03LP19', true, true, 'Identificar e discutir o propósito do uso de recursos de persuasão (cores, imagens, escolha de palavras, jogo de palavras, tamanho de letras) em textos publicitários e de propaganda, como elementos de convencimento', 'Campo da vida pública', 'Leitura/escuta (compartilhada e autônoma)', 'Compreensão em leitura',  Null);
insert into habilidade (id, id_componente, codigo, bncc, ativo, descricao, campo_atuacao, pratica_liguagem, objeto_conhecimento, unidade_tematica) values (113, 6, 'EF03LP20', true, true, 'Produzir cartas dirigidas a veículos da mídia impressa ou digital (cartas do leitor ou de reclamação a jornais ou revistas), dentre outros gêneros do campopo lítico-cidadão, com opiniões e críticas, de acordo com as convenções do gênero carta e considerando a situação comunicativa e o tema/assunto do texto', 'Campo da vida pública', 'Produção de textos (escrita compartilhada e autônoma)', 'Escrita colaborativa',  Null);
insert into habilidade (id, id_componente, codigo, bncc, ativo, descricao, campo_atuacao, pratica_liguagem, objeto_conhecimento, unidade_tematica) values (114, 6, 'EF03LP21', true, true, 'Produzir anúncios publicitários, textos de campanhas de conscientização destinados ao público infantil, observando os recursos de persuasão utilizados nos textos publicitários e de propaganda (cores, imagens, slogan, escolha de palavras, jogo de palavras, tamanho e tipo de letras, diagramação)', 'Campo da vida pública', 'Produção de textos (escrita compartilhada e autônoma)', 'Escrita colaborativa',  Null);
insert into habilidade (id, id_componente, codigo, bncc, ativo, descricao, campo_atuacao, pratica_liguagem, objeto_conhecimento, unidade_tematica) values (115, 6, 'EF03LP22', true, true, 'Planejar e produzir, em colaboração com os colegas, telejornal para público infantil com algumas notícias e textos de campanhas que possam ser repassados oralmente ou em meio digital, em áudio ou vídeo, considerando a situação comunicativa, a organização específica da fala nesses gêneros e o tema/assunto/ finalidade dos textos', 'Campo da vida pública', 'Oralidade', 'Planejamento e produção de texto',  Null);
insert into habilidade (id, id_componente, codigo, bncc, ativo, descricao, campo_atuacao, pratica_liguagem, objeto_conhecimento, unidade_tematica) values (116, 6, 'EF03LP23', true, true, 'Analisar o uso de adjetivos em cartas dirigidas a veículos da mídia impressa ou digital (cartas do leitor ou de reclamação a jornais ou revistas), digitais ou impressas', 'Campo da vida pública', 'Análise linguística/semiótica (Ortografização)', 'Forma de composição dos textos',  Null);
insert into habilidade (id, id_componente, codigo, bncc, ativo, descricao, campo_atuacao, pratica_liguagem, objeto_conhecimento, unidade_tematica) values (117, 6, 'EF03LP24', true, true, 'Ler/ouvir e compreender, com autonomia, relatos de observações e de pesquisas em fontes de informações, considerando a situação comunicativa e o tema/assunto do texto', 'Campo das práticas de estudo e pesquisa', 'Leitura/escuta (compartilhada e autônoma)', 'Compreensão em leitura',  Null);
insert into habilidade (id, id_componente, codigo, bncc, ativo, descricao, campo_atuacao, pratica_liguagem, objeto_conhecimento, unidade_tematica) values (118, 6, 'EF03LP25', true, true, 'Planejar e produzir textos para apresentar resultados de observações e de pesquisas em fontes de informações, incluindo, quando pertinente, imagens, diagramas e gráficos ou tabelas simples, considerando a situação comunicativa e o tema/assunto do texto', 'Campo das práticas de estudo e pesquisa', 'Produção de textos (escrita compartilhada e autônoma)', 'Produção de textos',  Null);
insert into habilidade (id, id_componente, codigo, bncc, ativo, descricao, campo_atuacao, pratica_liguagem, objeto_conhecimento, unidade_tematica) values (119, 6, 'EF03LP26', true, true, 'Identificar e reproduzir, em relatórios de observação e pesquisa, a formatação e diagramação específica desses gêneros (passos ou listas de itens, tabelas, ilustrações, gráficos, resumo dos resultados), inclusive em suas versões orais', 'Campo das práticas de estudo e pesquisa', 'Análise linguística/semiótica (Ortografização)', 'Forma de composição dos textos Adequação do texto às normas de escrita',  Null);
insert into habilidade (id, id_componente, codigo, bncc, ativo, descricao, campo_atuacao, pratica_liguagem, objeto_conhecimento, unidade_tematica) values (120, 6, 'EF03LP27', true, true, 'Recitar cordel e cantar repentes e emboladas, observando as rimas e obedecendo ao ritmo e à melodia', 'Campo artístico-literário', 'Oralidade', 'Performances orais',  Null);
insert into habilidade (id, id_componente, codigo, bncc, ativo, descricao, campo_atuacao, pratica_liguagem, objeto_conhecimento, unidade_tematica) values (121, 6, 'EF35LP01', true, true, 'Ler e compreender, silenciosamente e, em seguida, em voz alta, com autonomia e fluência, textos curtos com nível de textualidade adequado', 'Todos os campos de atuação', 'Leitura/escuta (compartilhada e autônoma)', 'Decodificação/Fluência de leitura',  Null);
insert into habilidade (id, id_componente, codigo, bncc, ativo, descricao, campo_atuacao, pratica_liguagem, objeto_conhecimento, unidade_tematica) values (122, 6, 'EF35LP02', true, true, 'Selecionar livros da biblioteca e/ou do cantinho de leitura da sala de aula e/ou disponíveis em meios digitais para leitura individual, justificando a escolha e compartilhando com os colegas sua opinião, após a leitura', 'Todos os campos de atuação', 'Leitura/escuta (compartilhada e autônoma)', 'Formação de leitor',  Null);
insert into habilidade (id, id_componente, codigo, bncc, ativo, descricao, campo_atuacao, pratica_liguagem, objeto_conhecimento, unidade_tematica) values (123, 6, 'EF35LP03', true, true, 'Identificar a ideia central do texto, demonstrando compreensão global', 'Todos os campos de atuação', 'Leitura/escuta (compartilhada e autônoma)', 'Compreensão',  Null);
insert into habilidade (id, id_componente, codigo, bncc, ativo, descricao, campo_atuacao, pratica_liguagem, objeto_conhecimento, unidade_tematica) values (124, 6, 'EF35LP04', true, true, 'Inferir informações implícitas nos textos lidos', 'Todos os campos de atuação', 'Leitura/escuta (compartilhada e autônoma)', 'Estratégia de leitura',  Null);
insert into habilidade (id, id_componente, codigo, bncc, ativo, descricao, campo_atuacao, pratica_liguagem, objeto_conhecimento, unidade_tematica) values (125, 6, 'EF35LP05', true, true, 'Inferir o sentido de palavras ou expressões desconhecidas em textos, com base no contexto da frase ou do texto', 'Todos os campos de atuação', 'Leitura/escuta (compartilhada e autônoma)', 'Estratégia de leitura',  Null);
insert into habilidade (id, id_componente, codigo, bncc, ativo, descricao, campo_atuacao, pratica_liguagem, objeto_conhecimento, unidade_tematica) values (126, 6, 'EF35LP06', true, true, 'Recuperar relações entre partes de um texto, identificando substituições lexicais (de substantivos por sinônimos) ou pronominais (uso de pronomes anafóricos – pessoais, possessivos, demonstrativos) que contribuem para a continuidade do texto', 'Todos os campos de atuação', 'Leitura/escuta (compartilhada e autônoma)', 'Estratégia de leitura',  Null);
insert into habilidade (id, id_componente, codigo, bncc, ativo, descricao, campo_atuacao, pratica_liguagem, objeto_conhecimento, unidade_tematica) values (127, 6, 'EF35LP07', true, true, 'Utilizar, ao produzir um texto, conhecimentos linguísticos e gramaticais, tais como ortografia, regras básicas de concordância nominal e verbal, pontuação (ponto final, ponto de exclamação, ponto de interrogação, vírgulas em enumerações) e pontuação do discurso direto, quando for o caso', 'Todos os campos de atuação', 'Produção de textos (escrita compartilhada e autônoma)', 'Construção do sistema alfabético/ Convenções da escrita',  Null);
insert into habilidade (id, id_componente, codigo, bncc, ativo, descricao, campo_atuacao, pratica_liguagem, objeto_conhecimento, unidade_tematica) values (128, 6, 'EF35LP08', true, true, 'Utilizar, ao produzir um texto, recursos de referenciação (por substituição lexical ou por pronomes pessoais, possessivos e demonstrativos), vocabulário apropriado ao gênero, recursos de coesão pronominal (pronomes anafóricos) e articuladores de relações de sentido (tempo, causa, oposição, conclusão, comparação), com nível suficiente de informatividade', 'Todos os campos de atuação', 'Produção de textos (escrita compartilhada e autônoma)', 'Construção do sistema alfabético/ Estabelecimento de relações anafóricas na referenciação e construção da coesão',  Null);
insert into habilidade (id, id_componente, codigo, bncc, ativo, descricao, campo_atuacao, pratica_liguagem, objeto_conhecimento, unidade_tematica) values (129, 6, 'EF35LP09', true, true, 'Organizar o texto em unidades de sentido, dividindo-o em parágrafos segundo as normas gráficas e de acordo com as características do gênero textual', 'Todos os campos de atuação', 'Produção de textos (escrita compartilhada e autônoma)', 'Planejamento de texto/Progressão temática e paragrafação',  Null);
insert into habilidade (id, id_componente, codigo, bncc, ativo, descricao, campo_atuacao, pratica_liguagem, objeto_conhecimento, unidade_tematica) values (130, 6, 'EF35LP10', true, true, 'Identificar gêneros do discurso oral, utilizados em diferentes situações e contextos comunicativos, e suas características linguístico-expressivas e composicionais (conversação espontânea, conversação telefônica, entrevistas pessoais, entrevistas no rádio ou na TV, debate, noticiário de rádio e TV, narração de jogos esportivos no rádio e TV, aula, debate etc)', 'Todos os campos de atuação', 'Oralidade', 'Forma de composição de gêneros orais',  Null);
insert into habilidade (id, id_componente, codigo, bncc, ativo, descricao, campo_atuacao, pratica_liguagem, objeto_conhecimento, unidade_tematica) values (131, 6, 'EF35LP11', true, true, 'Ouvir gravações, canções, textos falados em diferentes variedades linguísticas, identificando características regionais, urbanas e rurais da fala e respeitando as diversas variedades linguísticas como características do uso da língua por diferentes grupos regionais ou diferentes culturas locais, rejeitando preconceitos linguísticos', 'Todos os campos de atuação', 'Oralidade', 'Variação linguística',  Null);
insert into habilidade (id, id_componente, codigo, bncc, ativo, descricao, campo_atuacao, pratica_liguagem, objeto_conhecimento, unidade_tematica) values (132, 6, 'EF35LP12', true, true, 'Recorrer ao dicionário para esclarecer dúvida sobre a escrita de palavras, especialmente no caso de palavras com relações irregulares fonema-grafema', 'Todos os campos de atuação', 'Análise linguística/semiótica (Ortografização)', 'Construção do sistema alfabético e da ortografia',  Null);
insert into habilidade (id, id_componente, codigo, bncc, ativo, descricao, campo_atuacao, pratica_liguagem, objeto_conhecimento, unidade_tematica) values (133, 6, 'EF35LP13', true, true, 'Memorizar a grafia de palavras de uso frequente nas quais as relações fonema-grafema são irregulares e com h inicial que não representa fonema', 'Todos os campos de atuação', 'Análise linguística/semiótica (Ortografização)', 'Construção do sistema alfabético e da ortografia',  Null);
insert into habilidade (id, id_componente, codigo, bncc, ativo, descricao, campo_atuacao, pratica_liguagem, objeto_conhecimento, unidade_tematica) values (134, 6, 'EF35LP14', true, true, 'Identificar em textos e usar na produção textual pronomes pessoais, possessivos e demonstrativos, como recurso coesivo anafórico', 'Todos os campos de atuação', 'Análise linguística/semiótica (Ortografização)', 'Morfologia',  Null);
insert into habilidade (id, id_componente, codigo, bncc, ativo, descricao, campo_atuacao, pratica_liguagem, objeto_conhecimento, unidade_tematica) values (135, 6, 'EF35LP15', true, true, 'Opinar e defender ponto de vista sobre tema polêmico relacionado a situações vivenciadas na escola e/ou na comunidade, utilizando registro formal e estrutura adequada à argumentação, considerando a situação comunicativa e o tema/assunto do texto', 'Campo da vida pública', 'Produção de textos (escrita compartilhada e autônoma)', 'Escrita colaborativa',  Null);
insert into habilidade (id, id_componente, codigo, bncc, ativo, descricao, campo_atuacao, pratica_liguagem, objeto_conhecimento, unidade_tematica) values (136, 6, 'EF35LP16', true, true, 'Identificar e reproduzir, em notícias, manchetes, lides e corpo de notícias simples para público infantil e cartas de reclamação (revista infantil), digitais ou impressos, a formatação e diagramação específica de cada um desses gêneros, inclusive em suas versões orais', 'Campo da vida pública', 'Análise linguística/semiótica (Ortografização)', 'Forma de composição dos textos',  Null);
insert into habilidade (id, id_componente, codigo, bncc, ativo, descricao, campo_atuacao, pratica_liguagem, objeto_conhecimento, unidade_tematica) values (137, 6, 'EF35LP17', true, true, 'Buscar e selecionar, com o apoio do professor, informações de interesse sobre fenômenos sociais e naturais, em textos que circulam em meios impressos ou digitais', 'Campo das práticas de estudo e pesquisa', 'Leitura/escuta (compartilhada e autônoma)', 'Pesquisa',  Null);
insert into habilidade (id, id_componente, codigo, bncc, ativo, descricao, campo_atuacao, pratica_liguagem, objeto_conhecimento, unidade_tematica) values (138, 6, 'EF35LP18', true, true, 'Escutar, com atenção, apresentações de trabalhos realizadas por colegas, formulando perguntas pertinentes ao tema e solicitando esclarecimentos sempre que necessário', 'Campo das práticas de estudo e pesquisa', 'Oralidade', 'Escuta de textos orais',  Null);
insert into habilidade (id, id_componente, codigo, bncc, ativo, descricao, campo_atuacao, pratica_liguagem, objeto_conhecimento, unidade_tematica) values (139, 6, 'EF35LP19', true, true, 'Recuperar as ideias principais em situações formais de escuta de exposições, apresentações e palestras', 'Campo das práticas de estudo e pesquisa', 'Oralidade', 'Compreensão de textos orais',  Null);
insert into habilidade (id, id_componente, codigo, bncc, ativo, descricao, campo_atuacao, pratica_liguagem, objeto_conhecimento, unidade_tematica) values (140, 6, 'EF35LP20', true, true, 'Expor trabalhos ou pesquisas escolares, em sala de aula, com apoio de recursos multissemióticos (imagens, diagrama, tabelas etc), orientando-se por roteiro escrito, planejando o tempo de fala e adequando a linguagem à situação comunicativa', 'Campo das práticas de estudo e pesquisa', 'Oralidade', 'Planejamento de texto oral Exposição oral',  Null);
insert into habilidade (id, id_componente, codigo, bncc, ativo, descricao, campo_atuacao, pratica_liguagem, objeto_conhecimento, unidade_tematica) values (141, 6, 'EF35LP21', true, true, 'Ler e compreender, de forma autônoma, textos literários de diferentes gêneros e extensões, inclusive aqueles sem ilustrações, estabelecendo preferências por gêneros, temas, autores', 'Campo artístico-literário', 'Leitura/escuta (compartilhada e autônoma)', 'Formação do leitor literário',  Null);
insert into habilidade (id, id_componente, codigo, bncc, ativo, descricao, campo_atuacao, pratica_liguagem, objeto_conhecimento, unidade_tematica) values (142, 6, 'EF35LP22', true, true, 'Perceber diálogos em textos narrativos, observando o efeito de sentido de verbos de enunciação e, se for o caso, o uso de variedades linguísticas no discurso direto', 'Campo artístico-literário', 'Leitura/escuta (compartilhada e autônoma)', 'Formação do leitor literário/ Leitura multissemiótica',  Null);
insert into habilidade (id, id_componente, codigo, bncc, ativo, descricao, campo_atuacao, pratica_liguagem, objeto_conhecimento, unidade_tematica) values (143, 6, 'EF35LP23', true, true, 'Apreciar poemas e outros textos versificados, observando rimas, aliterações e diferentes modos de divisão dos versos, estrofes e refrões e seu efeito de sentido', 'Campo artístico-literário', 'Leitura/escuta (compartilhada e autônoma)', 'Apreciação estética/Estilo',  Null);
insert into habilidade (id, id_componente, codigo, bncc, ativo, descricao, campo_atuacao, pratica_liguagem, objeto_conhecimento, unidade_tematica) values (144, 6, 'EF35LP24', true, true, 'Identificar funções do texto dramático (escrito para ser encenado) e sua organização por meio de diálogos entre personagens e marcadores das falas das personagens e de cena', 'Campo artístico-literário', 'Leitura/escuta (compartilhada e autônoma)', 'Textos dramáticos',  Null);
insert into habilidade (id, id_componente, codigo, bncc, ativo, descricao, campo_atuacao, pratica_liguagem, objeto_conhecimento, unidade_tematica) values (145, 6, 'EF35LP25', true, true, 'Criar narrativas ficcionais, com certa autonomia, utilizando detalhes descritivos, sequências de eventos e imagens apropriadas para sustentar o sentido do texto, e marcadores de tempo, espaço e de fala de personagens', 'Campo artístico-literário', 'Produção de textos (escrita compartilhada e autônoma)', 'Escrita autônoma e compartilhada',  Null);
insert into habilidade (id, id_componente, codigo, bncc, ativo, descricao, campo_atuacao, pratica_liguagem, objeto_conhecimento, unidade_tematica) values (146, 6, 'EF35LP26', true, true, 'Ler e compreender, com certa autonomia, narrativas ficcionais que apresentem cenários e personagens, observando os elementos da estrutura narrativa: enredo, tempo, espaço, personagens, narrador e a construção do discurso indireto e discurso direto', 'Campo artístico-literário', 'Produção de textos (escrita compartilhada e autônoma)', 'Escrita autônoma e compartilhada',  Null);
insert into habilidade (id, id_componente, codigo, bncc, ativo, descricao, campo_atuacao, pratica_liguagem, objeto_conhecimento, unidade_tematica) values (147, 6, 'EF35LP27', true, true, 'Ler e compreender, com certa autonomia, textos em versos, explorando rimas, sons e jogos de palavras, imagens poéticas (sentidos figurados) e recursos visuais e sonoros', 'Campo artístico-literário', 'Produção de textos (escrita compartilhada e autônoma)', 'Escrita autônoma',  Null);
insert into habilidade (id, id_componente, codigo, bncc, ativo, descricao, campo_atuacao, pratica_liguagem, objeto_conhecimento, unidade_tematica) values (148, 6, 'EF35LP28', true, true, 'Declamar poemas, com entonação, postura e interpretação adequadas', 'Campo artístico-literário', 'Oralidade', 'Declamação',  Null);
insert into habilidade (id, id_componente, codigo, bncc, ativo, descricao, campo_atuacao, pratica_liguagem, objeto_conhecimento, unidade_tematica) values (149, 6, 'EF35LP29', true, true, 'Identificar, em narrativas, cenário, personagem central, conflito gerador, resolução e o ponto de vista com base no qual histórias são narradas, diferenciando narrativas em primeira e terceira pessoas', 'Campo artístico-literário', 'Análise linguística/semiótica (Ortografização)', 'Formas de composição de narrativas',  Null);
insert into habilidade (id, id_componente, codigo, bncc, ativo, descricao, campo_atuacao, pratica_liguagem, objeto_conhecimento, unidade_tematica) values (150, 6, 'EF35LP30', true, true, 'Diferenciar discurso indireto e discurso direto, determinando o efeito de sentido de verbos de enunciação e explicando o uso de variedades linguísticas no discurso direto, quando for o caso', 'Campo artístico-literário', 'Análise linguística/semiótica (Ortografização)', 'Discurso direto e indireto',  Null);
insert into habilidade (id, id_componente, codigo, bncc, ativo, descricao, campo_atuacao, pratica_liguagem, objeto_conhecimento, unidade_tematica) values (151, 6, 'EF35LP31', true, true, 'Identificar, em textos versificados, efeitos de sentido decorrentes do uso de recursos rítmicos e sonoros e de metáforas', 'Campo artístico-literário', 'Análise linguística/semiótica (Ortografização)', 'Forma de composição de textos poéticos',  Null);
insert into habilidade (id, id_componente, codigo, bncc, ativo, descricao, campo_atuacao, pratica_liguagem, objeto_conhecimento, unidade_tematica) values (152, 6, 'EF04LP01', true, true, 'Grafar palavras utilizando regras de correspondência fonema--grafema regulares diretas e contextuais', 'Todos os campos de atuação', 'Análise linguística/semiótica (Ortografização)', 'Construção do sistema alfabético e da ortografia',  Null);
insert into habilidade (id, id_componente, codigo, bncc, ativo, descricao, campo_atuacao, pratica_liguagem, objeto_conhecimento, unidade_tematica) values (153, 6, 'EF04LP02', true, true, 'Ler e escrever, corretamente, palavras com sílabas VV e CVV em casos nos quais a combinação VV (ditongo) é reduzida na língua oral (ai, ei, ou)', 'Todos os campos de atuação', 'Análise linguística/semiótica (Ortografização)', 'Construção do sistema alfabético e da ortografia',  Null);
insert into habilidade (id, id_componente, codigo, bncc, ativo, descricao, campo_atuacao, pratica_liguagem, objeto_conhecimento, unidade_tematica) values (154, 6, 'EF04LP03', true, true, 'Localizar palavras no dicionário para esclarecer significados, reconhecendo o significado mais plausível para o contexto que deu origem à consulta', 'Todos os campos de atuação', 'Análise linguística/semiótica (Ortografização)', 'Conhecimento do alfabeto do português do Brasil/Ordem alfabética/Polissemia',  Null);
insert into habilidade (id, id_componente, codigo, bncc, ativo, descricao, campo_atuacao, pratica_liguagem, objeto_conhecimento, unidade_tematica) values (155, 6, 'EF04LP04', true, true, 'Usar acento gráfico (agudo ou circunflexo) em paroxítonas terminadas em -i(s), -l, -r, -ão(s)', 'Todos os campos de atuação', 'Análise linguística/semiótica (Ortografização)', 'Conhecimento das diversas grafias do alfabeto/ Acentuação',  Null);
insert into habilidade (id, id_componente, codigo, bncc, ativo, descricao, campo_atuacao, pratica_liguagem, objeto_conhecimento, unidade_tematica) values (156, 6, 'EF04LP05', true, true, 'Identificar a função na leitura e usar, adequadamente, na escrita ponto final, de interrogação, de exclamação, dois-pontos e travessão em diálogos (discurso direto), vírgula em enumerações e em separação de vocativo e de aposto', 'Todos os campos de atuação', 'Análise linguística/semiótica (Ortografização)', 'Pontuação',  Null);
insert into habilidade (id, id_componente, codigo, bncc, ativo, descricao, campo_atuacao, pratica_liguagem, objeto_conhecimento, unidade_tematica) values (157, 6, 'EF04LP06', true, true, 'Identificar em textos e usar na produção textual a concordância entre substantivo ou pronome pessoal e verbo (concordância verbal)', 'Todos os campos de atuação', 'Análise linguística/semiótica (Ortografização)', 'Morfologia/Morfossintaxe',  Null);
insert into habilidade (id, id_componente, codigo, bncc, ativo, descricao, campo_atuacao, pratica_liguagem, objeto_conhecimento, unidade_tematica) values (158, 6, 'EF04LP07', true, true, 'Identificar em textos e usar na produção textual a concordância entre artigo, substantivo e adjetivo (concordância no grupo nominal)', 'Todos os campos de atuação', 'Análise linguística/semiótica (Ortografização)', 'Morfossintaxe',  Null);
insert into habilidade (id, id_componente, codigo, bncc, ativo, descricao, campo_atuacao, pratica_liguagem, objeto_conhecimento, unidade_tematica) values (159, 6, 'EF04LP08', true, true, 'Reconhecer e grafar, corretamente, palavras derivadas com os sufixos -agem, -oso, -eza, -izar/-isar (regulares morfológicas)', 'Todos os campos de atuação', 'Análise linguística/semiótica (Ortografização)', 'Morfologia',  Null);
insert into habilidade (id, id_componente, codigo, bncc, ativo, descricao, campo_atuacao, pratica_liguagem, objeto_conhecimento, unidade_tematica) values (160, 6, 'EF04LP09', true, true, 'Ler e compreender, com autonomia, boletos, faturas e carnês, dentre outros gêneros do campo da vida cotidiana, de acordo com as convenções do gênero (campos, itens elencados, medidas de consumo, código de barras) e considerando a situação comunicativa e a finalidade do texto', 'Campo da vida cotidiana', 'Leitura/escuta (compartilhada e autônoma)', 'Compreensão em leitura',  Null);
insert into habilidade (id, id_componente, codigo, bncc, ativo, descricao, campo_atuacao, pratica_liguagem, objeto_conhecimento, unidade_tematica) values (161, 6, 'EF04LP10', true, true, 'Ler e compreender, com autonomia, cartas pessoais de reclamação, dentre outros gêneros do campo da vida cotidiana, de acordo com as convenções do gênero carta e considerando a situação comunicativa e o tema/assunto/finalidade do texto', 'Campo da vida cotidiana', 'Leitura/escuta (compartilhada e autônoma)', 'Compreensão em leitura',  Null);
insert into habilidade (id, id_componente, codigo, bncc, ativo, descricao, campo_atuacao, pratica_liguagem, objeto_conhecimento, unidade_tematica) values (162, 6, 'EF04LP11', true, true, 'Planejar e produzir, com autonomia, cartas pessoais de reclamação, dentre outros gêneros do campo da vida cotidiana, de acordo com as convenções do gênero carta e com a estrutura própria desses textos (problema, opinião, argumentos), considerando a situação comunicativa e o tema/assunto/finalidade do texto', 'Campo da vida cotidiana', 'Produção de textos (escrita compartilhada e autônoma)', 'Escrita colaborativa',  Null);
insert into habilidade (id, id_componente, codigo, bncc, ativo, descricao, campo_atuacao, pratica_liguagem, objeto_conhecimento, unidade_tematica) values (163, 6, 'EF04LP12', true, true, 'Assistir, em vídeo digital, a programa infantil com instruções de montagem, de jogos e brincadeiras e, a partir dele, planejar e produzir tutoriais em áudio ou vídeo', 'Campo da vida cotidiana', 'Oralidade', 'Produção de texto oral',  Null);
insert into habilidade (id, id_componente, codigo, bncc, ativo, descricao, campo_atuacao, pratica_liguagem, objeto_conhecimento, unidade_tematica) values (164, 6, 'EF04LP13', true, true, 'Identificar e reproduzir, em textos injuntivos instrucionais (instruções de jogos digitais ou impressos), a formatação própria desses textos (verbos imperativos, indicação de passos a ser seguidos) e formato específico dos textos orais ou escritos desses gêneros (lista/ apresentação de materiais e instruções/passos de jogo)', 'Campo da vida cotidiana', 'Análise linguística/semiótica (Ortografização)', 'Forma de composição do texto',  Null);
insert into habilidade (id, id_componente, codigo, bncc, ativo, descricao, campo_atuacao, pratica_liguagem, objeto_conhecimento, unidade_tematica) values (165, 6, 'EF04LP14', true, true, 'Identificar, em notícias, fatos, participantes, local e momento/tempo da ocorrência do fato noticiado', 'Campo da vida pública', 'Leitura/escuta (compartilhada e autônoma)', 'Compreensão em leitura',  Null);
insert into habilidade (id, id_componente, codigo, bncc, ativo, descricao, campo_atuacao, pratica_liguagem, objeto_conhecimento, unidade_tematica) values (166, 6, 'EF04LP15', true, true, 'Distinguir fatos de opiniões/sugestões em textos (informativos, jornalísticos, publicitários etc)', 'Campo da vida pública', 'Leitura/escuta (compartilhada e autônoma)', 'Compreensão em leitura',  Null);
insert into habilidade (id, id_componente, codigo, bncc, ativo, descricao, campo_atuacao, pratica_liguagem, objeto_conhecimento, unidade_tematica) values (167, 6, 'EF04LP16', true, true, 'Produzir notícias sobre fatos ocorridos no universo escolar, digitais ou impressas, para o jornal da escola, noticiando os fatos e seus atores e comentando decorrências, de acordo com as convenções do gênero notícia e considerando a situação comunicativa e o tema/assunto do texto', 'Campo da vida pública', 'Produção de textos (escrita compartilhada e autônoma)', 'Escrita colaborativa',  Null);
insert into habilidade (id, id_componente, codigo, bncc, ativo, descricao, campo_atuacao, pratica_liguagem, objeto_conhecimento, unidade_tematica) values (168, 6, 'EF04LP17', true, true, 'Produzir jornais radiofônicos ou televisivos e entrevistas veiculadas em rádio, TV e na internet, orientando-se por roteiro ou texto e demonstrando conhecimento dos gêneros jornal falado/televisivo e entrevista', 'Campo da vida pública', 'Oralidade', 'Planejamento e produção de texto',  Null);
insert into habilidade (id, id_componente, codigo, bncc, ativo, descricao, campo_atuacao, pratica_liguagem, objeto_conhecimento, unidade_tematica) values (169, 6, 'EF04LP18', true, true, 'Analisar o padrão entonacional e a expressão facial e corporal de âncoras de jornais radiofônicos ou televisivos e de entrevistadores/entrevistados', 'Campo da vida pública', 'Análise linguística/semiótica (Ortografização)', 'Forma de composição dos textos',  Null);
insert into habilidade (id, id_componente, codigo, bncc, ativo, descricao, campo_atuacao, pratica_liguagem, objeto_conhecimento, unidade_tematica) values (170, 6, 'EF04LP19', true, true, 'Ler e compreender textos expositivos de divulgação científica para crianças, considerando a situação comunicativa e o tema/ assunto do texto', 'Campo das práticas de estudo e pesquisa', 'Leitura/escuta (compartilhada e autônoma)', 'Compreensão em leitura',  Null);
insert into habilidade (id, id_componente, codigo, bncc, ativo, descricao, campo_atuacao, pratica_liguagem, objeto_conhecimento, unidade_tematica) values (171, 6, 'EF04LP20', true, true, 'Reconhecer a função de gráficos, diagramas e tabelas em textos, como forma de apresentação de dados e informações', 'Campo das práticas de estudo e pesquisa', 'Leitura/escuta (compartilhada e autônoma)', 'Imagens analíticas em textos',  Null);
insert into habilidade (id, id_componente, codigo, bncc, ativo, descricao, campo_atuacao, pratica_liguagem, objeto_conhecimento, unidade_tematica) values (172, 6, 'EF04LP21', true, true, 'Planejar e produzir textos sobre temas de interesse, com base em resultados de observações e pesquisas em fontes de informações impressas ou eletrônicas, incluindo, quando pertinente, imagens e gráficos ou tabelas simples, considerando a situação comunicativa e o tema/assunto do texto', 'Campo das práticas de estudo e pesquisa', 'Produção de textos (escrita compartilhada e autônoma)', 'Produção de textos',  Null);
insert into habilidade (id, id_componente, codigo, bncc, ativo, descricao, campo_atuacao, pratica_liguagem, objeto_conhecimento, unidade_tematica) values (173, 6, 'EF04LP22', true, true, 'Planejar e produzir, com certa autonomia, verbetes de enciclopédia infantil, digitais ou impressos, considerando a situação comunicativa e o tema/ assunto/finalidade do texto', 'Campo das práticas de estudo e pesquisa', 'Produção de textos (escrita compartilhada e autônoma)', 'Escrita autônoma',  Null);
insert into habilidade (id, id_componente, codigo, bncc, ativo, descricao, campo_atuacao, pratica_liguagem, objeto_conhecimento, unidade_tematica) values (174, 6, 'EF04LP23', true, true, 'Identificar e reproduzir, em verbetes de enciclopédia infantil, digitais ou impressos, a formatação e diagramação específica desse gênero (título do verbete, definição, detalhamento, curiosidades), considerando a situação comunicativa e o tema/assunto/finalidade do texto', 'Campo das práticas de estudo e pesquisa', 'Análise linguística/semiótica (Ortografização)', 'Forma de composição dos textos Coesão e articuladores',  Null);
insert into habilidade (id, id_componente, codigo, bncc, ativo, descricao, campo_atuacao, pratica_liguagem, objeto_conhecimento, unidade_tematica) values (175, 6, 'EF04LP24', true, true, 'Identificar e reproduzir, em seu formato, tabelas, diagramas e gráficos em relatórios de observação e pesquisa, como forma de apresentação de dados e informações', 'Campo das práticas de estudo e pesquisa', 'Análise linguística/semiótica (Ortografização)', 'Forma de composição dos textos Adequação do texto às normas de escrita',  Null);
insert into habilidade (id, id_componente, codigo, bncc, ativo, descricao, campo_atuacao, pratica_liguagem, objeto_conhecimento, unidade_tematica) values (176, 6, 'EF04LP25', true, true, 'Representar cenas de textos dramáticos, reproduzindo as falas das personagens, de acordo com as rubricas de interpretação e movimento indicadas pelo autor', 'Campo das práticas de estudo e pesquisa', 'Produção de textos (escrita compartilhada e autônoma)', 'Escrita autônoma',  Null);
insert into habilidade (id, id_componente, codigo, bncc, ativo, descricao, campo_atuacao, pratica_liguagem, objeto_conhecimento, unidade_tematica) values (177, 6, 'EF04LP26', true, true, 'Observar, em poemas concretos, o formato, a distribuição e a diagramação das letras do texto na página', 'Campo artístico-literário', 'Análise linguística/semiótica (Ortografização)', 'Forma de composição de textos poéticos visuais',  Null);
insert into habilidade (id, id_componente, codigo, bncc, ativo, descricao, campo_atuacao, pratica_liguagem, objeto_conhecimento, unidade_tematica) values (178, 6, 'EF04LP27', true, true, 'Identificar, em textos dramáticos, marcadores das falas das personagens e de cena', 'Campo artístico-literário', 'Análise linguística/semiótica (Ortografização)', 'Forma de composição de textos dramáticos',  Null);
insert into habilidade (id, id_componente, codigo, bncc, ativo, descricao, campo_atuacao, pratica_liguagem, objeto_conhecimento, unidade_tematica) values (179, 6, 'EF05LP01', true, true, 'Grafar palavras utilizando regras de correspondência fonema-grafema regulares, contextuais e morfológicas e palavras de uso frequente com correspondências irregulares', 'Todos os campos de atuação', 'Análise linguística/semiótica (Ortografização)', 'Construção do sistema alfabético e da ortografia',  Null);
insert into habilidade (id, id_componente, codigo, bncc, ativo, descricao, campo_atuacao, pratica_liguagem, objeto_conhecimento, unidade_tematica) values (180, 6, 'EF05LP02', true, true, 'Identificar o caráter polissêmico das palavras (uma mesma palavra com diferentes significados, de acordo com o contexto de uso), comparando o significado de determinados termos utilizados nas áreas científicas com esses mesmos termos utilizados na linguagem usual', 'Todos os campos de atuação', 'Análise linguística/semiótica (Ortografização)', 'Conhecimento do alfabeto do português do Brasil/Ordem alfabética/Polissemia',  Null);
insert into habilidade (id, id_componente, codigo, bncc, ativo, descricao, campo_atuacao, pratica_liguagem, objeto_conhecimento, unidade_tematica) values (181, 6, 'EF05LP03', true, true, 'Acentuar corretamente palavras oxítonas, paroxítonas e proparoxítonas', 'Todos os campos de atuação', 'Análise linguística/semiótica (Ortografização)', 'Conhecimento das diversas grafias do alfabeto/ Acentuação',  Null);
insert into habilidade (id, id_componente, codigo, bncc, ativo, descricao, campo_atuacao, pratica_liguagem, objeto_conhecimento, unidade_tematica) values (182, 6, 'EF05LP04', true, true, 'Diferenciar, na leitura de textos, vírgula, ponto e vírgula, dois-pontos e reconhecer, na leitura de textos, o efeito de sentido que decorre do uso de reticências, aspas, parênteses', 'Todos os campos de atuação', 'Análise linguística/semiótica (Ortografização)', 'Pontuação',  Null);
insert into habilidade (id, id_componente, codigo, bncc, ativo, descricao, campo_atuacao, pratica_liguagem, objeto_conhecimento, unidade_tematica) values (183, 6, 'EF05LP05', true, true, 'Identificar a expressão de presente, passado e futuro em tempos verbais do modo indicativo', 'Todos os campos de atuação', 'Análise linguística/semiótica (Ortografização)', 'Morfologia',  Null);
insert into habilidade (id, id_componente, codigo, bncc, ativo, descricao, campo_atuacao, pratica_liguagem, objeto_conhecimento, unidade_tematica) values (184, 6, 'EF05LP06', true, true, 'Flexionar, adequadamente, na escrita e na oralidade, os verbos em concordância com pronomes pessoais/nomes sujeitos da oração', 'Todos os campos de atuação', 'Análise linguística/semiótica (Ortografização)', 'Morfologia',  Null);
insert into habilidade (id, id_componente, codigo, bncc, ativo, descricao, campo_atuacao, pratica_liguagem, objeto_conhecimento, unidade_tematica) values (185, 6, 'EF05LP07', true, true, 'Identificar, em textos, o uso de conjunções e a relação que estabelecem entre partes do texto: adição, oposição, tempo, causa, condição, finalidade', 'Todos os campos de atuação', 'Análise linguística/semiótica (Ortografização)', 'Morfologia',  Null);
insert into habilidade (id, id_componente, codigo, bncc, ativo, descricao, campo_atuacao, pratica_liguagem, objeto_conhecimento, unidade_tematica) values (186, 6, 'EF05LP08', true, true, 'Diferenciar palavras primitivas, derivadas e compostas, e derivadas por adição de prefixo e de sufixo', 'Todos os campos de atuação', 'Análise linguística/semiótica (Ortografização)', 'Morfologia',  Null);
insert into habilidade (id, id_componente, codigo, bncc, ativo, descricao, campo_atuacao, pratica_liguagem, objeto_conhecimento, unidade_tematica) values (187, 6, 'EF05LP09', true, true, 'Ler e compreender, com autonomia, textos instrucional de regras de jogo, dentre outros gêneros do campo da vida cotidiana, de acordo com as convenções do gênero e considerando a situação comunicativa e a finalidade do texto', 'Campo da vida cotidiana', 'Leitura/escuta (compartilhada e autônoma)', 'Compreensão em leitura',  Null);
insert into habilidade (id, id_componente, codigo, bncc, ativo, descricao, campo_atuacao, pratica_liguagem, objeto_conhecimento, unidade_tematica) values (188, 6, 'EF05LP10', true, true, 'Ler e compreender, com autonomia, anedotas, piadas e cartuns, dentre outros gêneros do campo da vida cotidiana, de acordo com as convenções do gênero e considerando a situação comunicativa e a finalidade do texto', 'Campo da vida cotidiana', 'Leitura/escuta (compartilhada e autônoma)', 'Compreensão em leitura',  Null);
insert into habilidade (id, id_componente, codigo, bncc, ativo, descricao, campo_atuacao, pratica_liguagem, objeto_conhecimento, unidade_tematica) values (189, 6, 'EF05LP11', true, true, 'Registrar, com autonomia, anedotas, piadas e cartuns, dentre outros gêneros do campo da vida cotidiana, de acordo com as convenções do gênero e considerando a situação comunicativa e a finalidade do texto', 'Campo da vida cotidiana', 'Produção de textos (escrita compartilhada e autônoma)', 'Escrita colaborativa',  Null);
insert into habilidade (id, id_componente, codigo, bncc, ativo, descricao, campo_atuacao, pratica_liguagem, objeto_conhecimento, unidade_tematica) values (190, 6, 'EF05LP12', true, true, 'Planejar e produzir, com autonomia, textos instrucionais de regras de jogo, dentre outros gêneros do campo da vida cotidiana, de acordo com as convenções do gênero e considerando a situação comunicativa e a finalidade do texto', 'Campo da vida cotidiana', 'Escrita (compartilhada e autônoma)', 'Escrita colaborativa',  Null);
insert into habilidade (id, id_componente, codigo, bncc, ativo, descricao, campo_atuacao, pratica_liguagem, objeto_conhecimento, unidade_tematica) values (191, 6, 'EF05LP13', true, true, 'Assistir, em vídeo digital, a postagem de vlog infantil de críticas de brinquedos e livros de literatura infantil e, a partir dele, planejar e produzir resenhas digitais em áudio ou vídeo', 'Campo da vida cotidiana', 'Oralidade', 'Produção de texto oral',  Null);
insert into habilidade (id, id_componente, codigo, bncc, ativo, descricao, campo_atuacao, pratica_liguagem, objeto_conhecimento, unidade_tematica) values (192, 6, 'EF05LP14', true, true, 'Identificar e reproduzir, em textos de resenha crítica de brinquedos ou livros de literatura infantil, a formatação própria desses textos (apresentação e avaliação do produto)', 'Campo da vida cotidiana', 'Análise linguística/semiótica (Ortografização)', 'Forma de composição do texto',  Null);
insert into habilidade (id, id_componente, codigo, bncc, ativo, descricao, campo_atuacao, pratica_liguagem, objeto_conhecimento, unidade_tematica) values (193, 6, 'EF05LP15', true, true, 'Ler/assistir e compreender, com autonomia, notícias, reportagens, vídeos em vlogs argumentativos, dentre outros gêneros do campo político-cidadão, de acordo com as convenções dos gêneros e considerando a situação comunicativa e o tema/assunto do texto', 'Campo da vida pública', 'Leitura/escuta (compartilhada e autônoma)', 'Compreensão em leitura',  Null);
insert into habilidade (id, id_componente, codigo, bncc, ativo, descricao, campo_atuacao, pratica_liguagem, objeto_conhecimento, unidade_tematica) values (194, 6, 'EF05LP16', true, true, 'Comparar informações sobre um mesmo fato veiculadas em diferentes mídias e concluir sobre qual é mais confiável e por quê', 'Campo da vida pública', 'Leitura/escuta (compartilhada e autônoma)', 'Compreensão em leitura',  Null);
insert into habilidade (id, id_componente, codigo, bncc, ativo, descricao, campo_atuacao, pratica_liguagem, objeto_conhecimento, unidade_tematica) values (195, 6, 'EF05LP17', true, true, 'Produzir roteiro para edição de uma reportagem digital sobre temas de interesse da turma, a partir de buscas de informações, imagens, áudios e vídeos na internet, de acordo com as convenções do gênero e considerando a situação comunicativa e o tema/assunto do texto', 'Campo da vida pública', 'Produção de textos (escrita compartilhada e autônoma)', 'Escrita colaborativa',  Null);
insert into habilidade (id, id_componente, codigo, bncc, ativo, descricao, campo_atuacao, pratica_liguagem, objeto_conhecimento, unidade_tematica) values (196, 6, 'EF05LP18', true, true, 'Roteirizar, produzir e editar vídeo para vlogs argumentativos sobre produtos de mídia para público infantil (filmes, desenhos animados, HQs, games etc), com base em conhecimentos sobre os mesmos, de acordo com as convenções do gênero e considerando a situação comunicativa e o tema/ assunto/finalidade do texto', 'Campo da vida pública', 'Oralidade', 'Planejamento e produção de texto',  Null);
insert into habilidade (id, id_componente, codigo, bncc, ativo, descricao, campo_atuacao, pratica_liguagem, objeto_conhecimento, unidade_tematica) values (197, 6, 'EF05LP19', true, true, 'Argumentar oralmente sobre acontecimentos de interesse social, com base em conhecimentos sobre fatos divulgados em TV, rádio, mídia impressa e digital, respeitando pontos de vista diferentes', 'Campo da vida pública', 'Oralidade', 'Produção de texto',  Null);
insert into habilidade (id, id_componente, codigo, bncc, ativo, descricao, campo_atuacao, pratica_liguagem, objeto_conhecimento, unidade_tematica) values (198, 6, 'EF05LP20', true, true, 'Analisar a validade e força de argumentos em argumentações sobre produtos de mídia para público infantil (filmes, desenhos animados, HQs, games etc), com base em conhecimentos sobre os mesmos', 'Campo da vida pública', 'Análise linguística/semiótica (Ortografização)', 'Forma de composição dos textos',  Null);
insert into habilidade (id, id_componente, codigo, bncc, ativo, descricao, campo_atuacao, pratica_liguagem, objeto_conhecimento, unidade_tematica) values (199, 6, 'EF05LP21', true, true, 'Analisar o padrão entonacional, a expressão facial e corporal e as escolhas de variedade e registro linguísticos de vloggers de vlogs opinativos ou argumentativos', 'Campo da vida pública', 'Análise linguística/semiótica (Ortografização)', 'Forma de composição dos textos',  Null);
insert into habilidade (id, id_componente, codigo, bncc, ativo, descricao, campo_atuacao, pratica_liguagem, objeto_conhecimento, unidade_tematica) values (200, 6, 'EF05LP22', true, true, 'Ler e compreender verbetes de dicionário, identificando a estrutura, as informações gramaticais (significado de abreviaturas) e as informações semânticas', 'Campo das práticas de estudo e pesquisa', 'Leitura/escuta (compartilhada e autônoma)', 'Compreensão em leitura',  Null);
insert into habilidade (id, id_componente, codigo, bncc, ativo, descricao, campo_atuacao, pratica_liguagem, objeto_conhecimento, unidade_tematica) values (201, 6, 'EF05LP23', true, true, 'Comparar informações apresentadas em gráficos ou tabelas', 'Campo das práticas de estudo e pesquisa', 'Leitura/escuta (compartilhada e autônoma)', 'Imagens analíticas em textos',  Null);
insert into habilidade (id, id_componente, codigo, bncc, ativo, descricao, campo_atuacao, pratica_liguagem, objeto_conhecimento, unidade_tematica) values (202, 6, 'EF05LP24', true, true, 'Planejar e produzir texto sobre tema de interesse, organizando resultados de pesquisa em fontes de informação impressas ou digitais, incluindo imagens e gráficos ou tabelas, considerando a situação comunicativa e o tema/assunto do texto', 'Campo das práticas de estudo e pesquisa', 'Produção de textos (escrita compartilhada e autônoma)', 'Produção de textos',  Null);
insert into habilidade (id, id_componente, codigo, bncc, ativo, descricao, campo_atuacao, pratica_liguagem, objeto_conhecimento, unidade_tematica) values (203, 6, 'EF05LP25', true, true, 'Planejar e produzir, com certa autonomia, verbetes de dicionário, digitais ou impressos, considerando a situação comunicativa e o tema/assunto/finalidade do texto', 'Campo artístico-literário', 'Oralidade', 'Performances orais',  Null);
insert into habilidade (id, id_componente, codigo, bncc, ativo, descricao, campo_atuacao, pratica_liguagem, objeto_conhecimento, unidade_tematica) values (204, 6, 'EF05LP26', true, true, 'Utilizar, ao produzir o texto, conhecimentos linguísticos e gramaticais: regras sintáticas de concordância nominal e verbal, convenções de escrita de citações, pontuação (ponto final, dois-pontos, vírgulas em enumerações) e regras ortográficas', 'Campo das práticas de estudo e pesquisa', 'Análise linguística/semiótica (Ortografização)', 'Forma de composição dos textos  Adequação do texto às normas de escrita',  Null);
insert into habilidade (id, id_componente, codigo, bncc, ativo, descricao, campo_atuacao, pratica_liguagem, objeto_conhecimento, unidade_tematica) values (205, 6, 'EF05LP27', true, true, 'Utilizar, ao produzir o texto, recursos de coesão pronominal (pronomes anafóricos) e articuladores de relações de sentido (tempo, causa, oposição, conclusão, comparação), com nível adequado de informatividade', 'Campo das práticas de estudo e pesquisa', 'Análise linguística/semiótica (Ortografização)', 'Forma de composição dos textos  Coesão e articuladores',  Null);
insert into habilidade (id, id_componente, codigo, bncc, ativo, descricao, campo_atuacao, pratica_liguagem, objeto_conhecimento, unidade_tematica) values (206, 6, 'EF05LP28', true, true, 'Observar, em ciberpoemas e minicontos infantis em mídia digital, os recursos multissemióticos presentes nesses textos digitais', 'Campo artístico-literário', 'Análise linguística/semiótica (Ortografização)', 'Forma de composição de textos poéticos visuais',  Null);
insert into habilidade (id, id_componente, codigo, bncc, ativo, descricao, campo_atuacao, pratica_liguagem, objeto_conhecimento, unidade_tematica) values (207, 6, 'EF06LP01', true, true, 'Reconhecer a impossibilidade de uma neutralidade absoluta no relato de fatos e identificar diferentes graus de parcialidade/ imparcialidade dados pelo recorte feito e pelos efeitos de sentido advindos de escolhas feitas pelo autor, de forma a poder desenvolver uma atitude crítica frente aos textos jornalísticos e tornar-se consciente das escolhas feitas enquanto produtor de textos', 'Campo jornalístico/midiático', 'Leitura', 'Reconstrução do contexto de produção, circulação e recepção de textos Caracterização do campo jornalístico e relação entre os gêneros em circulação, mídias e práticas da cultura digital',  Null);
insert into habilidade (id, id_componente, codigo, bncc, ativo, descricao, campo_atuacao, pratica_liguagem, objeto_conhecimento, unidade_tematica) values (208, 6, 'EF06LP02', true, true, 'Estabelecer relação entre os diferentes gêneros jornalísticos, compreendendo a centralidade da notícia', 'Campo jornalístico/midiático', 'Leitura', 'Reconstrução do contexto de produção, circulação e recepção de textos Caracterização do campo jornalístico e relação entre os gêneros em circulação, mídias e práticas da cultura digital',  Null);
insert into habilidade (id, id_componente, codigo, bncc, ativo, descricao, campo_atuacao, pratica_liguagem, objeto_conhecimento, unidade_tematica) values (209, 6, 'EF06LP03', true, true, 'Analisar diferenças de sentido entre palavras de uma série sinonímica', 'Todos os campos de atuação', 'Análise linguística/semiótica', 'Léxico/morfologia',  Null);
insert into habilidade (id, id_componente, codigo, bncc, ativo, descricao, campo_atuacao, pratica_liguagem, objeto_conhecimento, unidade_tematica) values (210, 6, 'EF06LP04', true, true, 'Analisar a função e as flexões de substantivos e adjetivos e de verbos nos modos Indicativo, Subjuntivo e Imperativo: afirmativo e negativo', 'Todos os campos de atuação', 'Análise linguística/semiótica', 'Morfossintaxe',  Null);
insert into habilidade (id, id_componente, codigo, bncc, ativo, descricao, campo_atuacao, pratica_liguagem, objeto_conhecimento, unidade_tematica) values (211, 6, 'EF06LP05', true, true, 'Identificar os efeitos de sentido dos modos verbais, considerando o gênero textual e a intenção comunicativa', 'Todos os campos de atuação', 'Análise linguística/semiótica', 'Morfossintaxe',  Null);
insert into habilidade (id, id_componente, codigo, bncc, ativo, descricao, campo_atuacao, pratica_liguagem, objeto_conhecimento, unidade_tematica) values (212, 6, 'EF06LP06', true, true, 'Empregar, adequadamente, as regras de concordância nominal (relações entre os substantivos e seus determinantes) e as regras de concordância verbal (relações entre o verbo e o sujeito simples e composto)', 'Todos os campos de atuação', 'Análise linguística/semiótica', 'Morfossintaxe',  Null);
insert into habilidade (id, id_componente, codigo, bncc, ativo, descricao, campo_atuacao, pratica_liguagem, objeto_conhecimento, unidade_tematica) values (213, 6, 'EF06LP07', true, true, 'Identificar, em textos, períodos compostos por orações separadas por vírgula sem a utilização de conectivos, nomeando-os como períodos compostos por coordenação', 'Todos os campos de atuação', 'Análise linguística/semiótica', 'Morfossintaxe',  Null);
insert into habilidade (id, id_componente, codigo, bncc, ativo, descricao, campo_atuacao, pratica_liguagem, objeto_conhecimento, unidade_tematica) values (214, 6, 'EF06LP08', true, true, 'Identificar, em texto ou sequência textual, orações como unidades constituídas em torno de um núcleo verbal e períodos como conjunto de orações conectadas', 'Todos os campos de atuação', 'Análise linguística/semiótica', 'Morfossintaxe',  Null);
insert into habilidade (id, id_componente, codigo, bncc, ativo, descricao, campo_atuacao, pratica_liguagem, objeto_conhecimento, unidade_tematica) values (215, 6, 'EF06LP09', true, true, 'Classificar, em texto ou sequência textual, os períodos simples compostos', 'Todos os campos de atuação', 'Análise linguística/semiótica', 'Morfossintaxe',  Null);
insert into habilidade (id, id_componente, codigo, bncc, ativo, descricao, campo_atuacao, pratica_liguagem, objeto_conhecimento, unidade_tematica) values (216, 6, 'EF06LP10', true, true, 'Identificar sintagmas nominais e verbais como constituintes imediatos da oração', 'Todos os campos de atuação', 'Análise linguística/semiótica', 'Sintaxe',  Null);
insert into habilidade (id, id_componente, codigo, bncc, ativo, descricao, campo_atuacao, pratica_liguagem, objeto_conhecimento, unidade_tematica) values (217, 6, 'EF06LP11', true, true, 'Utilizar, ao produzir texto, conhecimentos linguísticos e gramaticais: tempos verbais, concordância nominal e verbal, regras ortográficas, pontuação etc', 'Todos os campos de atuação', 'Análise linguística/semiótica', 'Elementos notacionais da escrita/morfossintaxe',  Null);
insert into habilidade (id, id_componente, codigo, bncc, ativo, descricao, campo_atuacao, pratica_liguagem, objeto_conhecimento, unidade_tematica) values (218, 6, 'EF06LP12', true, true, 'Utilizar, ao produzir texto, recursos de coesão referencial (nome e pronomes), recursos semânticos de sinonímia, antonímia e homonímia e mecanismos de representação de diferentes vozes (discurso direto e indireto)', 'Todos os campos de atuação', 'Análise linguística/semiótica', 'Semântica Coesão',  Null);
insert into habilidade (id, id_componente, codigo, bncc, ativo, descricao, campo_atuacao, pratica_liguagem, objeto_conhecimento, unidade_tematica) values (219, 6, 'EF67LP01', true, true, 'Analisar a estrutura e funcionamento dos hiperlinks em textos noticiosos publicados na Web e vislumbrar possibilidades de uma escrita hipertextual', 'Campo jornalístico/midiático', 'Leitura', 'Reconstrução do contexto de produção, circulação e recepção de textos Caracterização do campo jornalístico e relação entre os gêneros em circulação, mídias e práticas da cultura digital',  Null);
insert into habilidade (id, id_componente, codigo, bncc, ativo, descricao, campo_atuacao, pratica_liguagem, objeto_conhecimento, unidade_tematica) values (220, 6, 'EF67LP02', true, true, 'Explorar o espaço reservado ao leitor nos jornais, revistas, impressos e on-line, sites noticiosos etc, destacando notícias, fotorreportagens, entrevistas, charges, assuntos, temas, debates em foco, posicionando-se de maneira ética e respeitosa frente a esses textos e opiniões a eles relacionadas, e publicar notícias, notas jornalísticas, fotorreportagem de interesse geral nesses espaços do leitor', 'Campo jornalístico/midiático', 'Leitura', 'Apreciação e réplica',  Null);
insert into habilidade (id, id_componente, codigo, bncc, ativo, descricao, campo_atuacao, pratica_liguagem, objeto_conhecimento, unidade_tematica) values (221, 6, 'EF67LP03', true, true, 'Comparar informações sobre um mesmo fato divulgadas em diferentes veículos e mídias, analisando e avaliando a confiabilidade', 'Campo jornalístico/midiático', 'Leitura', 'Relação entre textos',  Null);
insert into habilidade (id, id_componente, codigo, bncc, ativo, descricao, campo_atuacao, pratica_liguagem, objeto_conhecimento, unidade_tematica) values (222, 6, 'EF67LP04', true, true, 'Distinguir, em segmentos descontínuos de textos, fato da opinião enunciada em relação a esse mesmo fato', 'Campo jornalístico/midiático', 'Leitura', 'Estratégia de leitura Distinção de fato e opinião',  Null);
insert into habilidade (id, id_componente, codigo, bncc, ativo, descricao, campo_atuacao, pratica_liguagem, objeto_conhecimento, unidade_tematica) values (223, 6, 'EF67LP05', true, true, 'Identificar e avaliar teses/opiniões/posicionamentos explícitos e argumentos em textos argumentativos (carta de leitor, comentário, artigo de opinião, resenha crítica etc), manifestando concordância ou discordância', 'Campo jornalístico/midiático', 'Leitura', 'Estratégia de leitura: identificação de teses e argumentos Apreciação e réplica',  Null);
insert into habilidade (id, id_componente, codigo, bncc, ativo, descricao, campo_atuacao, pratica_liguagem, objeto_conhecimento, unidade_tematica) values (224, 6, 'EF67LP06', true, true, 'Identificar os efeitos de sentido provocados pela seleção lexical, topicalização de elementos e seleção e hierarquização de informações, uso de 3ª pessoa etc', 'Campo jornalístico/midiático', 'Leitura', 'Efeitos de sentido',  Null);
insert into habilidade (id, id_componente, codigo, bncc, ativo, descricao, campo_atuacao, pratica_liguagem, objeto_conhecimento, unidade_tematica) values (225, 6, 'EF67LP07', true, true, 'Identificar o uso de recursos persuasivos em textos argumentativos diversos (como a elaboração do título, escolhas lexicais, construções metafóricas, a explicitação ou a ocultação de fontes de informação) e perceber seus efeitos de sentido', 'Campo jornalístico/midiático', 'Leitura', 'Efeitos de sentido',  Null);
insert into habilidade (id, id_componente, codigo, bncc, ativo, descricao, campo_atuacao, pratica_liguagem, objeto_conhecimento, unidade_tematica) values (226, 6, 'EF67LP08', true, true, 'Identificar os efeitos de sentido devidos à escolha de imagens estáticas, sequenciação ou sobreposição de imagens, definição de figura/fundo, ângulo, profundidade e foco, cores/tonalidades, relação com o escrito (relações de reiteração, complementação ou oposição) etc em notícias, reportagens, fotorreportagens, foto-denúncias, memes, gifs, anúncios publicitários e propagandas publicados em jornais, revistas, sites na internet etc', 'Campo jornalístico/midiático', 'Leitura', 'Efeitos de sentido Exploração da multissemiose',  Null);
insert into habilidade (id, id_componente, codigo, bncc, ativo, descricao, campo_atuacao, pratica_liguagem, objeto_conhecimento, unidade_tematica) values (227, 6, 'EF67LP09', true, true, 'Planejar notícia impressa e para circulação em outras mídias (rádio ou TV/vídeo), tendo em vista as condições de produção, do texto – objetivo, leitores/espectadores, veículos e mídia de circulação etc –, a partir da escolha do fato a ser noticiado (de relevância para a turma, escola ou comunidade), do levantamento de dados e informações sobre o fato – que pode envolver entrevistas com envolvidos ou com especialistas, consultas a fontes, análise de documentos, cobertura de eventos etc–, do registro dessas informações e dados, da escolha de fotos ou imagens a produzir ou a utilizar etc e a previsão de uma estrutura hipertextual (no caso de publicação em sites ou blogs noticiosos)', 'Campo jornalístico/midiático', 'Produção de textos', 'Estratégias de produção: planejamento de textos informativos',  Null);
insert into habilidade (id, id_componente, codigo, bncc, ativo, descricao, campo_atuacao, pratica_liguagem, objeto_conhecimento, unidade_tematica) values (228, 6, 'EF67LP10', true, true, 'Produzir notícia impressa tendo em vista características do gênero – título ou manchete com verbo no tempo presente, linha fina (opcional), lide, progressão dada pela ordem decrescente de importância dos fatos, uso de 3ª pessoa, de palavras que indicam precisão –, e o estabelecimento adequado de coesão e produzir notícia para TV, rádio e internet, tendo em vista, além das características do gênero, os recursos de mídias disponíveis e o manejo de recursos de captação e edição de áudio e imagem', 'Campo jornalístico/midiático', 'Produção de textos', 'Textualização, tendo em vista suas condições de produção, as características do gênero em questão, o estabelecimento de coesão, adequação à norma-padrão e o uso adequado de ferramentas de edição',  Null);
insert into habilidade (id, id_componente, codigo, bncc, ativo, descricao, campo_atuacao, pratica_liguagem, objeto_conhecimento, unidade_tematica) values (229, 6, 'EF67LP11', true, true, 'Planejar resenhas, vlogs, vídeos e podcasts variados, e textos e vídeos de apresentação e apreciação próprios das culturas juvenis (algumas possibilidades: fanzines, fanclipes, e-zines, gameplay, detonado etc), dentre outros, tendo em vista as condições de produção do texto – objetivo, leitores/espectadores, veículos e mídia de circulação etc –, a partir da escolha de uma produção ou evento cultural para analisar – livro, filme, série, game, canção, videoclipe, fanclipe, show, saraus, slams etc – da busca de informação sobre a produção ou evento escolhido, da síntese de informações sobre a obra/evento e do elenco/seleção de aspectos, elementos ou recursos que possam ser destacados positiva ou negativamente ou da roteirização do passo a passo do game para posterior gravação dos vídeos', 'Campo jornalístico/midiático', 'Produção de textos', 'Estratégias de produção: planejamento de textos argumentativos e apreciativos',  Null);
insert into habilidade (id, id_componente, codigo, bncc, ativo, descricao, campo_atuacao, pratica_liguagem, objeto_conhecimento, unidade_tematica) values (230, 6, 'EF67LP12', true, true, 'Produzir resenhas críticas, vlogs, vídeos, podcasts variados e produções e gêneros próprios das culturas juvenis (algumas possibilidades: fanzines, fanclipes, e-zines, gameplay, detonado etc), que apresentem/descrevam e/ou avaliem produções culturais (livro, filme, série, game, canção, disco, videoclipe etc) ou evento (show, sarau, slam etc), tendo em vista o contexto de produção dado, as características do gênero, os recursos das mídias envolvidas e a textualização adequada dos textos e/ou produções', 'Campo jornalístico/midiático', 'Produção de textos', 'Textualização de textos argumentativos e apreciativos',  Null);
insert into habilidade (id, id_componente, codigo, bncc, ativo, descricao, campo_atuacao, pratica_liguagem, objeto_conhecimento, unidade_tematica) values (231, 6, 'EF67LP13', true, true, 'Produzir, revisar e editar textos publicitários, levando em conta o contexto de produção dado, explorando recursos multissemióticos, relacionando elementos verbais e visuais, utilizando adequadamente estratégias discursivas de persuasão e/ou convencimento e criando título ou slogan que façam o leitor motivar-se a interagir com o texto produzido e se sinta atraído pelo serviço, ideia ou produto em questão', 'Campo jornalístico/midiático', 'Produção de textos', 'Produção e edição de textos publicitários',  Null);
insert into habilidade (id, id_componente, codigo, bncc, ativo, descricao, campo_atuacao, pratica_liguagem, objeto_conhecimento, unidade_tematica) values (232, 6, 'EF67LP14', true, true, 'Definir o contexto de produção da entrevista (objetivos, o que se pretende conseguir, porque aquele entrevistado etc), levantar informações sobre o entrevistado e sobre o acontecimento ou tema em questão, preparar o roteiro de perguntar e realizar entrevista oral com envolvidos ou especialistas relacionados com o fato noticiado ou com o tema em pauta, usando roteiro previamente elaborado e formulando outras perguntas a partir das respostas dadas e, quando for o caso, selecionar partes, transcrever e proceder a uma edição escrita do texto, adequando-o a seu contexto de publicação, à construção composicional do gênero e garantindo a relevância das informações mantidas e a continuidade temática', 'Campo jornalístico/midiático', 'Oralidade', 'Planejamento e produção de entrevistas orais',  Null);
insert into habilidade (id, id_componente, codigo, bncc, ativo, descricao, campo_atuacao, pratica_liguagem, objeto_conhecimento, unidade_tematica) values (233, 6, 'EF67LP15', true, true, 'Identificar a proibição imposta ou o direito garantido, bem como as circunstâncias de sua aplicação, em artigos relativos a normas, regimentos escolares, regimentos e estatutos da sociedade civil, regulamentações para o mercado publicitário, Código de Defesa do Consumidor, Código Nacional de Trânsito, ECA, Constituição, dentre outros', 'Campo de atuação na vida pública', 'Leitura', 'Estratégias e procedimentos de leitura em textos legais e normativos',  Null);
insert into habilidade (id, id_componente, codigo, bncc, ativo, descricao, campo_atuacao, pratica_liguagem, objeto_conhecimento, unidade_tematica) values (234, 6, 'EF67LP16', true, true, 'Explorar e analisar espaços de reclamação de direitos e de envio de solicitações (tais como ouvidorias, SAC, canais ligados a órgãos públicos, plataformas do consumidor, plataformas de reclamação), bem como de textos pertencentes a gêneros que circulam nesses espaços, reclamação ou carta de reclamação, solicitação ou carta de solicitação, como forma de ampliar as possibilidades de produção desses textos em casos que remetam a reivindicações que envolvam a escola, a comunidade ou algum de seus membros como forma de se engajar na busca de solução de problemas pessoais, dos outros e coletivos', 'Campo de atuação na vida pública', 'Leitura', 'Contexto de produção, circulação e recepção de textos e práticas relacionadas à defesa de direitos e à participação social',  Null);
insert into habilidade (id, id_componente, codigo, bncc, ativo, descricao, campo_atuacao, pratica_liguagem, objeto_conhecimento, unidade_tematica) values (235, 6, 'EF67LP17', true, true, 'Analisar, a partir do contexto de produção, a forma de organização das cartas de solicitação e de reclamação (datação, forma de início, apresentação contextualizada do pedido ou da reclamação, em geral, acompanhada de explicações, argumentos e/ou relatos do problema, fórmula de finalização mais ou menos cordata, dependendo do tipo de carta e subscrição) e algumas das marcas linguísticas relacionadas à argumentação, explicação ou relato de fatos, como forma de possibilitar a escrita fundamentada de cartas como essas ou de postagens em canais próprios de reclamações e solicitações em situações que envolvam questões relativas à escola, à comunidade ou a algum dos seus membros', 'Campo de atuação na vida pública', 'Leitura', 'Relação entre contexto de produção e características composicionais e estilísticas dos gêneros (carta de solicitação, carta de reclamação, petição on-line, carta aberta, abaixo-assinado, proposta etc.) Apreciação e réplica',  Null);
insert into habilidade (id, id_componente, codigo, bncc, ativo, descricao, campo_atuacao, pratica_liguagem, objeto_conhecimento, unidade_tematica) values (236, 6, 'EF67LP18', true, true, 'Identificar o objeto da reclamação e/ou da solicitação e sua sustentação, explicação ou justificativa, de forma a poder analisar a pertinência da solicitação ou justificação', 'Campo de atuação na vida pública', 'Leitura', 'Estratégias, procedimentos de leitura em textos reivindicatórios ou propositivos',  Null);
insert into habilidade (id, id_componente, codigo, bncc, ativo, descricao, campo_atuacao, pratica_liguagem, objeto_conhecimento, unidade_tematica) values (237, 6, 'EF67LP19', true, true, 'Realizar levantamento de questões, problemas que requeiram a denúncia de desrespeito a direitos, reivindicações, reclamações, solicitações que contemplem a comunidade escolar ou algum de seus membros e examinar normas e legislações', 'Campo de atuação na vida pública', 'Produção de textos', 'Estratégia de produção: planejamento de textos reivindicatórios ou propositivos',  Null);
insert into habilidade (id, id_componente, codigo, bncc, ativo, descricao, campo_atuacao, pratica_liguagem, objeto_conhecimento, unidade_tematica) values (238, 6, 'EF67LP20', true, true, 'Realizar pesquisa, a partir de recortes e questões definidos previamente, usando fontes indicadas e abertas', 'Campo das práticas de estudo e pesquisa', 'Leitura', 'Curadoria de informação',  Null);
insert into habilidade (id, id_componente, codigo, bncc, ativo, descricao, campo_atuacao, pratica_liguagem, objeto_conhecimento, unidade_tematica) values (239, 6, 'EF67LP21', true, true, 'Divulgar resultados de pesquisas por meio de apresentações orais, painéis, artigos de divulgação científica, verbetes de enciclopédia, podcasts científicos etc', 'Campo das práticas de estudo e pesquisa', 'Produção de textos', 'Estratégias de escrita: textualização, revisão e edição',  Null);
insert into habilidade (id, id_componente, codigo, bncc, ativo, descricao, campo_atuacao, pratica_liguagem, objeto_conhecimento, unidade_tematica) values (240, 6, 'EF67LP22', true, true, 'Produzir resumos, a partir das notas e/ou esquemas feitos, com o uso adequado de paráfrases e citações', 'Campo das práticas de estudo e pesquisa', 'Produção de textos', 'Estratégias de escrita: textualização, revisão e edição',  Null);
insert into habilidade (id, id_componente, codigo, bncc, ativo, descricao, campo_atuacao, pratica_liguagem, objeto_conhecimento, unidade_tematica) values (241, 6, 'EF67LP23', true, true, 'Respeitar os turnos de fala, na participação em conversações e em discussões ou atividades coletivas, na sala de aula e na escola e formular perguntas coerentes e adequadas em momentos oportunos em situações de aulas, apresentação oral, seminário etc', 'Campo das práticas de estudo e pesquisa', 'Oralidade', 'Conversação espontânea',  Null);
insert into habilidade (id, id_componente, codigo, bncc, ativo, descricao, campo_atuacao, pratica_liguagem, objeto_conhecimento, unidade_tematica) values (242, 6, 'EF67LP24', true, true, 'Tomar nota de aulas, apresentações orais, entrevistas (ao vivo, áudio, TV, vídeo), identificando e hierarquizando as informações principais, tendo em vista apoiar o estudo e a produção de sínteses e reflexões pessoais ou outros objetivos em questão', 'Campo das práticas de estudo e pesquisa', 'Oralidade', 'Procedimentos de apoio à compreensão Tomada de nota',  Null);
insert into habilidade (id, id_componente, codigo, bncc, ativo, descricao, campo_atuacao, pratica_liguagem, objeto_conhecimento, unidade_tematica) values (243, 6, 'EF67LP25', true, true, 'Reconhecer e utilizar os critérios de organização tópica (do geral para o específico, do específico para o geral etc), as marcas linguísticas dessa organização (marcadores de ordenação e enumeração, de explicação, definição e exemplificação, por exemplo) e os mecanismos de paráfrase, de maneira a organizar mais adequadamente a coesão e a progressão temática de seus textos', 'Campo das práticas de estudo e pesquisa', 'Análise linguística/semiótica', 'Textualização Progressão temática',  Null);
insert into habilidade (id, id_componente, codigo, bncc, ativo, descricao, campo_atuacao, pratica_liguagem, objeto_conhecimento, unidade_tematica) values (244, 6, 'EF67LP26', true, true, 'Reconhecer a estrutura de hipertexto em textos de divulgação científica e proceder à remissão a conceitos e relações por meio de notas de rodapés ou boxes', 'Campo das práticas de estudo e pesquisa', 'Análise linguística/semiótica', 'Textualização',  Null);
insert into habilidade (id, id_componente, codigo, bncc, ativo, descricao, campo_atuacao, pratica_liguagem, objeto_conhecimento, unidade_tematica) values (245, 6, 'EF67LP27', true, true, 'Analisar, entre os textos literários e entre estes e outras manifestações artísticas (como cinema, teatro, música, artes visuais e midiáticas), referências explícitas ou implícitas a outros textos, quanto aos temas, personagens e recursos literários e semióticos', 'Campo artístico-literário', 'Leitura', 'Relação entre textos',  Null);
insert into habilidade (id, id_componente, codigo, bncc, ativo, descricao, campo_atuacao, pratica_liguagem, objeto_conhecimento, unidade_tematica) values (246, 6, 'EF67LP28', true, true, 'Ler, de forma autônoma, e compreender – selecionando procedimentos e estratégias de leitura adequados a diferentes objetivos e levando em conta características dos gêneros e suportes –, romances infantojuvenis, contos populares, contos de terror, lendas brasileiras, indígenas e africanas, narrativas de aventuras, narrativas de enigma, mitos, crônicas, autobiografias, histórias em quadrinhos, mangás, poemas de forma livre e fixa (como sonetos e cordéis), vídeo-poemas, poemas visuais, dentre outros, expressando avaliação sobre o texto lido e estabelecendo preferências por gêneros, temas, autores', 'Campo artístico-literário', 'Leitura', 'Estratégias de leitura Apreciação e réplica',  Null);
insert into habilidade (id, id_componente, codigo, bncc, ativo, descricao, campo_atuacao, pratica_liguagem, objeto_conhecimento, unidade_tematica) values (247, 6, 'EF67LP29', true, true, 'Identificar, em texto dramático, personagem, ato, cena, fala e indicações cênicas e a organização do texto: enredo, conflitos, ideias principais, pontos de vista, universos de referência', 'Campo artístico-literário', 'Leitura', 'Reconstrução da textualidade Efeitos de sentidos provocados pelos usos de recursos linguísticos e multissemióticos',  Null);
insert into habilidade (id, id_componente, codigo, bncc, ativo, descricao, campo_atuacao, pratica_liguagem, objeto_conhecimento, unidade_tematica) values (248, 6, 'EF67LP30', true, true, 'Criar narrativas ficcionais, tais como contos populares, contos de suspense, mistério, terror, humor, narrativas de enigma, crônicas, histórias em quadrinhos, dentre outros, que utilizem cenários e personagens realistas ou de fantasia, observando os elementos da estrutura narrativa próprios ao gênero pretendido, tais como enredo, personagens, tempo, espaço e narrador, utilizando tempos verbais adequados à narração de fatos passados, empregando conhecimentos sobre diferentes modos de se iniciar uma história e de inserir os discursos direto e indireto', 'Campo artístico-literário', 'Produção de textos', 'Construção da textualidade Relação entre textos',  Null);
insert into habilidade (id, id_componente, codigo, bncc, ativo, descricao, campo_atuacao, pratica_liguagem, objeto_conhecimento, unidade_tematica) values (249, 6, 'EF67LP31', true, true, 'Criar poemas compostos por versos livres e de forma fixa (como quadras e sonetos), utilizando recursos visuais, semânticos e sonoros, tais como cadências, ritmos e rimas, e poemas visuais e vídeo-poemas, explorando as relações entre imagem e texto verbal, a distribuição da mancha gráfica (poema visual) e outros recursos visuais e sonoros', 'Campo artístico-literário', 'Produção de textos', 'Construção da textualidade Relação entre textos',  Null);
insert into habilidade (id, id_componente, codigo, bncc, ativo, descricao, campo_atuacao, pratica_liguagem, objeto_conhecimento, unidade_tematica) values (250, 6, 'EF67LP32', true, true, 'Escrever palavras com correção ortográfica, obedecendo as convenções da língua escrita', 'Todos os campos de atuação', 'Análise linguística/semiótica', 'Fono-ortografia',  Null);
insert into habilidade (id, id_componente, codigo, bncc, ativo, descricao, campo_atuacao, pratica_liguagem, objeto_conhecimento, unidade_tematica) values (251, 6, 'EF67LP33', true, true, 'Pontuar textos adequadamente', 'Todos os campos de atuação', 'Análise linguística/semiótica', 'Elementos notacionais da escrita',  Null);
insert into habilidade (id, id_componente, codigo, bncc, ativo, descricao, campo_atuacao, pratica_liguagem, objeto_conhecimento, unidade_tematica) values (252, 6, 'EF67LP34', true, true, 'Formar antônimos com acréscimo de prefixos que expressam noção de negação', 'Todos os campos de atuação', 'Análise linguística/semiótica', 'Léxico/morfologia',  Null);
insert into habilidade (id, id_componente, codigo, bncc, ativo, descricao, campo_atuacao, pratica_liguagem, objeto_conhecimento, unidade_tematica) values (253, 6, 'EF67LP35', true, true, 'Distinguir palavras derivadas por acréscimo de afixos e palavras compostas', 'Todos os campos de atuação', 'Análise linguística/semiótica', 'Léxico/morfologia',  Null);
insert into habilidade (id, id_componente, codigo, bncc, ativo, descricao, campo_atuacao, pratica_liguagem, objeto_conhecimento, unidade_tematica) values (254, 6, 'EF67LP36', true, true, 'Utilizar, ao produzir texto, recursos de coesão referencial (léxica e pronominal) e sequencial e outros recursos expressivos adequados ao gênero textual', 'Todos os campos de atuação', 'Análise linguística/semiótica', 'Coesão',  Null);
insert into habilidade (id, id_componente, codigo, bncc, ativo, descricao, campo_atuacao, pratica_liguagem, objeto_conhecimento, unidade_tematica) values (255, 6, 'EF67LP37', true, true, 'Analisar, em diferentes textos, os efeitos de sentido decorrentes do uso de recursos linguístico-discursivos de prescrição, causalidade, sequências descritivas e expositivas e ordenação de eventos', 'Todos os campos de atuação', 'Análise linguística/semiótica', 'Sequências textuais',  Null);
insert into habilidade (id, id_componente, codigo, bncc, ativo, descricao, campo_atuacao, pratica_liguagem, objeto_conhecimento, unidade_tematica) values (256, 6, 'EF67LP38', true, true, 'Analisar os efeitos de sentido do uso de figuras de linguagem, como comparação, metáfora, metonímia, personificação, hipérbole, dentre outras', 'Todos os campos de atuação', 'Análise linguística/semiótica', 'Figuras de linguagem',  Null);
insert into habilidade (id, id_componente, codigo, bncc, ativo, descricao, campo_atuacao, pratica_liguagem, objeto_conhecimento, unidade_tematica) values (257, 6, 'EF69LP01', true, true, 'Diferenciar liberdade de expressão de discursos de ódio, posicionando-se contrariamente a esse tipo de discurso e vislumbrando possibilidades de denúncia quando for o caso', 'Campo jornalístico/midiático', 'Leitura', 'Apreciação e réplica Relação entre gêneros e mídias',  Null);
insert into habilidade (id, id_componente, codigo, bncc, ativo, descricao, campo_atuacao, pratica_liguagem, objeto_conhecimento, unidade_tematica) values (258, 6, 'EF69LP02', true, true, 'Analisar e comparar peças publicitárias variadas (cartazes, folhetos, outdoor, anúncios e propagandas em diferentes mídias, spots, jingle, vídeos etc), de forma a perceber a articulação entre elas em campanhas, as especificidades das várias semioses e mídias, a adequação dessas peças ao público-alvo, aos objetivos do anunciante e/ou da campanha e à construção composicional e estilo dos gêneros em questão, como forma de ampliar suas possibilidades de compreensão (e produção) de textos pertencentes a esses gêneros', 'Campo jornalístico/midiático', 'Leitura', 'Apreciação e réplica Relação entre gêneros e mídias',  Null);
insert into habilidade (id, id_componente, codigo, bncc, ativo, descricao, campo_atuacao, pratica_liguagem, objeto_conhecimento, unidade_tematica) values (259, 6, 'EF69LP03', true, true, 'Identificar, em notícias, o fato central, suas principais circunstâncias e eventuais decorrências; em reportagens e fotorreportagens o fato ou a temática retratada e a perspectiva de abordagem, em entrevistas os principais temas/subtemas abordados, explicações dadas ou teses defendidas em relação a esses subtemas; em tirinhas, memes, charge, a crítica, ironia ou humor presente', 'Campo jornalístico/midiático', 'Leitura', 'Estratégia de leitura: apreender os sentidos globais do texto',  Null);
insert into habilidade (id, id_componente, codigo, bncc, ativo, descricao, campo_atuacao, pratica_liguagem, objeto_conhecimento, unidade_tematica) values (260, 6, 'EF69LP04', true, true, 'Identificar e analisar os efeitos de sentido que fortalecem a persuasão nos textos publicitários, relacionando as estratégias de persuasão e apelo ao consumo com os recursos linguístico-discursivos utilizados, como imagens, tempo verbal, jogos de palavras, figuras de linguagem etc, com vistas a fomentar práticas de consumo conscientes', 'Campo jornalístico/midiático', 'Leitura', 'Efeitos de sentido',  Null);
insert into habilidade (id, id_componente, codigo, bncc, ativo, descricao, campo_atuacao, pratica_liguagem, objeto_conhecimento, unidade_tematica) values (261, 6, 'EF69LP05', true, true, 'Inferir e justificar, em textos multissemióticos – tirinhas, charges, memes, gifs etc –, o efeito de humor, ironia e/ou crítica pelo uso ambíguo de palavras, expressões ou imagens ambíguas, de clichês, de recursos iconográficos, de pontuação etc', 'Campo jornalístico/midiático', 'Leitura', 'Efeitos de sentido',  Null);
insert into habilidade (id, id_componente, codigo, bncc, ativo, descricao, campo_atuacao, pratica_liguagem, objeto_conhecimento, unidade_tematica) values (262, 6, 'EF69LP06', true, true, 'Produzir e publicar notícias, fotodenúncias, fotorreportagens, reportagens, reportagens multimidiáticas, infográficos, podcasts noticiosos, entrevistas, cartas de leitor, comentários, artigos de opinião de interesse local ou global, textos de apresentação e apreciação de produção cultural – resenhas e outros próprios das formas de expressão das culturas juvenis, tais como vlogs e podcasts culturais, gameplay, detonado etc– e cartazes, anúncios, propagandas, spots, jingles de campanhas sociais, dentre outros em várias mídias, vivenciando de forma significativa o papel de repórter, de comentador, de analista, de crítico, de editor ou articulista, de booktuber, de vlogger (vlogueiro) etc, como forma de compreender as condições de produção que envolvem a circulação desses textos e poder participar e vislumbrar possibilidades de participação nas práticas de linguagem do campo jornalístico e do campo midiático de forma ética e responsável, levando-se em consideração o contexto da Web 20, que amplia a possibilidade de circulação desses textos e “funde” os papéis de leitor e autor, de consumidor e produtor', 'Campo jornalístico/midiático', 'Produção de textos', 'Relação do texto com o contexto de produção e experimentação de papéis sociais',  Null);
insert into habilidade (id, id_componente, codigo, bncc, ativo, descricao, campo_atuacao, pratica_liguagem, objeto_conhecimento, unidade_tematica) values (263, 6, 'EF69LP07', true, true, 'Produzir textos em diferentes gêneros, considerando sua adequação ao contexto produção e circulação – os enunciadores envolvidos, os objetivos, o gênero, o suporte, a circulação -, ao modo (escrito ou oral; imagem estática ou em movimento etc), à variedade linguística e/ou semiótica apropriada a esse contexto, à construção da textualidade relacionada às propriedades textuais e do gênero), utilizando estratégias de planejamento, elaboração, revisão, edição, reescrita/redesign e avaliação de textos, para, com a ajuda do professor e a colaboração dos colegas, corrigir e aprimorar as produções realizadas, fazendo cortes, acréscimos, reformulações, correções de concordância, ortografia, pontuação em textos e editando imagens, arquivos sonoros, fazendo cortes, acréscimos, ajustes, acrescentando/ alterando efeitos, ordenamentos etc', 'Campo jornalístico/midiático', 'Produção de textos', 'Textualização',  Null);
insert into habilidade (id, id_componente, codigo, bncc, ativo, descricao, campo_atuacao, pratica_liguagem, objeto_conhecimento, unidade_tematica) values (264, 6, 'EF69LP08', true, true, 'Revisar/editar o texto produzido – notícia, reportagem, resenha, artigo de opinião, dentre outros –, tendo em vista sua adequação ao contexto de produção, a mídia em questão, características do gênero, aspectos relativos à textualidade, a relação entre as diferentes semioses, a formatação e uso adequado das ferramentas de edição (de texto, foto, áudio e vídeo, dependendo do caso) e adequação à norma culta', 'Campo jornalístico/midiático', 'Produção de textos', 'Revisão/edição de texto informativo e opinativo',  Null);
insert into habilidade (id, id_componente, codigo, bncc, ativo, descricao, campo_atuacao, pratica_liguagem, objeto_conhecimento, unidade_tematica) values (265, 6, 'EF69LP09', true, true, 'Planejar uma campanha publicitária sobre questões/problemas, temas, causas significativas para a escola e/ou comunidade, a partir de um levantamento de material sobre o tema ou evento, da definição do público-alvo, do texto ou peça a ser produzido – cartaz, banner, folheto, panfleto, anúncio impresso e para internet, spot, propaganda de rádio, TV etc –, da ferramenta de edição de texto, áudio ou vídeo que será utilizada, do recorte e enfoque a ser dado, das estratégias de persuasão que serão utilizadas etc', 'Campo jornalístico/midiático', 'Produção de textos', 'Planejamento de textos de peças publicitárias de campanhas sociais',  Null);
insert into habilidade (id, id_componente, codigo, bncc, ativo, descricao, campo_atuacao, pratica_liguagem, objeto_conhecimento, unidade_tematica) values (266, 6, 'EF69LP10', true, true, 'Produzir notícias para rádios, TV ou vídeos, podcasts noticiosos e de opinião, entrevistas, comentários, vlogs, jornais radiofônicos e televisivos, dentre outros possíveis, relativos a fato e temas de interesse pessoal, local ou global e textos orais de apreciação e opinião – podcasts e vlogs noticiosos, culturais e de opinião, orientando-se por roteiro ou texto, considerando o contexto de produção e demonstrando domínio dos gêneros', 'Campo jornalístico/midiático', 'Oralidade *Considerar todas as habilidades dos eixos leitura e produção que se referem a textos ou produções orais, em áudio ou vídeo', 'Produção de textos jornalísticos orais',  Null);
insert into habilidade (id, id_componente, codigo, bncc, ativo, descricao, campo_atuacao, pratica_liguagem, objeto_conhecimento, unidade_tematica) values (267, 6, 'EF69LP11', true, true, 'Identificar e analisar posicionamentos defendidos e refutados na escuta de interações polêmicas em entrevistas, discussões e debates (televisivo, em sala de aula, em redes sociais etc), entre outros, e se posicionar frente a eles', 'Campo jornalístico/midiático', 'Oralidade *Considerar todas as habilidades dos eixos leitura e produção que se referem a textos ou produções orais, em áudio ou vídeo', 'Produção de textos jornalísticos orais',  Null);
insert into habilidade (id, id_componente, codigo, bncc, ativo, descricao, campo_atuacao, pratica_liguagem, objeto_conhecimento, unidade_tematica) values (268, 6, 'EF69LP12', true, true, 'Desenvolver estratégias de planejamento, elaboração, revisão, edição, reescrita/ redesign (esses três últimos quando não for situação ao vivo) e avaliação de textos orais, áudio e/ou vídeo, considerando sua adequação aos contextos em que foram produzidos, à forma composicional e estilo de gêneros, a clareza, progressão temática e variedade linguística empregada, os elementos relacionados à fala, tais como modulação de voz, entonação, ritmo, altura e intensidade, respiração etc, os elementos cinésicos, tais como postura corporal, movimentos e gestualidade significativa, expressão facial, contato de olho com plateia etc', 'Campo jornalístico/midiático', 'Oralidade *Considerar todas as habilidades dos eixos leitura e produção que se referem a textos ou produções orais, em áudio ou vídeo', 'Planejamento e produção de textos jornalísticos orais',  Null);
insert into habilidade (id, id_componente, codigo, bncc, ativo, descricao, campo_atuacao, pratica_liguagem, objeto_conhecimento, unidade_tematica) values (269, 6, 'EF69LP13', true, true, 'Engajar-se e contribuir com a busca de conclusões comuns relativas a problemas, temas ou questões polêmicas de interesse da turma e/ou de relevância social', 'Campo jornalístico/midiático', 'Oralidade', 'Participação em discussões orais de temas controversos de interesse da turma e/ou de relevância social',  Null);
insert into habilidade (id, id_componente, codigo, bncc, ativo, descricao, campo_atuacao, pratica_liguagem, objeto_conhecimento, unidade_tematica) values (270, 6, 'EF69LP14', true, true, 'Formular perguntas e decompor, com a ajuda dos colegas e dos professores, tema/questão polêmica, explicações e ou argumentos relativos ao objeto de discussão para análise mais minuciosa e buscar em fontes diversas informações ou dados que permitam analisar partes da questão e compartilhá-los com a turma', 'Campo jornalístico/midiático', 'Oralidade', 'Participação em discussões orais de temas controversos de interesse da turma e/ou de relevância social',  Null);
insert into habilidade (id, id_componente, codigo, bncc, ativo, descricao, campo_atuacao, pratica_liguagem, objeto_conhecimento, unidade_tematica) values (271, 6, 'EF69LP15', true, true, 'Apresentar argumentos e contra-argumentos coerentes, respeitando os turnos de fala, na participação em discussões sobre temas controversos e/ou polêmicos', 'Campo jornalístico/midiático', 'Oralidade', 'Participação em discussões orais de temas controversos de interesse da turma e/ou de relevância social',  Null);
insert into habilidade (id, id_componente, codigo, bncc, ativo, descricao, campo_atuacao, pratica_liguagem, objeto_conhecimento, unidade_tematica) values (272, 6, 'EF69LP16', true, true, 'Analisar e utilizar as formas de composição dos gêneros jornalísticos da ordem do relatar, tais como notícias (pirâmide invertida no impresso X blocos noticiosos hipertextuais e hipermidiáticos no digital, que também pode contar com imagens de vários tipos, vídeos, gravações de áudio etc), da ordem do argumentar, tais como artigos de opinião e editorial (contextualização, defesa de tese/opinião e uso de argumentos) e das entrevistas: apresentação e contextualização do entrevistado e do tema, estrutura pergunta e resposta etc', 'Campo jornalístico/midiático', 'Análise linguística/semiótica', 'Construção composicional',  Null);
insert into habilidade (id, id_componente, codigo, bncc, ativo, descricao, campo_atuacao, pratica_liguagem, objeto_conhecimento, unidade_tematica) values (273, 6, 'EF69LP17', true, true, 'Perceber e analisar os recursos estilísticos e semióticos dos gêneros jornalísticos e publicitários, os aspectos relativos ao tratamento da informação em notícias, como a ordenação dos eventos, as escolhas lexicais, o efeito de imparcialidade do relato, a morfologia do verbo, em textos noticiosos e argumentativos, reconhecendo marcas de pessoa, número, tempo, modo, a distribuição dos verbos nos gêneros textuais (por exemplo, as formas de pretérito em relatos; as formas de presente e futuro em gêneros argumentativos; as formas de imperativo em gêneros publicitários), o uso de recursos persuasivos em textos argumentativos diversos (como a elaboração do título, escolhas lexicais, construções metafóricas, a explicitação ou a ocultação de fontes de informação) e as estratégias de persuasão e apelo ao consumo com os recursos linguístico-discursivos utilizados (tempo verbal, jogos de palavras, metáforas, imagens)', 'Campo jornalístico/midiático', 'Análise linguística/semiótica', 'Estilo',  Null);
insert into habilidade (id, id_componente, codigo, bncc, ativo, descricao, campo_atuacao, pratica_liguagem, objeto_conhecimento, unidade_tematica) values (274, 6, 'EF69LP18', true, true, 'Utilizar, na escrita/reescrita de textos argumentativos, recursos linguísticos que marquem as relações de sentido entre parágrafos e enunciados do texto e operadores de conexão adequados aos tipos de argumento e à forma de composição de textos argumentativos, de maneira a garantir a coesão, a coerência e a progressão temática nesses textos (“primeiramente, mas, no entanto, em primeiro/segundo/terceiro lugar, finalmente, em conclusão” etc)', 'Campo jornalístico/midiático', 'Análise linguística/semiótica', 'Estilo',  Null);
insert into habilidade (id, id_componente, codigo, bncc, ativo, descricao, campo_atuacao, pratica_liguagem, objeto_conhecimento, unidade_tematica) values (275, 6, 'EF69LP19', true, true, 'Analisar, em gêneros orais que envolvam argumentação, os efeitos de sentido de elementos típicos da modalidade falada, como a pausa, a entonação, o ritmo, a gestualidade e expressão facial, as hesitações etc', 'Campo jornalístico/midiático', 'Análise linguística/semiótica', 'Efeito de sentido',  Null);
insert into habilidade (id, id_componente, codigo, bncc, ativo, descricao, campo_atuacao, pratica_liguagem, objeto_conhecimento, unidade_tematica) values (276, 6, 'EF69LP20', true, true, 'Identificar, tendo em vista o contexto de produção, a forma de organização dos textos normativos e legais, a lógica de hierarquização de seus itens e subitens e suas partes: parte inicial (título – nome e data – e ementa), blocos de artigos (parte, livro, capítulo, seção, subseção), artigos (caput e parágrafos e incisos) e parte final (disposições pertinentes à sua implementação) e analisar efeitos de sentido causados pelo uso de vocabulário técnico, pelo uso do imperativo, de palavras e expressões que indicam circunstâncias, como advérbios e locuções adverbiais, de palavras que indicam generalidade, como alguns pronomes indefinidos, de forma a poder compreender o caráter imperativo, coercitivo e generalista das leis e de outras formas de regulamentação', 'Campo de atuação na vida pública', 'Leitura', 'Reconstrução das condições de produção e circulação e adequação do texto à construção composicional e ao estilo de gênero (Lei, código, estatuto, código, regimento etc.)',  Null);
insert into habilidade (id, id_componente, codigo, bncc, ativo, descricao, campo_atuacao, pratica_liguagem, objeto_conhecimento, unidade_tematica) values (277, 6, 'EF69LP21', true, true, 'Posicionar-se em relação a conteúdos veiculados em práticas não institucionalizadas de participação social, sobretudo àquelas vinculadas a manifestações artísticas, produções culturais, intervenções urbanas e práticas próprias das culturas juvenis que pretendam denunciar, expor uma problemática ou “convocar” para uma reflexão/ação, relacionando esse texto/produção com seu contexto de produção e relacionando as partes e semioses presentes para a construção de sentidos', 'Campo de atuação na vida pública', 'Leitura', 'Apreciação e réplica',  Null);
insert into habilidade (id, id_componente, codigo, bncc, ativo, descricao, campo_atuacao, pratica_liguagem, objeto_conhecimento, unidade_tematica) values (278, 6, 'EF69LP22', true, true, 'Produzir, revisar e editar textos reivindicatórios ou propositivos sobre problemas que afetam a vida escolar ou da comunidade, justificando pontos de vista, reivindicações e detalhando propostas (justificativa, objetivos, ações previstas etc), levando em conta seu contexto de produção e as características dos gêneros em questão', 'Campo de atuação na vida pública', 'Produção de textos', 'Textualização, revisão e edição',  Null);
insert into habilidade (id, id_componente, codigo, bncc, ativo, descricao, campo_atuacao, pratica_liguagem, objeto_conhecimento, unidade_tematica) values (279, 6, 'EF69LP23', true, true, 'Contribuir com a escrita de textos normativos, quando houver esse tipo de demanda na escola – regimentos e estatutos de organizações da sociedade civil do âmbito da atuação das crianças e jovens (grêmio livre, clubes de leitura, associações culturais etc) – e de regras e regulamentos nos vários âmbitos da escola – campeonatos, festivais, regras de convivência etc, levando em conta o contexto de produção e as características dos gêneros em questão', 'Campo de atuação na vida pública', 'Produção de textos', 'Textualização, revisão e edição',  Null);
insert into habilidade (id, id_componente, codigo, bncc, ativo, descricao, campo_atuacao, pratica_liguagem, objeto_conhecimento, unidade_tematica) values (280, 6, 'EF69LP24', true, true, 'Discutir casos, reais ou simulações, submetidos a juízo, que envolvam (supostos) desrespeitos a artigos, do ECA, do Código de Defesa do Consumidor, do Código Nacional de Trânsito, de regulamentações do mercado publicitário etc, como forma de criar familiaridade com textos legais – seu vocabulário, formas de organização, marcas de estilo etc -, de maneira a facilitar a compreensão de leis, fortalecer a defesa de direitos, fomentar a escrita de textos normativos (se e quando isso for necessário) e possibilitar a compreensão do caráter interpretativo das leis e as várias perspectivas que podem estar em jogo', 'Campo de atuação na vida pública', 'Oralidade', 'Discussão oral',  Null);
insert into habilidade (id, id_componente, codigo, bncc, ativo, descricao, campo_atuacao, pratica_liguagem, objeto_conhecimento, unidade_tematica) values (281, 6, 'EF69LP25', true, true, 'Posicionar-se de forma consistente e sustentada em uma discussão, assembleia, reuniões de colegiados da escola, de agremiações e outras situações de apresentação de propostas e defesas de opiniões, respeitando as opiniões contrárias e propostas alternativas e fundamentando seus posicionamentos, no tempo de fala previsto, valendo-se de sínteses e propostas claras e justificadas', 'Campo de atuação na vida pública', 'Oralidade', 'Discussão oral',  Null);
insert into habilidade (id, id_componente, codigo, bncc, ativo, descricao, campo_atuacao, pratica_liguagem, objeto_conhecimento, unidade_tematica) values (282, 6, 'EF69LP26', true, true, 'Tomar nota em discussões, debates, palestras, apresentação de propostas, reuniões, como forma de documentar o evento e apoiar a própria fala (que pode se dar no momento do evento ou posteriormente, quando, por exemplo, for necessária a retomada dos assuntos tratados em outros contextos públicos, como diante dos representados)', 'Campo de atuação na vida pública', 'Oralidade', 'Registro',  Null);
insert into habilidade (id, id_componente, codigo, bncc, ativo, descricao, campo_atuacao, pratica_liguagem, objeto_conhecimento, unidade_tematica) values (283, 6, 'EF69LP27', true, true, 'Analisar a forma composicional de textos pertencentes a gêneros normativos/ jurídicos e a gêneros da esfera política, tais como propostas, programas políticos (posicionamento quanto a diferentes ações a serem propostas, objetivos, ações previstas etc), propaganda política (propostas e sua sustentação, posicionamento quanto a temas em discussão) e textos reivindicatórios: cartas de reclamação, petição (proposta, suas justificativas e ações a serem adotadas) e suas marcas linguísticas, de forma a incrementar a compreensão de textos pertencentes a esses gêneros e a possibilitar a produção de textos mais adequados e/ou fundamentados quando isso for requerido', 'Campo de atuação na vida pública', 'Análise linguística/semiótica', 'Análise de textos legais/normativos, propositivos e reivindicatórios',  Null);
insert into habilidade (id, id_componente, codigo, bncc, ativo, descricao, campo_atuacao, pratica_liguagem, objeto_conhecimento, unidade_tematica) values (284, 6, 'EF69LP28', true, true, 'Observar os mecanismos de modalização adequados aos textos jurídicos, as modalidades deônticas, que se referem ao eixo da conduta (obrigatoriedade/permissibilidade) como, por exemplo: Proibição: “Não se deve fumar em recintos fechados”; Obrigatoriedade: “A vida tem que valer a pena”; Possibilidade: “É permitido a entrada de menores acompanhados de adultos responsáveis”, e os mecanismos de modalização adequados aos textos políticos e propositivos, as modalidades apreciativas, em que o locutor exprime um juízo de valor (positivo ou negativo) acerca do que enuncia Por exemplo: “Que belo discurso!”, “Discordo das escolhas de Antônio” “Felizmente, o buraco ainda não causou acidentes mais graves”', 'Campo de atuação na vida pública', 'Análise linguística/semiótica', 'Modalização',  Null);
insert into habilidade (id, id_componente, codigo, bncc, ativo, descricao, campo_atuacao, pratica_liguagem, objeto_conhecimento, unidade_tematica) values (285, 6, 'EF69LP29', true, true, 'Refletir sobre a relação entre os contextos de produção dos gêneros de divulgação científica – texto didático, artigo de divulgação científica, reportagem de divulgação científica, verbete de enciclopédia (impressa e digital), esquema, infográfico (estático e animado), relatório, relato multimidiático de campo, podcasts e vídeos variados de divulgação científica etc – e os aspectos relativos à construção composicional e às marcas linguística características desses gêneros, de forma a ampliar suas possibilidades de compreensão (e produção) de textos pertencentes a esses gêneros', 'Campo das práticas de estudo e pesquisa', 'Leitura', 'Reconstrução das condições de produção e recepção dos textos e adequação do texto à construção composicional e ao estilo de gênero',  Null);
insert into habilidade (id, id_componente, codigo, bncc, ativo, descricao, campo_atuacao, pratica_liguagem, objeto_conhecimento, unidade_tematica) values (286, 6, 'EF69LP30', true, true, 'Comparar, com a ajuda do professor, conteúdos, dados e informações de diferentes fontes, levando em conta seus contextos de produção e referências, identificando coincidências, complementaridades e contradições, de forma a poder identificar erros/imprecisões conceituais, compreender e posicionar-se criticamente sobre os conteúdos e informações em questão', 'Campo das práticas de estudo e pesquisa', 'Leitura', 'Relação entre textos',  Null);
insert into habilidade (id, id_componente, codigo, bncc, ativo, descricao, campo_atuacao, pratica_liguagem, objeto_conhecimento, unidade_tematica) values (287, 6, 'EF69LP31', true, true, 'Utilizar pistas linguísticas – tais como “em primeiro/segundo/terceiro lugar”, “por outro lado”, “dito de outro modo”, isto é”, “por exemplo” – para compreender a hierarquização das proposições, sintetizando o conteúdo dos textos', 'Campo das práticas de estudo e pesquisa', 'Leitura', 'Apreciação e réplica',  Null);
insert into habilidade (id, id_componente, codigo, bncc, ativo, descricao, campo_atuacao, pratica_liguagem, objeto_conhecimento, unidade_tematica) values (288, 6, 'EF69LP32', true, true, 'Selecionar informações e dados relevantes de fontes diversas (impressas, digitais, orais etc), avaliando a qualidade e a utilidade dessas fontes, e organizar, esquematicamente, com ajuda do professor, as informações necessárias (sem excedê-las) com ou sem apoio de ferramentas digitais, em quadros, tabelas ou gráficos', 'Campo das práticas de estudo e pesquisa', 'Leitura', 'Estratégias e procedimentos de leitura Relação do verbal com outras semioses Procedimentos e gêneros de apoio à compreensão',  Null);
insert into habilidade (id, id_componente, codigo, bncc, ativo, descricao, campo_atuacao, pratica_liguagem, objeto_conhecimento, unidade_tematica) values (289, 6, 'EF69LP33', true, true, 'Articular o verbal com os esquemas, infográficos, imagens variadas etc na (re)construção dos sentidos dos textos de divulgação científica e retextualizar do discursivo para o esquemático – infográfico, esquema, tabela, gráfico, ilustração etc – e, ao contrário, transformar o conteúdo das tabelas, esquemas, infográficos, ilustrações etc em texto discursivo, como forma de ampliar as possibilidades de compreensão desses textos e analisar as características das multissemioses e dos gêneros em questão', 'Campo das práticas de estudo e pesquisa', 'Leitura', 'Estratégias e procedimentos de leitura Relação do verbal com outras semioses Procedimentos e gêneros de apoio à compreensão',  Null);
insert into habilidade (id, id_componente, codigo, bncc, ativo, descricao, campo_atuacao, pratica_liguagem, objeto_conhecimento, unidade_tematica) values (290, 6, 'EF69LP34', true, true, 'Grifar as partes essenciais do texto, tendo em vista os objetivos de leitura, produzir marginálias (ou tomar notas em outro suporte), sínteses organizadas em itens, quadro sinóptico, quadro comparativo, esquema, resumo ou resenha do texto lido (com ou sem comentário/análise), mapa conceitual, dependendo do que for mais adequado, como forma de possibilitar uma maior compreensão do texto, a sistematização de conteúdos e informações e', 'Campo das práticas de estudo e pesquisa', 'Leitura', 'Estratégias e procedimentos de leitura Relação do verbal com outras semioses Procedimentos e gêneros de apoio à compreensão',  Null);
insert into habilidade (id, id_componente, codigo, bncc, ativo, descricao, campo_atuacao, pratica_liguagem, objeto_conhecimento, unidade_tematica) values (291, 6, 'EF69LP35', true, true, 'Planejar textos de divulgação científica, a partir da elaboração de esquema que considere as pesquisas feitas anteriormente, de notas e sínteses de leituras ou de registros de experimentos ou de estudo de campo, produzir, revisar e editar textos voltados para a divulgação do conhecimento e de dados e resultados de pesquisas, tais como artigo de divulgação científica, artigo de opinião, reportagem científica, verbete de enciclopédia, verbete de enciclopédia digital colaborativa , infográfico, relatório, relato de experimento científico, relato (multimidiático) de campo, tendo em vista seus contextos de produção, que podem envolver a disponibilização de informações e conhecimentos em circulação em um formato mais acessível para um público específico ou a divulgação de conhecimentos advindos de pesquisas bibliográficas, experimentos científicos e estudos de campo realizados', 'Campo das práticas de estudo e pesquisa', 'Produção de textos', 'Consideração das condições de produção de textos de divulgação científica  Estratégias de escrita',  Null);
insert into habilidade (id, id_componente, codigo, bncc, ativo, descricao, campo_atuacao, pratica_liguagem, objeto_conhecimento, unidade_tematica) values (292, 6, 'EF69LP36', true, true, 'Produzir, revisar e editar textos voltados para a divulgação do conhecimento e de dados e resultados de pesquisas, tais como artigos de divulgação científica, verbete de enciclopédia, infográfico, infográfico animado, podcast ou vlog científico, relato de experimento, relatório, relatório multimidiático de campo, dentre outros, considerando o contexto de produção e as regularidades dos gêneros em termos de suas construções composicionais e estilos', 'Campo das práticas de estudo e pesquisa', 'Produção de textos', 'Estratégias de escrita: textualização, revisão e edição',  Null);
insert into habilidade (id, id_componente, codigo, bncc, ativo, descricao, campo_atuacao, pratica_liguagem, objeto_conhecimento, unidade_tematica) values (293, 6, 'EF69LP37', true, true, 'Produzir roteiros para elaboração de vídeos de diferentes tipos (vlog científico, vídeo-minuto, programa de rádio, podcasts) para divulgação de conhecimentos científicos e resultados de pesquisa, tendo em vista seu contexto de produção, os elementos e a construção composicional dos roteiros', 'Campo das práticas de estudo e pesquisa', 'Produção de textos', 'Estratégias de produção',  Null);
insert into habilidade (id, id_componente, codigo, bncc, ativo, descricao, campo_atuacao, pratica_liguagem, objeto_conhecimento, unidade_tematica) values (294, 6, 'EF69LP38', true, true, 'Organizar os dados e informações pesquisados em painéis ou slides de apresentação, levando em conta o contexto de produção, o tempo disponível, as características do gênero apresentação oral, a multissemiose, as mídias e tecnologias que serão utilizadas, ensaiar a apresentação, considerando também elementos paralinguísticos e cinésicos e proceder à exposição oral de resultados de estudos e pesquisas, no tempo determinado, a partir do planejamento e da definição de diferentes formas de uso da fala – memorizada, com apoio da leitura ou fala espontânea', 'Campo das práticas de estudo e pesquisa', 'Oralidade', 'Estratégias de produção: planejamento e produção de apresentações orais',  Null);
insert into habilidade (id, id_componente, codigo, bncc, ativo, descricao, campo_atuacao, pratica_liguagem, objeto_conhecimento, unidade_tematica) values (295, 6, 'EF69LP39', true, true, 'Definir o recorte temático da entrevista e o entrevistado, levantar informações sobre o entrevistado e sobre o tema da entrevista, elaborar roteiro de perguntas, realizar entrevista, a partir do roteiro, abrindo possibilidades para fazer perguntas a partir da resposta, se o contexto permitir, tomar nota, gravar ou salvar a entrevista e usar adequadamente as informações obtidas, de acordo com os objetivos estabelecidos', 'Campo das práticas de estudo e pesquisa', 'Oralidade', 'Estratégias de produção',  Null);
insert into habilidade (id, id_componente, codigo, bncc, ativo, descricao, campo_atuacao, pratica_liguagem, objeto_conhecimento, unidade_tematica) values (296, 6, 'EF69LP40', true, true, 'Analisar, em gravações de seminários, conferências rápidas, trechos de palestras, dentre outros, a construção composicional dos gêneros de apresentação – abertura/saudação, introdução ao tema, apresentação do plano de exposição, desenvolvimento dos conteúdos, por meio do encadeamento de temas e subtemas (coesão temática), síntese final e/ou conclusão, encerramento –, os elementos paralinguísticos (tais como: tom e volume da voz, pausas e hesitações – que, em geral, devem ser minimizadas –, modulação de voz e entonação, ritmo, respiração etc) e cinésicos (tais como: postura corporal, movimentos e gestualidade significativa, expressão facial, contato de olho com plateia, modulação de voz e entonação, sincronia da fala com ferramenta de apoio etc), para melhor performar apresentações orais no campo da divulgação do conhecimento', 'Campo das práticas de estudo e pesquisa', 'Análise linguística/semiótica', 'Construção composicional  Elementos paralinguísticos e cinésicos Apresentações orais',  Null);
insert into habilidade (id, id_componente, codigo, bncc, ativo, descricao, campo_atuacao, pratica_liguagem, objeto_conhecimento, unidade_tematica) values (297, 6, 'EF69LP41', true, true, 'Usar adequadamente ferramentas de apoio a apresentações orais, escolhendo e usando tipos e tamanhos de fontes que permitam boa visualização, topicalizando e/ou organizando o conteúdo em itens, inserindo de forma adequada imagens, gráficos, tabelas, formas e elementos gráficos, dimensionando a quantidade de texto (e imagem) por slide, usando progressivamente e de forma harmônica recursos mais sofisticados como efeitos de transição, slides mestres, layouts personalizados etc', 'Campo das práticas de estudo e pesquisa', 'Análise linguística/semiótica', 'Usar adequadamente ferramentas de apoio a apresentações orais',  Null);
insert into habilidade (id, id_componente, codigo, bncc, ativo, descricao, campo_atuacao, pratica_liguagem, objeto_conhecimento, unidade_tematica) values (298, 6, 'EF69LP42', true, true, 'Analisar a construção composicional dos textos pertencentes a gêneros relacionados à divulgação de conhecimentos: título, (olho), introdução, divisão do texto em subtítulos, imagens ilustrativas de conceitos, relações, ou resultados complexos (fotos, ilustrações, esquemas, gráficos, infográficos, diagramas, figuras, tabelas, mapas) etc, exposição, contendo definições, descrições, comparações, enumerações, exemplificações e remissões a conceitos e relações por meio de notas de rodapé, boxes ou links; ou título, contextualização do campo, ordenação temporal ou temática por tema ou subtema, intercalação de trechos verbais com fotos, ilustrações, áudios, vídeos etc e reconhecer traços da linguagem dos textos de divulgação científica, fazendo uso consciente das estratégias de impessoalização da linguagem (ou de pessoalização, se o tipo de publicação e objetivos assim o demandarem, como em alguns podcasts e vídeos de divulgação científica), 3ª pessoa, presente atemporal, recurso à citação, uso de vocabulário técnico/especializado etc, como forma de ampliar suas capacidades de compreensão e produção de textos nesses gêneros', 'Campo das práticas de estudo e pesquisa', 'Análise linguística/semiótica', 'Construção composicional e estilo Gêneros de divulgação científica',  Null);
insert into habilidade (id, id_componente, codigo, bncc, ativo, descricao, campo_atuacao, pratica_liguagem, objeto_conhecimento, unidade_tematica) values (299, 6, 'EF69LP43', true, true, 'Identificar e utilizar os modos de introdução de outras vozes no texto – citação literal e sua formatação e paráfrase –, as pistas linguísticas responsáveis por introduzir no texto a posição do autor e dos outros autores citados (“Segundo X; De acordo com Y; De minha/nossa parte, penso/amos que”) e os elementos de normatização (tais como as regras de inclusão e formatação de citações e paráfrases, de organização de referências bibliográficas) em textos científicos, desenvolvendo reflexão sobre o modo como a intertextualidade e a retextualização ocorrem nesses textos', 'Campo das práticas de estudo e pesquisa', 'Análise linguística/semiótica', 'Marcas linguísticas Intertextualidade',  Null);
insert into habilidade (id, id_componente, codigo, bncc, ativo, descricao, campo_atuacao, pratica_liguagem, objeto_conhecimento, unidade_tematica) values (300, 6, 'EF69LP44', true, true, 'Inferir a presença de valores sociais, culturais e humanos e de diferentes visões de mundo, em textos literários, reconhecendo nesses textos formas de estabelecer múltiplos olhares sobre as identidades, sociedades e culturas e considerando a autoria e o contexto social e histórico de sua produção', 'Campo artístico-literário', 'Leitura', 'Reconstrução das condições de produção, circulação e recepção Apreciação e réplica',  Null);
insert into habilidade (id, id_componente, codigo, bncc, ativo, descricao, campo_atuacao, pratica_liguagem, objeto_conhecimento, unidade_tematica) values (301, 6, 'EF69LP45', true, true, 'Posicionar-se criticamente em relação a textos pertencentes a gêneros como quarta-capa, programa (de teatro, dança, exposição etc), sinopse, resenha crítica, comentário em blog/vlog cultural etc, para selecionar obras literárias e outras manifestações artísticas (cinema, teatro, exposições, espetáculos, CD´s, DVD´s etc), diferenciando as sequências descritivas e avaliativas e reconhecendo-os como gêneros que apoiam a escolha do livro ou produção cultural e consultando-os no momento de fazer escolhas, quando for o caso', 'Campo artístico-literário', 'Leitura', 'Reconstrução das condições de produção, circulação e recepção Apreciação e réplica',  Null);
insert into habilidade (id, id_componente, codigo, bncc, ativo, descricao, campo_atuacao, pratica_liguagem, objeto_conhecimento, unidade_tematica) values (302, 6, 'EF69LP46', true, true, 'Participar de práticas de compartilhamento de leitura/recepção de obras literárias/ manifestações artísticas, como rodas de leitura, clubes de leitura, eventos de contação de histórias, de leituras dramáticas, de apresentações teatrais, musicais e de filmes, cineclubes, festivais de vídeo, saraus, slams, canais de booktubers, redes sociais temáticas (de leitores, de cinéfilos, de música etc), dentre outros, tecendo, quando possível, comentários de ordem estética e afetiva', 'Campo artístico-literário', 'Leitura', 'Reconstrução das condições de produção, circulação e recepção Apreciação e réplica',  Null);
insert into habilidade (id, id_componente, codigo, bncc, ativo, descricao, campo_atuacao, pratica_liguagem, objeto_conhecimento, unidade_tematica) values (303, 6, 'EF69LP47', true, true, 'Analisar, em textos narrativos ficcionais, as diferentes formas de composição próprias de cada gênero, os recursos coesivos que constroem a passagem do tempo e articulam suas partes, a escolha lexical típica de cada gênero para a caracterização dos cenários e dos personagens e os efeitos de sentido decorrentes dos tempos verbais, dos tipos de discurso, dos verbos de enunciação e das variedades linguísticas (no discurso direto, se houver) empregados, identificando o enredo e o foco narrativo e percebendo como se estrutura a narrativa nos diferentes gêneros e os efeitos de sentido decorrentes do foco narrativo típico de cada gênero, da caracterização dos espaços físico e psicológico e dos tempos cronológico e psicológico, das diferentes vozes no texto (do narrador, de personagens em discurso direto e indireto), do uso de pontuação expressiva, palavras e expressões conotativas e processos figurativos e do uso de recursos linguístico-gramaticais próprios a cada gênero narrativo', 'Campo artístico-literário', 'Leitura', 'Reconstrução da textualidade e compreensão dos efeitos de sentidos provocados pelos usos de recursos linguísticos e multissemióticos',  Null);
insert into habilidade (id, id_componente, codigo, bncc, ativo, descricao, campo_atuacao, pratica_liguagem, objeto_conhecimento, unidade_tematica) values (304, 6, 'EF69LP48', true, true, 'Interpretar, em poemas, efeitos produzidos pelo uso de recursos expressivos sonoros (estrofação, rimas, aliterações etc), semânticos (figuras de linguagem, por exemplo), gráfico- espacial (distribuição da mancha gráfica no papel), imagens e sua relação com o texto verbal', 'Campo artístico-literário', 'Leitura', 'Reconstrução da textualidade e compreensão dos efeitos de sentidos provocados pelos usos de recursos linguísticos e multissemióticos',  Null);
insert into habilidade (id, id_componente, codigo, bncc, ativo, descricao, campo_atuacao, pratica_liguagem, objeto_conhecimento, unidade_tematica) values (305, 6, 'EF69LP49', true, true, 'Mostrar-se interessado e envolvido pela leitura de livros de literatura e por outras produções culturais do campo e receptivo a textos que rompam com seu universo de expectativas, que representem um desafio em relação às suas possibilidades atuais e suas experiências anteriores de leitura, apoiando-se nas marcas linguísticas, em seu conhecimento sobre os gêneros e a temática e nas orientações dadas pelo professor', 'Campo artístico-literário', 'Leitura', 'Adesão às práticas de leitura',  Null);
insert into habilidade (id, id_componente, codigo, bncc, ativo, descricao, campo_atuacao, pratica_liguagem, objeto_conhecimento, unidade_tematica) values (306, 6, 'EF69LP50', true, true, 'Elaborar texto teatral, a partir da adaptação de romances, contos, mitos, narrativas de enigma e de aventura, novelas, biografias romanceadas, crônicas, dentre outros, indicando as rubricas para caracterização do cenário, do espaço, do tempo; explicitando a caracterização física e psicológica dos personagens e dos seus modos de ação; reconfigurando a inserção do discurso direto e dos tipos de narrador; explicitando as marcas de variação linguística (dialetos, registros e jargões) e retextualizando o tratamento da temática', 'Campo artístico-literário', 'Produção de textos', 'Relação entre textos',  Null);
insert into habilidade (id, id_componente, codigo, bncc, ativo, descricao, campo_atuacao, pratica_liguagem, objeto_conhecimento, unidade_tematica) values (307, 6, 'EF69LP51', true, true, 'Engajar-se ativamente nos processos de planejamento, textualização, revisão/ edição e reescrita, tendo em vista as restrições temáticas, composicionais e estilísticas dos textos pretendidos e as configurações da situação de produção – o leitor pretendido, o suporte, o contexto de circulação do texto, as finalidades etc – e considerando a imaginação, a estesia e a verossimilhança próprias ao texto literário', 'Campo artístico-literário', 'Produção de textos', 'Consideração das condições de produção Estratégias de produção: planejamento, textualização e revisão/edição',  Null);
insert into habilidade (id, id_componente, codigo, bncc, ativo, descricao, campo_atuacao, pratica_liguagem, objeto_conhecimento, unidade_tematica) values (308, 6, 'EF69LP52', true, true, 'Representar cenas ou textos dramáticos, considerando, na caracterização dos personagens, os aspectos linguísticos e paralinguísticos das falas (timbre e tom de voz, pausas e hesitações, entonação e expressividade, variedades e registros linguísticos), os gestos e os deslocamentos no espaço cênico, o figurino e a maquiagem e elaborando as rubricas indicadas pelo autor por meio do cenário, da trilha sonora e da exploração dos modos de interpretação', 'Campo artístico-literário', 'Oralidade', 'Produção de textos orais',  Null);
insert into habilidade (id, id_componente, codigo, bncc, ativo, descricao, campo_atuacao, pratica_liguagem, objeto_conhecimento, unidade_tematica) values (309, 6, 'EF69LP53', true, true, 'Ler em voz alta textos literários diversos – como contos de amor, de humor, de suspense, de terror; crônicas líricas, humorísticas, críticas; bem como leituras orais capituladas (compartilhadas ou não com o professor) de livros de maior extensão, como romances, narrativas de enigma, narrativas de aventura, literatura infantojuvenil, – contar/recontar histórias tanto da tradição oral (causos, contos de esperteza, contos de animais, contos de amor, contos de encantamento, piadas, dentre outros) quanto da tradição literária escrita, expressando a compreensão e interpretação do texto por meio de uma leitura ou fala expressiva e fluente, que respeite o ritmo, as pausas, as hesitações, a entonação indicados tanto pela pontuação quanto por outros recursos gráfico-editoriais, como negritos, itálicos, caixa-alta, ilustrações etc, gravando essa leitura ou esse conto/reconto, seja para análise posterior, seja para produção de audiobooks de textos literários diversos ou de podcasts de leituras dramáticas com ou sem efeitos especiais e ler e/ou declamar poemas diversos, tanto de forma livre quanto de forma fixa (como quadras, sonetos, liras, haicais etc), empregando os recursos linguísticos, paralinguísticos e cinésicos necessários aos efeitos de sentido pretendidos, como o ritmo e a entonação, o emprego de pausas e prolongamentos, o tom e o timbre vocais, bem como eventuais recursos de gestualidade e pantomima que convenham ao gênero poético e à situação de compartilhamento em questão', 'Campo artístico-literário', 'Oralidade', 'Produção de textos orais Oralização',  Null);
insert into habilidade (id, id_componente, codigo, bncc, ativo, descricao, campo_atuacao, pratica_liguagem, objeto_conhecimento, unidade_tematica) values (310, 6, 'EF69LP54', true, true, 'Analisar os efeitos de sentido decorrentes da interação entre os elementos linguísticos e os recursos paralinguísticos e cinésicos, como as variações no ritmo, as modulações no tom de voz, as pausas, as manipulações do estrato sonoro da linguagem, obtidos por meio da estrofação, das rimas e de figuras de linguagem como as aliterações, as assonâncias, as onomatopeias, dentre outras, a postura corporal e a gestualidade, na declamação de poemas, apresentações musicais e teatrais, tanto em gêneros em prosa quanto nos gêneros poéticos, os efeitos de sentido decorrentes do emprego de figuras de linguagem, tais como comparação, metáfora, personificação, metonímia, hipérbole, eufemismo, ironia, paradoxo e antítese e os efeitos de sentido decorrentes do emprego de palavras e expressões denotativas e conotativas (adjetivos, locuções adjetivas, orações subordinadas adjetivas etc), que funcionam como modificadores, percebendo sua função na caracterização dos espaços, tempos, personagens e ações próprios de cada gênero narrativo', 'Campo artístico-literário', 'Análise linguística/semiótica', 'Recursos linguísticos e semióticos que operam nos textos pertencentes aos gêneros literários',  Null);
insert into habilidade (id, id_componente, codigo, bncc, ativo, descricao, campo_atuacao, pratica_liguagem, objeto_conhecimento, unidade_tematica) values (311, 6, 'EF69LP55', true, true, 'Reconhecer as variedades da língua falada, o conceito de norma-padrão e o de preconceito linguístico', 'Todos os campos de atuação', 'Análise linguística/semiótica', 'Variação linguística',  Null);
insert into habilidade (id, id_componente, codigo, bncc, ativo, descricao, campo_atuacao, pratica_liguagem, objeto_conhecimento, unidade_tematica) values (312, 6, 'EF69LP56', true, true, 'Fazer uso consciente e reflexivo de regras e normas da norma-padrão em situações de fala e escrita nas quais ela deve ser usada', 'Todos os campos de atuação', 'Análise linguística/semiótica', 'Variação linguística',  Null);
insert into habilidade (id, id_componente, codigo, bncc, ativo, descricao, campo_atuacao, pratica_liguagem, objeto_conhecimento, unidade_tematica) values (313, 6, 'EF07LP01', true, true, 'Distinguir diferentes propostas editoriais – sensacionalismo, jornalismo investigativo etc –, de forma a identificar os recursos utilizados para impactar/chocar o leitor que podem comprometer uma análise crítica da notícia e do fato noticiado', 'Campo jornalístico/midiático', 'Leitura', 'Reconstrução do contexto de produção, circulação e recepção de textos Caracterização do campo jornalístico e relação entre os gêneros em circulação, mídias e práticas da cultura digital',  Null);
insert into habilidade (id, id_componente, codigo, bncc, ativo, descricao, campo_atuacao, pratica_liguagem, objeto_conhecimento, unidade_tematica) values (314, 6, 'EF07LP02', true, true, 'Comparar notícias e reportagens sobre um mesmo fato divulgadas em diferentes mídias, analisando as especificidades das mídias, os processos de (re)elaboração dos textos e a convergência das mídias em notícias ou reportagens multissemióticas', 'Campo jornalístico/midiático', 'Leitura', 'Reconstrução do contexto de produção, circulação e recepção de textos Caracterização do campo jornalístico e relação entre os gêneros em circulação, mídias e práticas da cultura digital',  Null);
insert into habilidade (id, id_componente, codigo, bncc, ativo, descricao, campo_atuacao, pratica_liguagem, objeto_conhecimento, unidade_tematica) values (315, 6, 'EF07LP03', true, true, 'Formar, com base em palavras primitivas, palavras derivadas com os prefixos e sufixos mais produtivos no português', 'Todos os campos de atuação', 'Análise linguística/semiótica', 'Léxico/morfologia',  Null);
insert into habilidade (id, id_componente, codigo, bncc, ativo, descricao, campo_atuacao, pratica_liguagem, objeto_conhecimento, unidade_tematica) values (316, 6, 'EF07LP04', true, true, 'Reconhecer, em textos, o verbo como o núcleo das orações', 'Todos os campos de atuação', 'Análise linguística/semiótica', 'Morfossintaxe',  Null);
insert into habilidade (id, id_componente, codigo, bncc, ativo, descricao, campo_atuacao, pratica_liguagem, objeto_conhecimento, unidade_tematica) values (317, 6, 'EF07LP05', true, true, 'Identificar, em orações de textos lidos ou de produção própria, verbos de predicação completa e incompleta: intransitivos e transitivos', 'Todos os campos de atuação', 'Análise linguística/semiótica', 'Morfossintaxe',  Null);
insert into habilidade (id, id_componente, codigo, bncc, ativo, descricao, campo_atuacao, pratica_liguagem, objeto_conhecimento, unidade_tematica) values (318, 6, 'EF07LP06', true, true, 'Empregar as regras básicas de concordância nominal e verbal em situações comunicativas e na produção de textos', 'Todos os campos de atuação', 'Análise linguística/semiótica', 'Morfossintaxe',  Null);
insert into habilidade (id, id_componente, codigo, bncc, ativo, descricao, campo_atuacao, pratica_liguagem, objeto_conhecimento, unidade_tematica) values (319, 6, 'EF07LP07', true, true, 'Identificar, em textos lidos ou de produção própria, a estrutura básica da oração: sujeito, predicado, complemento (objetos direto e indireto)', 'Todos os campos de atuação', 'Análise linguística/semiótica', 'Morfossintaxe',  Null);
insert into habilidade (id, id_componente, codigo, bncc, ativo, descricao, campo_atuacao, pratica_liguagem, objeto_conhecimento, unidade_tematica) values (320, 6, 'EF07LP08', true, true, 'Identificar, em textos lidos ou de produção própria, adjetivos que ampliam o sentido do substantivo sujeito ou complemento verbal', 'Todos os campos de atuação', 'Análise linguística/semiótica', 'Morfossintaxe',  Null);
insert into habilidade (id, id_componente, codigo, bncc, ativo, descricao, campo_atuacao, pratica_liguagem, objeto_conhecimento, unidade_tematica) values (321, 6, 'EF07LP09', true, true, 'Identificar, em textos lidos ou de produção própria, advérbios e locuções adverbiais que ampliam o sentido do verbo núcleo da oração', 'Todos os campos de atuação', 'Análise linguística/semiótica', 'Morfossintaxe',  Null);
insert into habilidade (id, id_componente, codigo, bncc, ativo, descricao, campo_atuacao, pratica_liguagem, objeto_conhecimento, unidade_tematica) values (322, 6, 'EF07LP10', true, true, 'Utilizar, ao produzir texto, conhecimentos linguísticos e gramaticais: modos e tempos verbais, concordância nominal e verbal, pontuação etc', 'Todos os campos de atuação', 'Análise linguística/semiótica', 'Morfossintaxe',  Null);
insert into habilidade (id, id_componente, codigo, bncc, ativo, descricao, campo_atuacao, pratica_liguagem, objeto_conhecimento, unidade_tematica) values (323, 6, 'EF07LP11', true, true, 'Identificar, em textos lidos ou de produção própria, períodos compostos nos quais duas orações são conectadas por vírgula, ou por conjunções que expressem soma de sentido (conjunção “e”) ou oposição de sentidos (conjunções “mas”, “porém”)', 'Todos os campos de atuação', 'Análise linguística/semiótica', 'Morfossintaxe',  Null);
insert into habilidade (id, id_componente, codigo, bncc, ativo, descricao, campo_atuacao, pratica_liguagem, objeto_conhecimento, unidade_tematica) values (324, 6, 'EF07LP12', true, true, 'Reconhecer recursos de coesão referencial: substituições lexicais (de substantivos por sinônimos) ou pronominais (uso de pronomes anafóricos – pessoais, possessivos, demonstrativos)', 'Todos os campos de atuação', 'Análise linguística/semiótica', 'Semântica Coesão',  Null);
insert into habilidade (id, id_componente, codigo, bncc, ativo, descricao, campo_atuacao, pratica_liguagem, objeto_conhecimento, unidade_tematica) values (325, 6, 'EF07LP13', true, true, 'Estabelecer relações entre partes do texto, identificando substituições lexicais (de substantivos por sinônimos) ou pronominais (uso de pronomes anafóricos – pessoais, possessivos, demonstrativos), que contribuem para a continuidade do texto', 'Todos os campos de atuação', 'Análise linguística/semiótica', 'Coesão',  Null);
insert into habilidade (id, id_componente, codigo, bncc, ativo, descricao, campo_atuacao, pratica_liguagem, objeto_conhecimento, unidade_tematica) values (326, 6, 'EF07LP14', true, true, 'Identificar, em textos, os efeitos de sentido do uso de estratégias de modalização e argumentatividade', 'Todos os campos de atuação', 'Análise linguística/semiótica', 'Modalização',  Null);
insert into habilidade (id, id_componente, codigo, bncc, ativo, descricao, campo_atuacao, pratica_liguagem, objeto_conhecimento, unidade_tematica) values (327, 6, 'EF08LP01', true, true, 'Identificar e comparar as várias editorias de jornais impressos e digitais e de sites noticiosos, de forma a refletir sobre os tipos de fato que são noticiados e comentados, as escolhas sobre o que noticiar e o que não noticiar e o destaque/enfoque dado e a fidedignidade da informação', 'Campo jornalístico/midiático', 'Leitura', 'Reconstrução do contexto de produção, circulação e recepção de textos Caracterização do campo jornalístico e relação entre os gêneros em circulação, mídias e práticas da cultura digital',  Null);
insert into habilidade (id, id_componente, codigo, bncc, ativo, descricao, campo_atuacao, pratica_liguagem, objeto_conhecimento, unidade_tematica) values (328, 6, 'EF08LP02', true, true, 'Justificar diferenças ou semelhanças no tratamento dado a uma mesma informação veiculada em textos diferentes, consultando sites e serviços de checadores de fatos', 'Campo jornalístico/midiático', 'Leitura', 'Relação entre textos',  Null);
insert into habilidade (id, id_componente, codigo, bncc, ativo, descricao, campo_atuacao, pratica_liguagem, objeto_conhecimento, unidade_tematica) values (329, 6, 'EF08LP03', true, true, 'Produzir artigos de opinião, tendo em vista o contexto de produção dado, a defesa de um ponto de vista, utilizando argumentos e contra-argumentos e articuladores de coesão que marquem relações de oposição, contraste, exemplificação, ênfase', 'Campo jornalístico/midiático', 'Produção de textos', 'Textualização de textos argumentativos e apreciativos',  Null);
insert into habilidade (id, id_componente, codigo, bncc, ativo, descricao, campo_atuacao, pratica_liguagem, objeto_conhecimento, unidade_tematica) values (330, 6, 'EF08LP04', true, true, 'Utilizar, ao produzir texto, conhecimentos linguísticos e gramaticais: ortografia, regências e concordâncias nominal e verbal, modos e tempos verbais, pontuação etc', 'Todos os campos de atuação', 'Análise linguística/semiótica', 'Fono-ortografia',  Null);
insert into habilidade (id, id_componente, codigo, bncc, ativo, descricao, campo_atuacao, pratica_liguagem, objeto_conhecimento, unidade_tematica) values (331, 6, 'EF08LP05', true, true, 'Analisar processos de formação de palavras por composição (aglutinação e justaposição), apropriando-se de regras básicas de uso do hífen em palavras compostas', 'Todos os campos de atuação', 'Análise linguística/ semiótica', 'Léxico/morfologia',  Null);
insert into habilidade (id, id_componente, codigo, bncc, ativo, descricao, campo_atuacao, pratica_liguagem, objeto_conhecimento, unidade_tematica) values (332, 6, 'EF08LP06', true, true, 'Identificar, em textos lidos ou de produção própria, os termos constitutivos da oração (sujeito e seus modificadores, verbo e seus complementos e modificadores)', 'Todos os campos de atuação', 'Análise linguística/semiótica', 'Morfossintaxe',  Null);
insert into habilidade (id, id_componente, codigo, bncc, ativo, descricao, campo_atuacao, pratica_liguagem, objeto_conhecimento, unidade_tematica) values (333, 6, 'EF08LP07', true, true, 'Diferenciar, em textos lidos ou de produção própria, complementos diretos e indiretos de verbos transitivos, apropriando-se da regência de verbos de uso frequente', 'Todos os campos de atuação', 'Análise linguística/semiótica', 'Morfossintaxe',  Null);
insert into habilidade (id, id_componente, codigo, bncc, ativo, descricao, campo_atuacao, pratica_liguagem, objeto_conhecimento, unidade_tematica) values (334, 6, 'EF08LP08', true, true, 'Identificar, em textos lidos ou de produção própria, verbos na voz ativa e na voz passiva, interpretando os efeitos de sentido de sujeito ativo e passivo (agente da passiva)', 'Todos os campos de atuação', 'Análise linguística/semiótica', 'Morfossintaxe',  Null);
insert into habilidade (id, id_componente, codigo, bncc, ativo, descricao, campo_atuacao, pratica_liguagem, objeto_conhecimento, unidade_tematica) values (335, 6, 'EF08LP09', true, true, 'Interpretar efeitos de sentido de modificadores (adjuntos adnominais – artigos definido ou indefinido, adjetivos, expressões adjetivas) em substantivos com função de sujeito ou de complemento verbal, usando-os para enriquecer seus próprios textos', 'Todos os campos de atuação', 'Análise linguística/semiótica', 'Morfossintaxe',  Null);
insert into habilidade (id, id_componente, codigo, bncc, ativo, descricao, campo_atuacao, pratica_liguagem, objeto_conhecimento, unidade_tematica) values (336, 6, 'EF08LP10', true, true, 'Interpretar, em textos lidos ou de produção própria, efeitos de sentido de modificadores do verbo (adjuntos adverbiais – advérbios e expressões adverbiais), usando-os para enriquecer seus próprios textos', 'Todos os campos de atuação', 'Análise linguística/semiótica', 'Morfossintaxe',  Null);
insert into habilidade (id, id_componente, codigo, bncc, ativo, descricao, campo_atuacao, pratica_liguagem, objeto_conhecimento, unidade_tematica) values (337, 6, 'EF08LP11', true, true, 'Identificar, em textos lidos ou de produção própria, agrupamento de orações em períodos, diferenciando coordenação de subordinação', 'Todos os campos de atuação', 'Análise linguística/semiótica', 'Morfossintaxe',  Null);
insert into habilidade (id, id_componente, codigo, bncc, ativo, descricao, campo_atuacao, pratica_liguagem, objeto_conhecimento, unidade_tematica) values (338, 6, 'EF08LP12', true, true, 'Identificar, em textos lidos, orações subordinadas com conjunções de uso frequente, incorporando-as às suas próprias produções', 'Todos os campos de atuação', 'Análise linguística/semiótica', 'Morfossintaxe',  Null);
insert into habilidade (id, id_componente, codigo, bncc, ativo, descricao, campo_atuacao, pratica_liguagem, objeto_conhecimento, unidade_tematica) values (339, 6, 'EF08LP13', true, true, 'Inferir efeitos de sentido decorrentes do uso de recursos de coesão sequencial: conjunções e articuladores textuais', 'Todos os campos de atuação', 'Análise linguística/semiótica', 'Morfossintaxe',  Null);
insert into habilidade (id, id_componente, codigo, bncc, ativo, descricao, campo_atuacao, pratica_liguagem, objeto_conhecimento, unidade_tematica) values (340, 6, 'EF08LP14', true, true, 'Utilizar, ao produzir texto, recursos de coesão sequencial (articuladores) e referencial (léxica e pronominal), construções passivas e impessoais, discurso direto e indireto e outros recursos expressivos adequados ao gênero textual', 'Todos os campos de atuação', 'Análise linguística/semiótica', 'Semântica',  Null);
insert into habilidade (id, id_componente, codigo, bncc, ativo, descricao, campo_atuacao, pratica_liguagem, objeto_conhecimento, unidade_tematica) values (341, 6, 'EF08LP15', true, true, 'Estabelecer relações entre partes do texto, identificando o antecedente de um pronome relativo ou o referente comum de uma cadeia de substituições lexicais', 'Todos os campos de atuação', 'Análise linguística/semiótica', 'Coesão',  Null);
insert into habilidade (id, id_componente, codigo, bncc, ativo, descricao, campo_atuacao, pratica_liguagem, objeto_conhecimento, unidade_tematica) values (342, 6, 'EF08LP16', true, true, 'Explicar os efeitos de sentido do uso, em textos, de estratégias de modalização e argumentatividade (sinais de pontuação, adjetivos, substantivos, expressões de grau, verbos e perífrases verbais, advérbios etc)', 'Todos os campos de atuação', 'Análise linguística/semiótica', 'Modalização',  Null);
insert into habilidade (id, id_componente, codigo, bncc, ativo, descricao, campo_atuacao, pratica_liguagem, objeto_conhecimento, unidade_tematica) values (343, 6, 'EF89LP01', true, true, 'Analisar os interesses que movem o campo jornalístico, os efeitos das novas tecnologias no campo e as condições que fazem da informação uma mercadoria, de forma a poder desenvolver uma atitude crítica frente aos textos jornalísticos', 'Campo jornalístico/midiático', 'Leitura', 'Reconstrução do contexto de produção, circulação e recepção de textos Caracterização do campo jornalístico e relação entre os gêneros em circulação, mídias e práticas da cultura digital',  Null);
insert into habilidade (id, id_componente, codigo, bncc, ativo, descricao, campo_atuacao, pratica_liguagem, objeto_conhecimento, unidade_tematica) values (344, 6, 'EF89LP02', true, true, 'Analisar diferentes práticas (curtir, compartilhar, comentar, curar etc) e textos pertencentes a diferentes gêneros da cultura digital (meme, gif, comentário, charge digital etc) envolvidos no trato com a informação e opinião, de forma a possibilitar uma presença mais crítica e ética nas redes', 'Campo jornalístico/midiático', 'Leitura', 'Reconstrução do contexto de produção, circulação e recepção de textos Caracterização do campo jornalístico e relação entre os gêneros em circulação, mídias e práticas da cultura digital',  Null);
insert into habilidade (id, id_componente, codigo, bncc, ativo, descricao, campo_atuacao, pratica_liguagem, objeto_conhecimento, unidade_tematica) values (345, 6, 'EF89LP03', true, true, 'Analisar textos de opinião (artigos de opinião, editoriais, cartas de leitores, comentários, posts de blog e de redes sociais, charges, memes, gifs etc) e posicionar-se de forma crítica e fundamentada, ética e respeitosa frente a fatos e opiniões relacionados a esses textos', 'Campo jornalístico/midiático', 'Leitura', 'Estratégia de leitura: apreender os sentidos globais do texto Apreciação e réplica',  Null);
insert into habilidade (id, id_componente, codigo, bncc, ativo, descricao, campo_atuacao, pratica_liguagem, objeto_conhecimento, unidade_tematica) values (346, 6, 'EF89LP04', true, true, 'Identificar e avaliar teses/opiniões/posicionamentos explícitos e implícitos, argumentos e contra-argumentos em textos argumentativos do campo (carta de leitor, comentário, artigo de opinião, resenha crítica etc), posicionando-se frente à questão controversa de forma sustentada', 'Campo jornalístico/midiático', 'Leitura', 'Estratégia de leitura: apreender os sentidos globais do texto Apreciação e réplica',  Null);
insert into habilidade (id, id_componente, codigo, bncc, ativo, descricao, campo_atuacao, pratica_liguagem, objeto_conhecimento, unidade_tematica) values (347, 6, 'EF89LP05', true, true, 'Analisar o efeito de sentido produzido pelo uso, em textos, de recurso a formas de apropriação textual (paráfrases, citações, discurso direto, indireto ou indireto livre)', 'Campo jornalístico/midiático', 'Leitura', 'Efeitos de sentido',  Null);
insert into habilidade (id, id_componente, codigo, bncc, ativo, descricao, campo_atuacao, pratica_liguagem, objeto_conhecimento, unidade_tematica) values (348, 6, 'EF89LP06', true, true, 'Analisar o uso de recursos persuasivos em textos argumentativos diversos (como a elaboração do título, escolhas lexicais, construções metafóricas, a explicitação ou a ocultação de fontes de informação) e seus efeitos de sentido', 'Campo jornalístico/midiático', 'Leitura', 'Efeitos de sentido',  Null);
insert into habilidade (id, id_componente, codigo, bncc, ativo, descricao, campo_atuacao, pratica_liguagem, objeto_conhecimento, unidade_tematica) values (349, 6, 'EF89LP07', true, true, 'Analisar, em notícias, reportagens e peças publicitárias em várias mídias, os efeitos de sentido devidos ao tratamento e à composição dos elementos nas imagens em movimento, à performance, à montagem feita (ritmo, duração e sincronização entre as linguagens – complementaridades, interferências etc) e ao ritmo, melodia, instrumentos e sampleamentos das músicas e efeitos sonoros', 'Campo jornalístico/midiático', 'Leitura', 'Efeitos de sentido Exploração da multissemiose',  Null);
insert into habilidade (id, id_componente, codigo, bncc, ativo, descricao, campo_atuacao, pratica_liguagem, objeto_conhecimento, unidade_tematica) values (350, 6, 'EF89LP08', true, true, 'Planejar reportagem impressa e em outras mídias (rádio ou TV/vídeo, sites), tendo em vista as condições de produção do texto – objetivo, leitores/espectadores, veículos e mídia de circulação etc – a partir da escolha do fato a ser aprofundado ou do tema a ser focado (de relevância para a turma, escola ou comunidade), do levantamento de dados e informações sobre o fato ou tema – que pode envolver entrevistas com envolvidos ou com especialistas, consultas a fontes diversas, análise de documentos, cobertura de eventos etc -, do registro dessas informações e dados, da escolha de fotos ou imagens a produzir ou a utilizar etc, da produção de infográficos, quando for o caso, e da organização hipertextual (no caso a publicação em sites ou blogs noticiosos ou mesmo de jornais impressos, por meio de boxes variados)', 'Campo jornalístico/midiático', 'Produção de textos', 'Estratégia de produção: planejamento de textos informativos',  Null);
insert into habilidade (id, id_componente, codigo, bncc, ativo, descricao, campo_atuacao, pratica_liguagem, objeto_conhecimento, unidade_tematica) values (351, 6, 'EF89LP09', true, true, 'Produzir reportagem impressa, com título, linha fina (optativa), organização composicional (expositiva, interpretativa e/ou opinativa), progressão temática e uso de recursos linguísticos compatíveis com as escolhas feitas e reportagens multimidiáticas, tendo em vista as condições de produção, as características do gênero, os recursos e mídias disponíveis, sua organização hipertextual e o manejo adequado de recursos de captação e edição de áudio e imagem e adequação à norma-padrão', 'Campo jornalístico/midiático', 'Produção de textos', 'Estratégia de produção: textualização de textos informativos',  Null);
insert into habilidade (id, id_componente, codigo, bncc, ativo, descricao, campo_atuacao, pratica_liguagem, objeto_conhecimento, unidade_tematica) values (352, 6, 'EF89LP10', true, true, 'Planejar artigos de opinião, tendo em vista as condições de produção do texto – objetivo, leitores/espectadores, veículos e mídia de circulação etc –, a partir da escolha do tema ou questão a ser discutido(a), da relevância para a turma, escola ou comunidade, do levantamento de dados e informações sobre a questão, de argumentos relacionados a diferentes posicionamentos em jogo, da definição – o que pode envolver consultas a fontes diversas, entrevistas com especialistas, análise de textos, organização esquemática das informações e argumentos – dos (tipos de) argumentos e estratégias que pretende utilizar para convencer os leitores', 'Campo jornalístico/midiático', 'Produção de textos', 'Estratégia de produção: planejamento de textos argumentativos e apreciativos',  Null);
insert into habilidade (id, id_componente, codigo, bncc, ativo, descricao, campo_atuacao, pratica_liguagem, objeto_conhecimento, unidade_tematica) values (353, 6, 'EF89LP11', true, true, 'Produzir, revisar e editar peças e campanhas publicitárias, envolvendo o uso articulado e complementar de diferentes peças publicitárias: cartaz, banner, indoor, folheto, panfleto, anúncio de jornal/revista, para internet, spot, propaganda de rádio, TV, a partir da escolha da questão/problema/causa significativa para a escola e/ou a comunidade escolar, da definição do público-alvo, das peças que serão produzidas, das estratégias de persuasão e convencimento que serão utilizadas', 'Campo jornalístico/midiático', 'Produção de textos', 'Estratégias de produção: planejamento, textualização, revisão e edição de textos publicitários',  Null);
insert into habilidade (id, id_componente, codigo, bncc, ativo, descricao, campo_atuacao, pratica_liguagem, objeto_conhecimento, unidade_tematica) values (354, 6, 'EF89LP12', true, true, 'Planejar coletivamente a realização de um debate sobre tema previamente definido, de interesse coletivo, com regras acordadas e planejar, em grupo, participação em debate a partir do levantamento de informações e argumentos que possam sustentar o posicionamento a ser defendido (o que pode envolver entrevistas com especialistas, consultas a fontes diversas, o registro das informações e dados obtidos etc), tendo em vista as condições de produção do debate – perfil dos ouvintes e demais participantes, objetivos do debate, motivações para sua realização, argumentos e estratégias de convencimento mais eficazes etc e participar de debates regrados, na condição de membro de uma equipe de debatedor, apresentador/mediador, espectador (com ou sem direito a perguntas), e/ou de juiz/avaliador, como forma de compreender o funcionamento do debate, e poder participar de forma convincente, ética, respeitosa e crítica e desenvolver uma atitude de respeito e diálogo para com as ideias divergentes', 'Campo jornalístico/midiático', 'Oralidade', 'Estratégias de produção: planejamento e participação em debates regrados',  Null);
insert into habilidade (id, id_componente, codigo, bncc, ativo, descricao, campo_atuacao, pratica_liguagem, objeto_conhecimento, unidade_tematica) values (355, 6, 'EF89LP13', true, true, 'Planejar entrevistas orais com pessoas ligadas ao fato noticiado, especialistas etc, como forma de obter dados e informações sobre os fatos cobertos sobre o tema ou questão discutida ou temáticas em estudo, levando em conta o gênero e seu contexto de produção, partindo do levantamento de informações sobre o entrevistado e sobre a temática e da elaboração de um roteiro de perguntas, garantindo a relevância das informações mantidas e a continuidade temática, realizar entrevista e fazer edição em áudio ou vídeo, incluindo uma contextualização inicial e uma fala de encerramento para publicação da entrevista isoladamente ou como parte integrante de reportagem multimidiática, adequando-a a seu contexto de publicação e garantindo a relevância das informações mantidas e a continuidade temática', 'Campo jornalístico/midiático', 'Oralidade', 'Estratégias de produção: planejamento, realização e edição de entrevistas orais',  Null);
insert into habilidade (id, id_componente, codigo, bncc, ativo, descricao, campo_atuacao, pratica_liguagem, objeto_conhecimento, unidade_tematica) values (356, 6, 'EF89LP14', true, true, 'Analisar, em textos argumentativos e propositivos, os movimentos argumentativos de sustentação, refutação e negociação e os tipos de argumentos, avaliando a força/tipo dos argumentos utilizados', 'Campo jornalístico/midiático', 'Análise linguística/semiótica', 'Argumentação: movimentos argumentativos, tipos de argumento e força argumentativa',  Null);
insert into habilidade (id, id_componente, codigo, bncc, ativo, descricao, campo_atuacao, pratica_liguagem, objeto_conhecimento, unidade_tematica) values (357, 6, 'EF89LP15', true, true, 'Utilizar, nos debates, operadores argumentativos que marcam a defesa de ideia e de diálogo com a tese do outro: concordo, discordo, concordo parcialmente, do meu ponto de vista, na perspectiva aqui assumida etc', 'Campo jornalístico/midiático', 'Análise linguística/semiótica', 'Estilo',  Null);
insert into habilidade (id, id_componente, codigo, bncc, ativo, descricao, campo_atuacao, pratica_liguagem, objeto_conhecimento, unidade_tematica) values (358, 6, 'EF89LP16', true, true, 'Analisar a modalização realizada em textos noticiosos e argumentativos, por meio das modalidades apreciativas, viabilizadas por classes e estruturas gramaticais como adjetivos, locuções adjetivas, advérbios, locuções adverbiais, orações adjetivas e adverbiais, orações relativas restritivas e explicativas etc, de maneira a perceber a apreciação ideológica sobre os fatos noticiados ou as posições implícitas ou assumidas', 'Campo jornalístico/midiático', 'Análise linguística/semiótica', 'Modalização',  Null);
insert into habilidade (id, id_componente, codigo, bncc, ativo, descricao, campo_atuacao, pratica_liguagem, objeto_conhecimento, unidade_tematica) values (359, 6, 'EF89LP17', true, true, 'Relacionar textos e documentos legais e normativos de importância universal, nacional ou local que envolvam direitos, em especial, de crianças, adolescentes e jovens – tais como a Declaração dos Direitos Humanos, a Constituição Brasileira, o ECA -, e a regulamentação da organização escolar – por exemplo, regimento escolar -, a seus contextos de produção, reconhecendo e analisando possíveis motivações, finalidades e sua vinculação com experiências humanas e fatos históricos e sociais, como forma de ampliar a compreensão dos direitos e deveres, de fomentar os princípios democráticos e uma atuação pautada pela ética da responsabilidade (o outro tem direito a uma vida digna tanto quanto eu tenho)', 'Campo de atuação na vida pública', 'Leitura', 'Reconstrução do contexto de produção, circulação e recepção de textos legais e normativos',  Null);
insert into habilidade (id, id_componente, codigo, bncc, ativo, descricao, campo_atuacao, pratica_liguagem, objeto_conhecimento, unidade_tematica) values (360, 6, 'EF89LP18', true, true, 'Explorar e analisar instâncias e canais de participação disponíveis na escola (conselho de escola, outros colegiados, grêmio livre), na comunidade (associações, coletivos, movimentos, etc), no munícipio ou no país, incluindo formas de participação digital, como canais e plataformas de participação (como portal e-cidadania), serviços, portais e ferramentas de acompanhamentos do trabalho de políticos e de tramitação de leis, canais de educação política, bem como de propostas e proposições que circulam nesses canais, de forma a participar do debate de ideias e propostas na esfera social e a engajar-se com a busca de soluções para problemas ou questões que envolvam a vida da escola e da comunidade', 'Campo de atuação na vida pública', 'Leitura', 'Contexto de produção, circulação e recepção de textos e práticas relacionadas à defesa de direitos e à participação social',  Null);
insert into habilidade (id, id_componente, codigo, bncc, ativo, descricao, campo_atuacao, pratica_liguagem, objeto_conhecimento, unidade_tematica) values (361, 6, 'EF89LP19', true, true, 'Analisar, a partir do contexto de produção, a forma de organização das cartas abertas, abaixo-assinados e petições on-line (identificação dos signatários, explicitação da reivindicação feita, acompanhada ou não de uma breve apresentação da problemática e/ou de justificativas que visam sustentar a reivindicação) e a proposição, discussão e aprovação de propostas políticas ou de soluções para problemas de interesse público, apresentadas ou lidas nos canais digitais de participação, identificando suas marcas linguísticas, como forma de possibilitar a escrita ou subscrição consciente de abaixo-assinados e textos dessa natureza e poder se posicionar de forma crítica e fundamentada frente às propostas', 'Campo de atuação na vida pública', 'Leitura', 'Relação entre contexto de produção e características composicionais e estilísticas dos gêneros Apreciação e réplica',  Null);
insert into habilidade (id, id_componente, codigo, bncc, ativo, descricao, campo_atuacao, pratica_liguagem, objeto_conhecimento, unidade_tematica) values (362, 6, 'EF89LP20', true, true, 'Comparar propostas políticas e de solução de problemas, identificando o que se pretende fazer/implementar, por que (motivações, justificativas), para que (objetivos, benefícios e consequências esperados), como (ações e passos), quando etc e a forma de avaliar a eficácia da proposta/solução, contrastando dados e informações de diferentes fontes, identificando coincidências, complementaridades e contradições, de forma a poder compreender e posicionar-se criticamente sobre os dados e informações usados em fundamentação de propostas e analisar a coerência entre os elementos, de forma a tomar decisões fundamentadas', 'Campo de atuação na vida pública', 'Leitura', 'Estratégias e procedimentos de leitura em textos reivindicatórios ou propositivos',  Null);
insert into habilidade (id, id_componente, codigo, bncc, ativo, descricao, campo_atuacao, pratica_liguagem, objeto_conhecimento, unidade_tematica) values (363, 6, 'EF89LP21', true, true, 'Realizar enquetes e pesquisas de opinião, de forma a levantar prioridades, problemas a resolver ou propostas que possam contribuir para melhoria da escola ou da comunidade, caracterizar demanda/necessidade, documentando-a de diferentes maneiras por meio de diferentes procedimentos, gêneros e mídias e, quando for o caso, selecionar informações e dados relevantes de fontes pertinentes diversas (sites, impressos, vídeos etc), avaliando a qualidade e a utilidade dessas fontes, que possam servir de contextualização e fundamentação de propostas, de forma a justificar a proposição de propostas, projetos culturais e ações de intervenção', 'Campo de atuação na vida pública', 'Produção de textos', 'Estratégia de produção: planejamento de textos reivindicatórios ou propositivos',  Null);
insert into habilidade (id, id_componente, codigo, bncc, ativo, descricao, campo_atuacao, pratica_liguagem, objeto_conhecimento, unidade_tematica) values (364, 6, 'EF89LP22', true, true, 'Compreender e comparar as diferentes posições e interesses em jogo em uma discussão ou apresentação de propostas, avaliando a validade e força dos argumentos e as consequências do que está sendo proposto e, quando for o caso, formular e negociar propostas de diferentes naturezas relativas a interesses coletivos envolvendo a escola ou comunidade escolar', 'Campo de atuação na vida pública', 'Oralidade', 'Escuta Apreender o sentido geral dos textos Apreciação e réplica Produção/Proposta',  Null);
insert into habilidade (id, id_componente, codigo, bncc, ativo, descricao, campo_atuacao, pratica_liguagem, objeto_conhecimento, unidade_tematica) values (365, 6, 'EF89LP23', true, true, 'Analisar, em textos argumentativos, reivindicatórios e propositivos, os movimentos argumentativos utilizados (sustentação, refutação e negociação), avaliando a força dos argumentos utilizados', 'Campo de atuação na vida pública', 'Análise linguística/semiótica', 'Movimentos argumentativos e força dos argumentos',  Null);
insert into habilidade (id, id_componente, codigo, bncc, ativo, descricao, campo_atuacao, pratica_liguagem, objeto_conhecimento, unidade_tematica) values (366, 6, 'EF89LP24', true, true, 'Realizar pesquisa, estabelecendo o recorte das questões, usando fontes abertas e confiáveis', 'Campo de atuação na vida pública', 'Leitura', 'Curadoria de informação',  Null);
insert into habilidade (id, id_componente, codigo, bncc, ativo, descricao, campo_atuacao, pratica_liguagem, objeto_conhecimento, unidade_tematica) values (367, 6, 'EF89LP25', true, true, 'Divulgar o resultado de pesquisas por meio de apresentações orais, verbetes de enciclopédias colaborativas, reportagens de divulgação científica, vlogs científicos, vídeos de diferentes tipos etc', 'Campo de atuação na vida pública', 'Produção de textos', 'Estratégias de escrita: textualização, revisão e edição',  Null);
insert into habilidade (id, id_componente, codigo, bncc, ativo, descricao, campo_atuacao, pratica_liguagem, objeto_conhecimento, unidade_tematica) values (368, 6, 'EF89LP26', true, true, 'Produzir resenhas, a partir das notas e/ou esquemas feitos, com o manejo adequado das vozes envolvidas (do resenhador, do autor da obra e, se for o caso, também dos autores citados na obra resenhada), por meio do uso de paráfrases, marcas do discurso reportado e citações', 'Campo de atuação na vida pública', 'Produção de textos', 'Estratégias de escrita: textualização, revisão e edição',  Null);
insert into habilidade (id, id_componente, codigo, bncc, ativo, descricao, campo_atuacao, pratica_liguagem, objeto_conhecimento, unidade_tematica) values (369, 6, 'EF89LP27', true, true, 'Tecer considerações e formular problematizações pertinentes, em momentos oportunos, em situações de aulas, apresentação oral, seminário etc', 'Campo de atuação na vida pública', 'Oralidade', 'Conversação espontânea',  Null);
insert into habilidade (id, id_componente, codigo, bncc, ativo, descricao, campo_atuacao, pratica_liguagem, objeto_conhecimento, unidade_tematica) values (370, 6, 'EF89LP28', true, true, 'Tomar nota de videoaulas, aulas digitais, apresentações multimídias, vídeos de divulgação científica, documentários e afins, identificando, em função dos objetivos, informações principais para apoio ao estudo e realizando, quando necessário, uma síntese final que destaque e reorganize os pontos ou conceitos centrais e suas relações e que, em alguns casos, seja acompanhada de reflexões pessoais, que podem conter dúvidas, questionamentos, considerações etc', 'Campo de atuação na vida pública', 'Oralidade', 'Procedimentos de apoio à compreensão Tomada de nota',  Null);
insert into habilidade (id, id_componente, codigo, bncc, ativo, descricao, campo_atuacao, pratica_liguagem, objeto_conhecimento, unidade_tematica) values (371, 6, 'EF89LP29', true, true, 'Utilizar e perceber mecanismos de progressão temática, tais como retomadas anafóricas (“que, cujo, onde”, pronomes do caso reto e oblíquos, pronomes demonstrativos, nomes correferentes etc), catáforas (remetendo para adiante ao invés de retomar o já dito), uso de organizadores textuais, de coesivos etc, e analisar os mecanismos de reformulação e paráfrase utilizados nos textos de divulgação do conhecimento', 'Campo de atuação na vida pública', 'Análise linguística/semiótica', 'Textualização Progressão temática',  Null);
insert into habilidade (id, id_componente, codigo, bncc, ativo, descricao, campo_atuacao, pratica_liguagem, objeto_conhecimento, unidade_tematica) values (372, 6, 'EF89LP30', true, true, 'Analisar a estrutura de hipertexto e hiperlinks em textos de divulgação científica que circulam na Web e proceder à remissão a conceitos e relações por meio de links', 'Campo de atuação na vida pública', 'Análise linguística/semiótica', 'Textualização',  Null);
insert into habilidade (id, id_componente, codigo, bncc, ativo, descricao, campo_atuacao, pratica_liguagem, objeto_conhecimento, unidade_tematica) values (373, 6, 'EF89LP31', true, true, 'Analisar e utilizar modalização epistêmica, isto é, modos de indicar uma avaliação sobre o valor de verdade e as condições de verdade de uma proposição, tais como os asseverativos – quando se concorda com (“realmente, evidentemente, naturalmente, efetivamente, claro, certo, lógico, sem dúvida” etc) ou discorda de (“de jeito nenhum, de forma alguma”) uma ideia; e os quase-asseverativos, que indicam que se considera o conteúdo como quase certo (“talvez, assim, possivelmente, provavelmente, eventualmente”)', 'Campo de atuação na vida pública', 'Análise linguística/semiótica', 'Modalização',  Null);
insert into habilidade (id, id_componente, codigo, bncc, ativo, descricao, campo_atuacao, pratica_liguagem, objeto_conhecimento, unidade_tematica) values (374, 6, 'EF89LP32', true, true, 'Analisar os efeitos de sentido decorrentes do uso de mecanismos de intertextualidade (referências, alusões, retomadas) entre os textos literários, entre esses textos literários e outras manifestações artísticas (cinema, teatro, artes visuais e midiáticas, música), quanto aos temas, personagens, estilos, autores etc, e entre o texto original e paródias, paráfrases, pastiches, trailer honesto, vídeos-minuto, vidding, dentre outros', 'Campo artístico-literário', 'Leitura', 'Relação entre textos',  Null);
insert into habilidade (id, id_componente, codigo, bncc, ativo, descricao, campo_atuacao, pratica_liguagem, objeto_conhecimento, unidade_tematica) values (375, 6, 'EF89LP33', true, true, 'Ler, de forma autônoma, e compreender – selecionando procedimentos e estratégias de leitura adequados a diferentes objetivos e levando em conta características dos gêneros e suportes – romances, contos contemporâneos, minicontos, fábulas contemporâneas, romances juvenis, biografias romanceadas, novelas, crônicas visuais, narrativas de ficção científica, narrativas de suspense, poemas de forma livre e fixa (como haicai), poema concreto, ciberpoema, dentre outros, expressando avaliação sobre o texto lido e estabelecendo preferências por gêneros, temas, autores', 'Campo artístico-literário', 'Leitura', 'Estratégias de leitura Apreciação e réplica',  Null);
insert into habilidade (id, id_componente, codigo, bncc, ativo, descricao, campo_atuacao, pratica_liguagem, objeto_conhecimento, unidade_tematica) values (376, 6, 'EF89LP34', true, true, 'Analisar a organização de texto dramático apresentado em teatro, televisão, cinema, identificando e percebendo os sentidos decorrentes dos recursos linguísticos e semióticos que sustentam sua realização como peça teatral, novela, filme etc', 'Campo artístico-literário', 'Leitura', 'Reconstrução da textualidade e compreensão dos efeitos de sentidos provocados pelos usos de recursos linguísticos e multissemióticos',  Null);
insert into habilidade (id, id_componente, codigo, bncc, ativo, descricao, campo_atuacao, pratica_liguagem, objeto_conhecimento, unidade_tematica) values (377, 6, 'EF89LP35', true, true, 'Criar contos ou crônicas (em especial, líricas), crônicas visuais, minicontos, narrativas de aventura e de ficção científica, dentre outros, com temáticas próprias ao gênero, usando os conhecimentos sobre os constituintes estruturais e recursos expressivos típicos dos gêneros narrativos pretendidos, e, no caso de produção em grupo, ferramentas de escrita colaborativa', 'Campo artístico-literário', 'Produção de textos', 'Construção da textualidade',  Null);
insert into habilidade (id, id_componente, codigo, bncc, ativo, descricao, campo_atuacao, pratica_liguagem, objeto_conhecimento, unidade_tematica) values (378, 6, 'EF89LP36', true, true, 'Parodiar poemas conhecidos da literatura e criar textos em versos (como poemas concretos, ciberpoemas, haicais, liras, microrroteiros, lambe-lambes e outros tipos de poemas), explorando o uso de recursos sonoros e semânticos (como figuras de linguagem e jogos de palavras) e visuais (como relações entre imagem e texto verbal e distribuição da mancha gráfica), de forma a propiciar diferentes efeitos de sentido', 'Campo artístico-literário', 'Produção de textos', 'Relação entre textos',  Null);
insert into habilidade (id, id_componente, codigo, bncc, ativo, descricao, campo_atuacao, pratica_liguagem, objeto_conhecimento, unidade_tematica) values (379, 6, 'EF89LP37', true, true, 'Analisar os efeitos de sentido do uso de figuras de linguagem como ironia, eufemismo, antítese, aliteração, assonância, dentre outras', 'Todos os campos de atuação', 'Análise linguística/semiótica', 'Figuras de linguagem',  Null);
insert into habilidade (id, id_componente, codigo, bncc, ativo, descricao, campo_atuacao, pratica_liguagem, objeto_conhecimento, unidade_tematica) values (380, 6, 'EF09LP01', true, true, 'Analisar o fenômeno da disseminação de notícias falsas nas redes sociais e desenvolver estratégias para reconhecê-las, a partir da verificação/avaliação do veículo, fonte, data e local da publicação, autoria, URL, da análise da formatação, da comparação de diferentes fontes, da consulta a sites de curadoria que atestam a fidedignidade do relato dos fatos e denunciam boatos etc', 'Campo jornalístico/midiático', 'Leitura', 'Reconstrução do contexto de produção, circulação e recepção de textos Caracterização do campo jornalístico e relação entre os gêneros em circulação, mídias e práticas da cultura digital',  Null);
insert into habilidade (id, id_componente, codigo, bncc, ativo, descricao, campo_atuacao, pratica_liguagem, objeto_conhecimento, unidade_tematica) values (381, 6, 'EF09LP02', true, true, 'Analisar e comentar a cobertura da imprensa sobre fatos de relevância social, comparando diferentes enfoques por meio do uso de ferramentas de curadoria', 'Campo jornalístico/midiático', 'Leitura', 'Relação entre textos',  Null);
insert into habilidade (id, id_componente, codigo, bncc, ativo, descricao, campo_atuacao, pratica_liguagem, objeto_conhecimento, unidade_tematica) values (382, 6, 'EF09LP03', true, true, 'Produzir artigos de opinião, tendo em vista o contexto de produção dado, assumindo posição diante de tema polêmico, argumentando de acordo com a estrutura própria desse tipo de texto e utilizando diferentes tipos de argumentos – de autoridade, comprovação, exemplificação princípio etc', 'Campo jornalístico/midiático', 'Produção de textos', 'Textualização de textos argumentativos e apreciativos',  Null);
insert into habilidade (id, id_componente, codigo, bncc, ativo, descricao, campo_atuacao, pratica_liguagem, objeto_conhecimento, unidade_tematica) values (383, 6, 'EF09LP04', true, true, 'Escrever textos corretamente, de acordo com a norma-padrão, com estruturas sintáticas complexas no nível da oração e do período', 'Todos os campos de atuação', 'Análise linguística/semiótica', 'Fono-ortografia',  Null);
insert into habilidade (id, id_componente, codigo, bncc, ativo, descricao, campo_atuacao, pratica_liguagem, objeto_conhecimento, unidade_tematica) values (384, 6, 'EF09LP05', true, true, 'Identificar, em textos lidos e em produções próprias, orações com a estrutura sujeito-verbo de ligação-predicativo', 'Todos os campos de atuação', 'Análise linguística/semiótica', 'Morfossintaxe',  Null);
insert into habilidade (id, id_componente, codigo, bncc, ativo, descricao, campo_atuacao, pratica_liguagem, objeto_conhecimento, unidade_tematica) values (385, 6, 'EF09LP06', true, true, 'Diferenciar, em textos lidos e em produções próprias, o efeito de sentido do uso dos verbos de ligação “ser”, “estar”, “ficar”, “parecer” e “permanecer”', 'Todos os campos de atuação', 'Análise linguística/semiótica', 'Morfossintaxe',  Null);
insert into habilidade (id, id_componente, codigo, bncc, ativo, descricao, campo_atuacao, pratica_liguagem, objeto_conhecimento, unidade_tematica) values (386, 6, 'EF09LP07', true, true, 'Comparar o uso de regência verbal e regência nominal na norma-padrão com seu uso no português brasileiro coloquial oral', 'Todos os campos de atuação', 'Análise linguística/semiótica', 'Morfossintaxe',  Null);
insert into habilidade (id, id_componente, codigo, bncc, ativo, descricao, campo_atuacao, pratica_liguagem, objeto_conhecimento, unidade_tematica) values (387, 6, 'EF09LP08', true, true, 'Identificar, em textos lidos e em produções próprias, a relação que conjunções (e locuções conjuntivas) coordenativas e subordinativas estabelecem entre as orações que conectam', 'Todos os campos de atuação', 'Análise linguística/semiótica', 'Morfossintaxe',  Null);
insert into habilidade (id, id_componente, codigo, bncc, ativo, descricao, campo_atuacao, pratica_liguagem, objeto_conhecimento, unidade_tematica) values (388, 6, 'EF09LP09', true, true, 'Identificar efeitos de sentido do uso de orações adjetivas restritivas e explicativas em um período composto', 'Todos os campos de atuação', 'Análise linguística/semiótica', 'Elementos notacionais da escrita/morfossintaxe',  Null);
insert into habilidade (id, id_componente, codigo, bncc, ativo, descricao, campo_atuacao, pratica_liguagem, objeto_conhecimento, unidade_tematica) values (389, 6, 'EF09LP10', true, true, 'Comparar as regras de colocação pronominal na norma-padrão com o seu uso no português brasileiro coloquial', 'Todos os campos de atuação', 'Análise linguística/semiótica', 'Coesão',  Null);
insert into habilidade (id, id_componente, codigo, bncc, ativo, descricao, campo_atuacao, pratica_liguagem, objeto_conhecimento, unidade_tematica) values (390, 6, 'EF09LP11', true, true, 'Inferir efeitos de sentido decorrentes do uso de recursos de coesão sequencial (conjunções e articuladores textuais)', 'Todos os campos de atuação', 'Análise linguística/semiótica', 'Coesão',  Null);
insert into habilidade (id, id_componente, codigo, bncc, ativo, descricao, campo_atuacao, pratica_liguagem, objeto_conhecimento, unidade_tematica) values (391, 6, 'EF09LP12', true, true, 'Identificar estrangeirismos, caracterizando-os segundo a conservação, ou não, de sua forma gráfica de origem, avaliando a pertinência, ou não, de seu uso', 'Todos os campos de atuação', 'Análise linguística/semiótica', 'Variação linguística',  Null);

insert into habilidade_faixa_ano (id_habilidade, id_faixa_ano) values (1, 4);
insert into habilidade_faixa_ano (id_habilidade, id_faixa_ano) values (2, 4);
insert into habilidade_faixa_ano (id_habilidade, id_faixa_ano) values (3, 4);
insert into habilidade_faixa_ano (id_habilidade, id_faixa_ano) values (4, 4);
insert into habilidade_faixa_ano (id_habilidade, id_faixa_ano) values (5, 4);
insert into habilidade_faixa_ano (id_habilidade, id_faixa_ano) values (6, 4);
insert into habilidade_faixa_ano (id_habilidade, id_faixa_ano) values (7, 4);
insert into habilidade_faixa_ano (id_habilidade, id_faixa_ano) values (8, 4);
insert into habilidade_faixa_ano (id_habilidade, id_faixa_ano) values (9, 4);
insert into habilidade_faixa_ano (id_habilidade, id_faixa_ano) values (10, 4);
insert into habilidade_faixa_ano (id_habilidade, id_faixa_ano) values (11, 4);
insert into habilidade_faixa_ano (id_habilidade, id_faixa_ano) values (12, 4);
insert into habilidade_faixa_ano (id_habilidade, id_faixa_ano) values (13, 4);
insert into habilidade_faixa_ano (id_habilidade, id_faixa_ano) values (14, 4);
insert into habilidade_faixa_ano (id_habilidade, id_faixa_ano) values (15, 4);
insert into habilidade_faixa_ano (id_habilidade, id_faixa_ano) values (16, 4);
insert into habilidade_faixa_ano (id_habilidade, id_faixa_ano) values (17, 4);
insert into habilidade_faixa_ano (id_habilidade, id_faixa_ano) values (18, 4);
insert into habilidade_faixa_ano (id_habilidade, id_faixa_ano) values (19, 4);
insert into habilidade_faixa_ano (id_habilidade, id_faixa_ano) values (20, 4);
insert into habilidade_faixa_ano (id_habilidade, id_faixa_ano) values (21, 4);
insert into habilidade_faixa_ano (id_habilidade, id_faixa_ano) values (22, 4);
insert into habilidade_faixa_ano (id_habilidade, id_faixa_ano) values (23, 4);
insert into habilidade_faixa_ano (id_habilidade, id_faixa_ano) values (24, 4);
insert into habilidade_faixa_ano (id_habilidade, id_faixa_ano) values (25, 4);
insert into habilidade_faixa_ano (id_habilidade, id_faixa_ano) values (26, 4);
insert into habilidade_faixa_ano (id_habilidade, id_faixa_ano) values (27, 4);
insert into habilidade_faixa_ano (id_habilidade, id_faixa_ano) values (28, 4);
insert into habilidade_faixa_ano (id_habilidade, id_faixa_ano) values (29, 4);
insert into habilidade_faixa_ano (id_habilidade, id_faixa_ano) values (30, 4);
insert into habilidade_faixa_ano (id_habilidade, id_faixa_ano) values (31, 4);
insert into habilidade_faixa_ano (id_habilidade, id_faixa_ano) values (32, 4);
insert into habilidade_faixa_ano (id_habilidade, id_faixa_ano) values (33, 4);
insert into habilidade_faixa_ano (id_habilidade, id_faixa_ano) values (34, 4);
insert into habilidade_faixa_ano (id_habilidade, id_faixa_ano) values (35, 4);
insert into habilidade_faixa_ano (id_habilidade, id_faixa_ano) values (36, 4);
insert into habilidade_faixa_ano (id_habilidade, id_faixa_ano) values (37, 4);
insert into habilidade_faixa_ano (id_habilidade, id_faixa_ano) values (38, 4);
insert into habilidade_faixa_ano (id_habilidade, id_faixa_ano) values (39, 4);
insert into habilidade_faixa_ano (id_habilidade, id_faixa_ano) values (40, 4);
insert into habilidade_faixa_ano (id_habilidade, id_faixa_ano) values (41, 4);
insert into habilidade_faixa_ano (id_habilidade, id_faixa_ano) values (42, 4);
insert into habilidade_faixa_ano (id_habilidade, id_faixa_ano) values (43, 4);
insert into habilidade_faixa_ano (id_habilidade, id_faixa_ano) values (44, 4);
insert into habilidade_faixa_ano (id_habilidade, id_faixa_ano) values (45, 4);
insert into habilidade_faixa_ano (id_habilidade, id_faixa_ano) values (46, 4);
insert into habilidade_faixa_ano (id_habilidade, id_faixa_ano) values (47, 4);
insert into habilidade_faixa_ano (id_habilidade, id_faixa_ano) values (48, 4);
insert into habilidade_faixa_ano (id_habilidade, id_faixa_ano) values (49, 4);
insert into habilidade_faixa_ano (id_habilidade, id_faixa_ano) values (50, 4);
insert into habilidade_faixa_ano (id_habilidade, id_faixa_ano) values (51, 4);
insert into habilidade_faixa_ano (id_habilidade, id_faixa_ano) values (52, 4);
insert into habilidade_faixa_ano (id_habilidade, id_faixa_ano) values (53, 4);
insert into habilidade_faixa_ano (id_habilidade, id_faixa_ano) values (54, 4);
insert into habilidade_faixa_ano (id_habilidade, id_faixa_ano) values (55, 4);
insert into habilidade_faixa_ano (id_habilidade, id_faixa_ano) values (56, 4);
insert into habilidade_faixa_ano (id_habilidade, id_faixa_ano) values (57, 4);
insert into habilidade_faixa_ano (id_habilidade, id_faixa_ano) values (58, 4);
insert into habilidade_faixa_ano (id_habilidade, id_faixa_ano) values (59, 4);
insert into habilidade_faixa_ano (id_habilidade, id_faixa_ano) values (60, 4);
insert into habilidade_faixa_ano (id_habilidade, id_faixa_ano) values (61, 4);
insert into habilidade_faixa_ano (id_habilidade, id_faixa_ano) values (62, 4);
insert into habilidade_faixa_ano (id_habilidade, id_faixa_ano) values (63, 4);
insert into habilidade_faixa_ano (id_habilidade, id_faixa_ano) values (64, 4);
insert into habilidade_faixa_ano (id_habilidade, id_faixa_ano) values (27, 5);
insert into habilidade_faixa_ano (id_habilidade, id_faixa_ano) values (28, 5);
insert into habilidade_faixa_ano (id_habilidade, id_faixa_ano) values (29, 5);
insert into habilidade_faixa_ano (id_habilidade, id_faixa_ano) values (30, 5);
insert into habilidade_faixa_ano (id_habilidade, id_faixa_ano) values (31, 5);
insert into habilidade_faixa_ano (id_habilidade, id_faixa_ano) values (32, 5);
insert into habilidade_faixa_ano (id_habilidade, id_faixa_ano) values (33, 5);
insert into habilidade_faixa_ano (id_habilidade, id_faixa_ano) values (34, 5);
insert into habilidade_faixa_ano (id_habilidade, id_faixa_ano) values (35, 5);
insert into habilidade_faixa_ano (id_habilidade, id_faixa_ano) values (36, 5);
insert into habilidade_faixa_ano (id_habilidade, id_faixa_ano) values (37, 5);
insert into habilidade_faixa_ano (id_habilidade, id_faixa_ano) values (38, 5);
insert into habilidade_faixa_ano (id_habilidade, id_faixa_ano) values (39, 5);
insert into habilidade_faixa_ano (id_habilidade, id_faixa_ano) values (40, 5);
insert into habilidade_faixa_ano (id_habilidade, id_faixa_ano) values (41, 5);
insert into habilidade_faixa_ano (id_habilidade, id_faixa_ano) values (42, 5);
insert into habilidade_faixa_ano (id_habilidade, id_faixa_ano) values (43, 5);
insert into habilidade_faixa_ano (id_habilidade, id_faixa_ano) values (44, 5);
insert into habilidade_faixa_ano (id_habilidade, id_faixa_ano) values (45, 5);
insert into habilidade_faixa_ano (id_habilidade, id_faixa_ano) values (46, 5);
insert into habilidade_faixa_ano (id_habilidade, id_faixa_ano) values (47, 5);
insert into habilidade_faixa_ano (id_habilidade, id_faixa_ano) values (48, 5);
insert into habilidade_faixa_ano (id_habilidade, id_faixa_ano) values (49, 5);
insert into habilidade_faixa_ano (id_habilidade, id_faixa_ano) values (50, 5);
insert into habilidade_faixa_ano (id_habilidade, id_faixa_ano) values (51, 5);
insert into habilidade_faixa_ano (id_habilidade, id_faixa_ano) values (52, 5);
insert into habilidade_faixa_ano (id_habilidade, id_faixa_ano) values (53, 5);
insert into habilidade_faixa_ano (id_habilidade, id_faixa_ano) values (54, 5);
insert into habilidade_faixa_ano (id_habilidade, id_faixa_ano) values (55, 5);
insert into habilidade_faixa_ano (id_habilidade, id_faixa_ano) values (56, 5);
insert into habilidade_faixa_ano (id_habilidade, id_faixa_ano) values (57, 5);
insert into habilidade_faixa_ano (id_habilidade, id_faixa_ano) values (58, 5);
insert into habilidade_faixa_ano (id_habilidade, id_faixa_ano) values (59, 5);
insert into habilidade_faixa_ano (id_habilidade, id_faixa_ano) values (60, 5);
insert into habilidade_faixa_ano (id_habilidade, id_faixa_ano) values (61, 5);
insert into habilidade_faixa_ano (id_habilidade, id_faixa_ano) values (62, 5);
insert into habilidade_faixa_ano (id_habilidade, id_faixa_ano) values (63, 5);
insert into habilidade_faixa_ano (id_habilidade, id_faixa_ano) values (64, 5);
insert into habilidade_faixa_ano (id_habilidade, id_faixa_ano) values (65, 5);
insert into habilidade_faixa_ano (id_habilidade, id_faixa_ano) values (66, 5);
insert into habilidade_faixa_ano (id_habilidade, id_faixa_ano) values (67, 5);
insert into habilidade_faixa_ano (id_habilidade, id_faixa_ano) values (68, 5);
insert into habilidade_faixa_ano (id_habilidade, id_faixa_ano) values (69, 5);
insert into habilidade_faixa_ano (id_habilidade, id_faixa_ano) values (70, 5);
insert into habilidade_faixa_ano (id_habilidade, id_faixa_ano) values (71, 5);
insert into habilidade_faixa_ano (id_habilidade, id_faixa_ano) values (72, 5);
insert into habilidade_faixa_ano (id_habilidade, id_faixa_ano) values (73, 5);
insert into habilidade_faixa_ano (id_habilidade, id_faixa_ano) values (74, 5);
insert into habilidade_faixa_ano (id_habilidade, id_faixa_ano) values (75, 5);
insert into habilidade_faixa_ano (id_habilidade, id_faixa_ano) values (76, 5);
insert into habilidade_faixa_ano (id_habilidade, id_faixa_ano) values (77, 5);
insert into habilidade_faixa_ano (id_habilidade, id_faixa_ano) values (78, 5);
insert into habilidade_faixa_ano (id_habilidade, id_faixa_ano) values (79, 5);
insert into habilidade_faixa_ano (id_habilidade, id_faixa_ano) values (80, 5);
insert into habilidade_faixa_ano (id_habilidade, id_faixa_ano) values (81, 5);
insert into habilidade_faixa_ano (id_habilidade, id_faixa_ano) values (82, 5);
insert into habilidade_faixa_ano (id_habilidade, id_faixa_ano) values (83, 5);
insert into habilidade_faixa_ano (id_habilidade, id_faixa_ano) values (84, 5);
insert into habilidade_faixa_ano (id_habilidade, id_faixa_ano) values (85, 5);
insert into habilidade_faixa_ano (id_habilidade, id_faixa_ano) values (86, 5);
insert into habilidade_faixa_ano (id_habilidade, id_faixa_ano) values (87, 5);
insert into habilidade_faixa_ano (id_habilidade, id_faixa_ano) values (88, 5);
insert into habilidade_faixa_ano (id_habilidade, id_faixa_ano) values (89, 5);
insert into habilidade_faixa_ano (id_habilidade, id_faixa_ano) values (90, 5);
insert into habilidade_faixa_ano (id_habilidade, id_faixa_ano) values (91, 5);
insert into habilidade_faixa_ano (id_habilidade, id_faixa_ano) values (92, 5);
insert into habilidade_faixa_ano (id_habilidade, id_faixa_ano) values (93, 5);
insert into habilidade_faixa_ano (id_habilidade, id_faixa_ano) values (46, 6);
insert into habilidade_faixa_ano (id_habilidade, id_faixa_ano) values (47, 6);
insert into habilidade_faixa_ano (id_habilidade, id_faixa_ano) values (48, 6);
insert into habilidade_faixa_ano (id_habilidade, id_faixa_ano) values (49, 6);
insert into habilidade_faixa_ano (id_habilidade, id_faixa_ano) values (50, 6);
insert into habilidade_faixa_ano (id_habilidade, id_faixa_ano) values (51, 6);
insert into habilidade_faixa_ano (id_habilidade, id_faixa_ano) values (52, 6);
insert into habilidade_faixa_ano (id_habilidade, id_faixa_ano) values (53, 6);
insert into habilidade_faixa_ano (id_habilidade, id_faixa_ano) values (54, 6);
insert into habilidade_faixa_ano (id_habilidade, id_faixa_ano) values (55, 6);
insert into habilidade_faixa_ano (id_habilidade, id_faixa_ano) values (56, 6);
insert into habilidade_faixa_ano (id_habilidade, id_faixa_ano) values (57, 6);
insert into habilidade_faixa_ano (id_habilidade, id_faixa_ano) values (58, 6);
insert into habilidade_faixa_ano (id_habilidade, id_faixa_ano) values (59, 6);
insert into habilidade_faixa_ano (id_habilidade, id_faixa_ano) values (60, 6);
insert into habilidade_faixa_ano (id_habilidade, id_faixa_ano) values (61, 6);
insert into habilidade_faixa_ano (id_habilidade, id_faixa_ano) values (62, 6);
insert into habilidade_faixa_ano (id_habilidade, id_faixa_ano) values (63, 6);
insert into habilidade_faixa_ano (id_habilidade, id_faixa_ano) values (64, 6);
insert into habilidade_faixa_ano (id_habilidade, id_faixa_ano) values (94, 6);
insert into habilidade_faixa_ano (id_habilidade, id_faixa_ano) values (95, 6);
insert into habilidade_faixa_ano (id_habilidade, id_faixa_ano) values (96, 6);
insert into habilidade_faixa_ano (id_habilidade, id_faixa_ano) values (97, 6);
insert into habilidade_faixa_ano (id_habilidade, id_faixa_ano) values (98, 6);
insert into habilidade_faixa_ano (id_habilidade, id_faixa_ano) values (99, 6);
insert into habilidade_faixa_ano (id_habilidade, id_faixa_ano) values (100, 6);
insert into habilidade_faixa_ano (id_habilidade, id_faixa_ano) values (101, 6);
insert into habilidade_faixa_ano (id_habilidade, id_faixa_ano) values (102, 6);
insert into habilidade_faixa_ano (id_habilidade, id_faixa_ano) values (103, 6);
insert into habilidade_faixa_ano (id_habilidade, id_faixa_ano) values (104, 6);
insert into habilidade_faixa_ano (id_habilidade, id_faixa_ano) values (105, 6);
insert into habilidade_faixa_ano (id_habilidade, id_faixa_ano) values (106, 6);
insert into habilidade_faixa_ano (id_habilidade, id_faixa_ano) values (107, 6);
insert into habilidade_faixa_ano (id_habilidade, id_faixa_ano) values (108, 6);
insert into habilidade_faixa_ano (id_habilidade, id_faixa_ano) values (109, 6);
insert into habilidade_faixa_ano (id_habilidade, id_faixa_ano) values (110, 6);
insert into habilidade_faixa_ano (id_habilidade, id_faixa_ano) values (111, 6);
insert into habilidade_faixa_ano (id_habilidade, id_faixa_ano) values (112, 6);
insert into habilidade_faixa_ano (id_habilidade, id_faixa_ano) values (113, 6);
insert into habilidade_faixa_ano (id_habilidade, id_faixa_ano) values (114, 6);
insert into habilidade_faixa_ano (id_habilidade, id_faixa_ano) values (115, 6);
insert into habilidade_faixa_ano (id_habilidade, id_faixa_ano) values (116, 6);
insert into habilidade_faixa_ano (id_habilidade, id_faixa_ano) values (117, 6);
insert into habilidade_faixa_ano (id_habilidade, id_faixa_ano) values (118, 6);
insert into habilidade_faixa_ano (id_habilidade, id_faixa_ano) values (119, 6);
insert into habilidade_faixa_ano (id_habilidade, id_faixa_ano) values (120, 6);
insert into habilidade_faixa_ano (id_habilidade, id_faixa_ano) values (121, 6);
insert into habilidade_faixa_ano (id_habilidade, id_faixa_ano) values (122, 6);
insert into habilidade_faixa_ano (id_habilidade, id_faixa_ano) values (123, 6);
insert into habilidade_faixa_ano (id_habilidade, id_faixa_ano) values (124, 6);
insert into habilidade_faixa_ano (id_habilidade, id_faixa_ano) values (125, 6);
insert into habilidade_faixa_ano (id_habilidade, id_faixa_ano) values (126, 6);
insert into habilidade_faixa_ano (id_habilidade, id_faixa_ano) values (127, 6);
insert into habilidade_faixa_ano (id_habilidade, id_faixa_ano) values (128, 6);
insert into habilidade_faixa_ano (id_habilidade, id_faixa_ano) values (129, 6);
insert into habilidade_faixa_ano (id_habilidade, id_faixa_ano) values (130, 6);
insert into habilidade_faixa_ano (id_habilidade, id_faixa_ano) values (131, 6);
insert into habilidade_faixa_ano (id_habilidade, id_faixa_ano) values (132, 6);
insert into habilidade_faixa_ano (id_habilidade, id_faixa_ano) values (133, 6);
insert into habilidade_faixa_ano (id_habilidade, id_faixa_ano) values (134, 6);
insert into habilidade_faixa_ano (id_habilidade, id_faixa_ano) values (135, 6);
insert into habilidade_faixa_ano (id_habilidade, id_faixa_ano) values (136, 6);
insert into habilidade_faixa_ano (id_habilidade, id_faixa_ano) values (137, 6);
insert into habilidade_faixa_ano (id_habilidade, id_faixa_ano) values (138, 6);
insert into habilidade_faixa_ano (id_habilidade, id_faixa_ano) values (139, 6);
insert into habilidade_faixa_ano (id_habilidade, id_faixa_ano) values (140, 6);
insert into habilidade_faixa_ano (id_habilidade, id_faixa_ano) values (141, 6);
insert into habilidade_faixa_ano (id_habilidade, id_faixa_ano) values (142, 6);
insert into habilidade_faixa_ano (id_habilidade, id_faixa_ano) values (143, 6);
insert into habilidade_faixa_ano (id_habilidade, id_faixa_ano) values (144, 6);
insert into habilidade_faixa_ano (id_habilidade, id_faixa_ano) values (145, 6);
insert into habilidade_faixa_ano (id_habilidade, id_faixa_ano) values (146, 6);
insert into habilidade_faixa_ano (id_habilidade, id_faixa_ano) values (147, 6);
insert into habilidade_faixa_ano (id_habilidade, id_faixa_ano) values (148, 6);
insert into habilidade_faixa_ano (id_habilidade, id_faixa_ano) values (149, 6);
insert into habilidade_faixa_ano (id_habilidade, id_faixa_ano) values (150, 6);
insert into habilidade_faixa_ano (id_habilidade, id_faixa_ano) values (151, 6);
insert into habilidade_faixa_ano (id_habilidade, id_faixa_ano) values (46, 7);
insert into habilidade_faixa_ano (id_habilidade, id_faixa_ano) values (47, 7);
insert into habilidade_faixa_ano (id_habilidade, id_faixa_ano) values (48, 7);
insert into habilidade_faixa_ano (id_habilidade, id_faixa_ano) values (49, 7);
insert into habilidade_faixa_ano (id_habilidade, id_faixa_ano) values (50, 7);
insert into habilidade_faixa_ano (id_habilidade, id_faixa_ano) values (51, 7);
insert into habilidade_faixa_ano (id_habilidade, id_faixa_ano) values (52, 7);
insert into habilidade_faixa_ano (id_habilidade, id_faixa_ano) values (53, 7);
insert into habilidade_faixa_ano (id_habilidade, id_faixa_ano) values (54, 7);
insert into habilidade_faixa_ano (id_habilidade, id_faixa_ano) values (55, 7);
insert into habilidade_faixa_ano (id_habilidade, id_faixa_ano) values (56, 7);
insert into habilidade_faixa_ano (id_habilidade, id_faixa_ano) values (57, 7);
insert into habilidade_faixa_ano (id_habilidade, id_faixa_ano) values (58, 7);
insert into habilidade_faixa_ano (id_habilidade, id_faixa_ano) values (59, 7);
insert into habilidade_faixa_ano (id_habilidade, id_faixa_ano) values (60, 7);
insert into habilidade_faixa_ano (id_habilidade, id_faixa_ano) values (61, 7);
insert into habilidade_faixa_ano (id_habilidade, id_faixa_ano) values (62, 7);
insert into habilidade_faixa_ano (id_habilidade, id_faixa_ano) values (63, 7);
insert into habilidade_faixa_ano (id_habilidade, id_faixa_ano) values (64, 7);
insert into habilidade_faixa_ano (id_habilidade, id_faixa_ano) values (121, 7);
insert into habilidade_faixa_ano (id_habilidade, id_faixa_ano) values (122, 7);
insert into habilidade_faixa_ano (id_habilidade, id_faixa_ano) values (123, 7);
insert into habilidade_faixa_ano (id_habilidade, id_faixa_ano) values (124, 7);
insert into habilidade_faixa_ano (id_habilidade, id_faixa_ano) values (125, 7);
insert into habilidade_faixa_ano (id_habilidade, id_faixa_ano) values (126, 7);
insert into habilidade_faixa_ano (id_habilidade, id_faixa_ano) values (127, 7);
insert into habilidade_faixa_ano (id_habilidade, id_faixa_ano) values (128, 7);
insert into habilidade_faixa_ano (id_habilidade, id_faixa_ano) values (129, 7);
insert into habilidade_faixa_ano (id_habilidade, id_faixa_ano) values (130, 7);
insert into habilidade_faixa_ano (id_habilidade, id_faixa_ano) values (131, 7);
insert into habilidade_faixa_ano (id_habilidade, id_faixa_ano) values (132, 7);
insert into habilidade_faixa_ano (id_habilidade, id_faixa_ano) values (133, 7);
insert into habilidade_faixa_ano (id_habilidade, id_faixa_ano) values (134, 7);
insert into habilidade_faixa_ano (id_habilidade, id_faixa_ano) values (135, 7);
insert into habilidade_faixa_ano (id_habilidade, id_faixa_ano) values (136, 7);
insert into habilidade_faixa_ano (id_habilidade, id_faixa_ano) values (137, 7);
insert into habilidade_faixa_ano (id_habilidade, id_faixa_ano) values (138, 7);
insert into habilidade_faixa_ano (id_habilidade, id_faixa_ano) values (139, 7);
insert into habilidade_faixa_ano (id_habilidade, id_faixa_ano) values (140, 7);
insert into habilidade_faixa_ano (id_habilidade, id_faixa_ano) values (141, 7);
insert into habilidade_faixa_ano (id_habilidade, id_faixa_ano) values (142, 7);
insert into habilidade_faixa_ano (id_habilidade, id_faixa_ano) values (143, 7);
insert into habilidade_faixa_ano (id_habilidade, id_faixa_ano) values (144, 7);
insert into habilidade_faixa_ano (id_habilidade, id_faixa_ano) values (145, 7);
insert into habilidade_faixa_ano (id_habilidade, id_faixa_ano) values (146, 7);
insert into habilidade_faixa_ano (id_habilidade, id_faixa_ano) values (147, 7);
insert into habilidade_faixa_ano (id_habilidade, id_faixa_ano) values (148, 7);
insert into habilidade_faixa_ano (id_habilidade, id_faixa_ano) values (149, 7);
insert into habilidade_faixa_ano (id_habilidade, id_faixa_ano) values (150, 7);
insert into habilidade_faixa_ano (id_habilidade, id_faixa_ano) values (151, 7);
insert into habilidade_faixa_ano (id_habilidade, id_faixa_ano) values (152, 7);
insert into habilidade_faixa_ano (id_habilidade, id_faixa_ano) values (153, 7);
insert into habilidade_faixa_ano (id_habilidade, id_faixa_ano) values (154, 7);
insert into habilidade_faixa_ano (id_habilidade, id_faixa_ano) values (155, 7);
insert into habilidade_faixa_ano (id_habilidade, id_faixa_ano) values (156, 7);
insert into habilidade_faixa_ano (id_habilidade, id_faixa_ano) values (157, 7);
insert into habilidade_faixa_ano (id_habilidade, id_faixa_ano) values (158, 7);
insert into habilidade_faixa_ano (id_habilidade, id_faixa_ano) values (159, 7);
insert into habilidade_faixa_ano (id_habilidade, id_faixa_ano) values (160, 7);
insert into habilidade_faixa_ano (id_habilidade, id_faixa_ano) values (161, 7);
insert into habilidade_faixa_ano (id_habilidade, id_faixa_ano) values (162, 7);
insert into habilidade_faixa_ano (id_habilidade, id_faixa_ano) values (163, 7);
insert into habilidade_faixa_ano (id_habilidade, id_faixa_ano) values (164, 7);
insert into habilidade_faixa_ano (id_habilidade, id_faixa_ano) values (165, 7);
insert into habilidade_faixa_ano (id_habilidade, id_faixa_ano) values (166, 7);
insert into habilidade_faixa_ano (id_habilidade, id_faixa_ano) values (167, 7);
insert into habilidade_faixa_ano (id_habilidade, id_faixa_ano) values (168, 7);
insert into habilidade_faixa_ano (id_habilidade, id_faixa_ano) values (169, 7);
insert into habilidade_faixa_ano (id_habilidade, id_faixa_ano) values (170, 7);
insert into habilidade_faixa_ano (id_habilidade, id_faixa_ano) values (171, 7);
insert into habilidade_faixa_ano (id_habilidade, id_faixa_ano) values (172, 7);
insert into habilidade_faixa_ano (id_habilidade, id_faixa_ano) values (173, 7);
insert into habilidade_faixa_ano (id_habilidade, id_faixa_ano) values (174, 7);
insert into habilidade_faixa_ano (id_habilidade, id_faixa_ano) values (175, 7);
insert into habilidade_faixa_ano (id_habilidade, id_faixa_ano) values (176, 7);
insert into habilidade_faixa_ano (id_habilidade, id_faixa_ano) values (177, 7);
insert into habilidade_faixa_ano (id_habilidade, id_faixa_ano) values (178, 7);
insert into habilidade_faixa_ano (id_habilidade, id_faixa_ano) values (46, 8);
insert into habilidade_faixa_ano (id_habilidade, id_faixa_ano) values (47, 8);
insert into habilidade_faixa_ano (id_habilidade, id_faixa_ano) values (48, 8);
insert into habilidade_faixa_ano (id_habilidade, id_faixa_ano) values (49, 8);
insert into habilidade_faixa_ano (id_habilidade, id_faixa_ano) values (50, 8);
insert into habilidade_faixa_ano (id_habilidade, id_faixa_ano) values (51, 8);
insert into habilidade_faixa_ano (id_habilidade, id_faixa_ano) values (52, 8);
insert into habilidade_faixa_ano (id_habilidade, id_faixa_ano) values (53, 8);
insert into habilidade_faixa_ano (id_habilidade, id_faixa_ano) values (54, 8);
insert into habilidade_faixa_ano (id_habilidade, id_faixa_ano) values (55, 8);
insert into habilidade_faixa_ano (id_habilidade, id_faixa_ano) values (56, 8);
insert into habilidade_faixa_ano (id_habilidade, id_faixa_ano) values (57, 8);
insert into habilidade_faixa_ano (id_habilidade, id_faixa_ano) values (58, 8);
insert into habilidade_faixa_ano (id_habilidade, id_faixa_ano) values (59, 8);
insert into habilidade_faixa_ano (id_habilidade, id_faixa_ano) values (60, 8);
insert into habilidade_faixa_ano (id_habilidade, id_faixa_ano) values (61, 8);
insert into habilidade_faixa_ano (id_habilidade, id_faixa_ano) values (62, 8);
insert into habilidade_faixa_ano (id_habilidade, id_faixa_ano) values (63, 8);
insert into habilidade_faixa_ano (id_habilidade, id_faixa_ano) values (64, 8);
insert into habilidade_faixa_ano (id_habilidade, id_faixa_ano) values (121, 8);
insert into habilidade_faixa_ano (id_habilidade, id_faixa_ano) values (122, 8);
insert into habilidade_faixa_ano (id_habilidade, id_faixa_ano) values (123, 8);
insert into habilidade_faixa_ano (id_habilidade, id_faixa_ano) values (124, 8);
insert into habilidade_faixa_ano (id_habilidade, id_faixa_ano) values (125, 8);
insert into habilidade_faixa_ano (id_habilidade, id_faixa_ano) values (126, 8);
insert into habilidade_faixa_ano (id_habilidade, id_faixa_ano) values (127, 8);
insert into habilidade_faixa_ano (id_habilidade, id_faixa_ano) values (128, 8);
insert into habilidade_faixa_ano (id_habilidade, id_faixa_ano) values (129, 8);
insert into habilidade_faixa_ano (id_habilidade, id_faixa_ano) values (130, 8);
insert into habilidade_faixa_ano (id_habilidade, id_faixa_ano) values (131, 8);
insert into habilidade_faixa_ano (id_habilidade, id_faixa_ano) values (132, 8);
insert into habilidade_faixa_ano (id_habilidade, id_faixa_ano) values (133, 8);
insert into habilidade_faixa_ano (id_habilidade, id_faixa_ano) values (134, 8);
insert into habilidade_faixa_ano (id_habilidade, id_faixa_ano) values (135, 8);
insert into habilidade_faixa_ano (id_habilidade, id_faixa_ano) values (136, 8);
insert into habilidade_faixa_ano (id_habilidade, id_faixa_ano) values (137, 8);
insert into habilidade_faixa_ano (id_habilidade, id_faixa_ano) values (138, 8);
insert into habilidade_faixa_ano (id_habilidade, id_faixa_ano) values (139, 8);
insert into habilidade_faixa_ano (id_habilidade, id_faixa_ano) values (140, 8);
insert into habilidade_faixa_ano (id_habilidade, id_faixa_ano) values (141, 8);
insert into habilidade_faixa_ano (id_habilidade, id_faixa_ano) values (142, 8);
insert into habilidade_faixa_ano (id_habilidade, id_faixa_ano) values (143, 8);
insert into habilidade_faixa_ano (id_habilidade, id_faixa_ano) values (144, 8);
insert into habilidade_faixa_ano (id_habilidade, id_faixa_ano) values (145, 8);
insert into habilidade_faixa_ano (id_habilidade, id_faixa_ano) values (146, 8);
insert into habilidade_faixa_ano (id_habilidade, id_faixa_ano) values (147, 8);
insert into habilidade_faixa_ano (id_habilidade, id_faixa_ano) values (148, 8);
insert into habilidade_faixa_ano (id_habilidade, id_faixa_ano) values (149, 8);
insert into habilidade_faixa_ano (id_habilidade, id_faixa_ano) values (150, 8);
insert into habilidade_faixa_ano (id_habilidade, id_faixa_ano) values (151, 8);
insert into habilidade_faixa_ano (id_habilidade, id_faixa_ano) values (179, 8);
insert into habilidade_faixa_ano (id_habilidade, id_faixa_ano) values (180, 8);
insert into habilidade_faixa_ano (id_habilidade, id_faixa_ano) values (181, 8);
insert into habilidade_faixa_ano (id_habilidade, id_faixa_ano) values (182, 8);
insert into habilidade_faixa_ano (id_habilidade, id_faixa_ano) values (183, 8);
insert into habilidade_faixa_ano (id_habilidade, id_faixa_ano) values (184, 8);
insert into habilidade_faixa_ano (id_habilidade, id_faixa_ano) values (185, 8);
insert into habilidade_faixa_ano (id_habilidade, id_faixa_ano) values (186, 8);
insert into habilidade_faixa_ano (id_habilidade, id_faixa_ano) values (187, 8);
insert into habilidade_faixa_ano (id_habilidade, id_faixa_ano) values (188, 8);
insert into habilidade_faixa_ano (id_habilidade, id_faixa_ano) values (189, 8);
insert into habilidade_faixa_ano (id_habilidade, id_faixa_ano) values (190, 8);
insert into habilidade_faixa_ano (id_habilidade, id_faixa_ano) values (191, 8);
insert into habilidade_faixa_ano (id_habilidade, id_faixa_ano) values (192, 8);
insert into habilidade_faixa_ano (id_habilidade, id_faixa_ano) values (193, 8);
insert into habilidade_faixa_ano (id_habilidade, id_faixa_ano) values (194, 8);
insert into habilidade_faixa_ano (id_habilidade, id_faixa_ano) values (195, 8);
insert into habilidade_faixa_ano (id_habilidade, id_faixa_ano) values (196, 8);
insert into habilidade_faixa_ano (id_habilidade, id_faixa_ano) values (197, 8);
insert into habilidade_faixa_ano (id_habilidade, id_faixa_ano) values (198, 8);
insert into habilidade_faixa_ano (id_habilidade, id_faixa_ano) values (199, 8);
insert into habilidade_faixa_ano (id_habilidade, id_faixa_ano) values (200, 8);
insert into habilidade_faixa_ano (id_habilidade, id_faixa_ano) values (201, 8);
insert into habilidade_faixa_ano (id_habilidade, id_faixa_ano) values (202, 8);
insert into habilidade_faixa_ano (id_habilidade, id_faixa_ano) values (203, 8);
insert into habilidade_faixa_ano (id_habilidade, id_faixa_ano) values (204, 8);
insert into habilidade_faixa_ano (id_habilidade, id_faixa_ano) values (205, 8);
insert into habilidade_faixa_ano (id_habilidade, id_faixa_ano) values (206, 8);
insert into habilidade_faixa_ano (id_habilidade, id_faixa_ano) values (207, 9);
insert into habilidade_faixa_ano (id_habilidade, id_faixa_ano) values (208, 9);
insert into habilidade_faixa_ano (id_habilidade, id_faixa_ano) values (209, 9);
insert into habilidade_faixa_ano (id_habilidade, id_faixa_ano) values (210, 9);
insert into habilidade_faixa_ano (id_habilidade, id_faixa_ano) values (211, 9);
insert into habilidade_faixa_ano (id_habilidade, id_faixa_ano) values (212, 9);
insert into habilidade_faixa_ano (id_habilidade, id_faixa_ano) values (213, 9);
insert into habilidade_faixa_ano (id_habilidade, id_faixa_ano) values (214, 9);
insert into habilidade_faixa_ano (id_habilidade, id_faixa_ano) values (215, 9);
insert into habilidade_faixa_ano (id_habilidade, id_faixa_ano) values (216, 9);
insert into habilidade_faixa_ano (id_habilidade, id_faixa_ano) values (217, 9);
insert into habilidade_faixa_ano (id_habilidade, id_faixa_ano) values (218, 9);
insert into habilidade_faixa_ano (id_habilidade, id_faixa_ano) values (219, 9);
insert into habilidade_faixa_ano (id_habilidade, id_faixa_ano) values (220, 9);
insert into habilidade_faixa_ano (id_habilidade, id_faixa_ano) values (221, 9);
insert into habilidade_faixa_ano (id_habilidade, id_faixa_ano) values (222, 9);
insert into habilidade_faixa_ano (id_habilidade, id_faixa_ano) values (223, 9);
insert into habilidade_faixa_ano (id_habilidade, id_faixa_ano) values (224, 9);
insert into habilidade_faixa_ano (id_habilidade, id_faixa_ano) values (225, 9);
insert into habilidade_faixa_ano (id_habilidade, id_faixa_ano) values (226, 9);
insert into habilidade_faixa_ano (id_habilidade, id_faixa_ano) values (227, 9);
insert into habilidade_faixa_ano (id_habilidade, id_faixa_ano) values (228, 9);
insert into habilidade_faixa_ano (id_habilidade, id_faixa_ano) values (229, 9);
insert into habilidade_faixa_ano (id_habilidade, id_faixa_ano) values (230, 9);
insert into habilidade_faixa_ano (id_habilidade, id_faixa_ano) values (231, 9);
insert into habilidade_faixa_ano (id_habilidade, id_faixa_ano) values (232, 9);
insert into habilidade_faixa_ano (id_habilidade, id_faixa_ano) values (233, 9);
insert into habilidade_faixa_ano (id_habilidade, id_faixa_ano) values (234, 9);
insert into habilidade_faixa_ano (id_habilidade, id_faixa_ano) values (235, 9);
insert into habilidade_faixa_ano (id_habilidade, id_faixa_ano) values (236, 9);
insert into habilidade_faixa_ano (id_habilidade, id_faixa_ano) values (237, 9);
insert into habilidade_faixa_ano (id_habilidade, id_faixa_ano) values (238, 9);
insert into habilidade_faixa_ano (id_habilidade, id_faixa_ano) values (239, 9);
insert into habilidade_faixa_ano (id_habilidade, id_faixa_ano) values (240, 9);
insert into habilidade_faixa_ano (id_habilidade, id_faixa_ano) values (241, 9);
insert into habilidade_faixa_ano (id_habilidade, id_faixa_ano) values (242, 9);
insert into habilidade_faixa_ano (id_habilidade, id_faixa_ano) values (243, 9);
insert into habilidade_faixa_ano (id_habilidade, id_faixa_ano) values (244, 9);
insert into habilidade_faixa_ano (id_habilidade, id_faixa_ano) values (245, 9);
insert into habilidade_faixa_ano (id_habilidade, id_faixa_ano) values (246, 9);
insert into habilidade_faixa_ano (id_habilidade, id_faixa_ano) values (247, 9);
insert into habilidade_faixa_ano (id_habilidade, id_faixa_ano) values (248, 9);
insert into habilidade_faixa_ano (id_habilidade, id_faixa_ano) values (249, 9);
insert into habilidade_faixa_ano (id_habilidade, id_faixa_ano) values (250, 9);
insert into habilidade_faixa_ano (id_habilidade, id_faixa_ano) values (251, 9);
insert into habilidade_faixa_ano (id_habilidade, id_faixa_ano) values (252, 9);
insert into habilidade_faixa_ano (id_habilidade, id_faixa_ano) values (253, 9);
insert into habilidade_faixa_ano (id_habilidade, id_faixa_ano) values (254, 9);
insert into habilidade_faixa_ano (id_habilidade, id_faixa_ano) values (255, 9);
insert into habilidade_faixa_ano (id_habilidade, id_faixa_ano) values (256, 9);
insert into habilidade_faixa_ano (id_habilidade, id_faixa_ano) values (257, 9);
insert into habilidade_faixa_ano (id_habilidade, id_faixa_ano) values (258, 9);
insert into habilidade_faixa_ano (id_habilidade, id_faixa_ano) values (259, 9);
insert into habilidade_faixa_ano (id_habilidade, id_faixa_ano) values (260, 9);
insert into habilidade_faixa_ano (id_habilidade, id_faixa_ano) values (261, 9);
insert into habilidade_faixa_ano (id_habilidade, id_faixa_ano) values (262, 9);
insert into habilidade_faixa_ano (id_habilidade, id_faixa_ano) values (263, 9);
insert into habilidade_faixa_ano (id_habilidade, id_faixa_ano) values (264, 9);
insert into habilidade_faixa_ano (id_habilidade, id_faixa_ano) values (265, 9);
insert into habilidade_faixa_ano (id_habilidade, id_faixa_ano) values (266, 9);
insert into habilidade_faixa_ano (id_habilidade, id_faixa_ano) values (267, 9);
insert into habilidade_faixa_ano (id_habilidade, id_faixa_ano) values (268, 9);
insert into habilidade_faixa_ano (id_habilidade, id_faixa_ano) values (269, 9);
insert into habilidade_faixa_ano (id_habilidade, id_faixa_ano) values (270, 9);
insert into habilidade_faixa_ano (id_habilidade, id_faixa_ano) values (271, 9);
insert into habilidade_faixa_ano (id_habilidade, id_faixa_ano) values (272, 9);
insert into habilidade_faixa_ano (id_habilidade, id_faixa_ano) values (273, 9);
insert into habilidade_faixa_ano (id_habilidade, id_faixa_ano) values (274, 9);
insert into habilidade_faixa_ano (id_habilidade, id_faixa_ano) values (275, 9);
insert into habilidade_faixa_ano (id_habilidade, id_faixa_ano) values (276, 9);
insert into habilidade_faixa_ano (id_habilidade, id_faixa_ano) values (277, 9);
insert into habilidade_faixa_ano (id_habilidade, id_faixa_ano) values (278, 9);
insert into habilidade_faixa_ano (id_habilidade, id_faixa_ano) values (279, 9);
insert into habilidade_faixa_ano (id_habilidade, id_faixa_ano) values (280, 9);
insert into habilidade_faixa_ano (id_habilidade, id_faixa_ano) values (281, 9);
insert into habilidade_faixa_ano (id_habilidade, id_faixa_ano) values (282, 9);
insert into habilidade_faixa_ano (id_habilidade, id_faixa_ano) values (283, 9);
insert into habilidade_faixa_ano (id_habilidade, id_faixa_ano) values (284, 9);
insert into habilidade_faixa_ano (id_habilidade, id_faixa_ano) values (285, 9);
insert into habilidade_faixa_ano (id_habilidade, id_faixa_ano) values (286, 9);
insert into habilidade_faixa_ano (id_habilidade, id_faixa_ano) values (287, 9);
insert into habilidade_faixa_ano (id_habilidade, id_faixa_ano) values (288, 9);
insert into habilidade_faixa_ano (id_habilidade, id_faixa_ano) values (289, 9);
insert into habilidade_faixa_ano (id_habilidade, id_faixa_ano) values (290, 9);
insert into habilidade_faixa_ano (id_habilidade, id_faixa_ano) values (291, 9);
insert into habilidade_faixa_ano (id_habilidade, id_faixa_ano) values (292, 9);
insert into habilidade_faixa_ano (id_habilidade, id_faixa_ano) values (293, 9);
insert into habilidade_faixa_ano (id_habilidade, id_faixa_ano) values (294, 9);
insert into habilidade_faixa_ano (id_habilidade, id_faixa_ano) values (295, 9);
insert into habilidade_faixa_ano (id_habilidade, id_faixa_ano) values (296, 9);
insert into habilidade_faixa_ano (id_habilidade, id_faixa_ano) values (297, 9);
insert into habilidade_faixa_ano (id_habilidade, id_faixa_ano) values (298, 9);
insert into habilidade_faixa_ano (id_habilidade, id_faixa_ano) values (299, 9);
insert into habilidade_faixa_ano (id_habilidade, id_faixa_ano) values (300, 9);
insert into habilidade_faixa_ano (id_habilidade, id_faixa_ano) values (301, 9);
insert into habilidade_faixa_ano (id_habilidade, id_faixa_ano) values (302, 9);
insert into habilidade_faixa_ano (id_habilidade, id_faixa_ano) values (303, 9);
insert into habilidade_faixa_ano (id_habilidade, id_faixa_ano) values (304, 9);
insert into habilidade_faixa_ano (id_habilidade, id_faixa_ano) values (305, 9);
insert into habilidade_faixa_ano (id_habilidade, id_faixa_ano) values (306, 9);
insert into habilidade_faixa_ano (id_habilidade, id_faixa_ano) values (307, 9);
insert into habilidade_faixa_ano (id_habilidade, id_faixa_ano) values (308, 9);
insert into habilidade_faixa_ano (id_habilidade, id_faixa_ano) values (309, 9);
insert into habilidade_faixa_ano (id_habilidade, id_faixa_ano) values (310, 9);
insert into habilidade_faixa_ano (id_habilidade, id_faixa_ano) values (311, 9);
insert into habilidade_faixa_ano (id_habilidade, id_faixa_ano) values (312, 9);
insert into habilidade_faixa_ano (id_habilidade, id_faixa_ano) values (219, 10);
insert into habilidade_faixa_ano (id_habilidade, id_faixa_ano) values (220, 10);
insert into habilidade_faixa_ano (id_habilidade, id_faixa_ano) values (221, 10);
insert into habilidade_faixa_ano (id_habilidade, id_faixa_ano) values (222, 10);
insert into habilidade_faixa_ano (id_habilidade, id_faixa_ano) values (223, 10);
insert into habilidade_faixa_ano (id_habilidade, id_faixa_ano) values (224, 10);
insert into habilidade_faixa_ano (id_habilidade, id_faixa_ano) values (225, 10);
insert into habilidade_faixa_ano (id_habilidade, id_faixa_ano) values (226, 10);
insert into habilidade_faixa_ano (id_habilidade, id_faixa_ano) values (227, 10);
insert into habilidade_faixa_ano (id_habilidade, id_faixa_ano) values (228, 10);
insert into habilidade_faixa_ano (id_habilidade, id_faixa_ano) values (229, 10);
insert into habilidade_faixa_ano (id_habilidade, id_faixa_ano) values (230, 10);
insert into habilidade_faixa_ano (id_habilidade, id_faixa_ano) values (231, 10);
insert into habilidade_faixa_ano (id_habilidade, id_faixa_ano) values (232, 10);
insert into habilidade_faixa_ano (id_habilidade, id_faixa_ano) values (233, 10);
insert into habilidade_faixa_ano (id_habilidade, id_faixa_ano) values (234, 10);
insert into habilidade_faixa_ano (id_habilidade, id_faixa_ano) values (235, 10);
insert into habilidade_faixa_ano (id_habilidade, id_faixa_ano) values (236, 10);
insert into habilidade_faixa_ano (id_habilidade, id_faixa_ano) values (237, 10);
insert into habilidade_faixa_ano (id_habilidade, id_faixa_ano) values (238, 10);
insert into habilidade_faixa_ano (id_habilidade, id_faixa_ano) values (239, 10);
insert into habilidade_faixa_ano (id_habilidade, id_faixa_ano) values (240, 10);
insert into habilidade_faixa_ano (id_habilidade, id_faixa_ano) values (241, 10);
insert into habilidade_faixa_ano (id_habilidade, id_faixa_ano) values (242, 10);
insert into habilidade_faixa_ano (id_habilidade, id_faixa_ano) values (243, 10);
insert into habilidade_faixa_ano (id_habilidade, id_faixa_ano) values (244, 10);
insert into habilidade_faixa_ano (id_habilidade, id_faixa_ano) values (245, 10);
insert into habilidade_faixa_ano (id_habilidade, id_faixa_ano) values (246, 10);
insert into habilidade_faixa_ano (id_habilidade, id_faixa_ano) values (247, 10);
insert into habilidade_faixa_ano (id_habilidade, id_faixa_ano) values (248, 10);
insert into habilidade_faixa_ano (id_habilidade, id_faixa_ano) values (249, 10);
insert into habilidade_faixa_ano (id_habilidade, id_faixa_ano) values (250, 10);
insert into habilidade_faixa_ano (id_habilidade, id_faixa_ano) values (251, 10);
insert into habilidade_faixa_ano (id_habilidade, id_faixa_ano) values (252, 10);
insert into habilidade_faixa_ano (id_habilidade, id_faixa_ano) values (253, 10);
insert into habilidade_faixa_ano (id_habilidade, id_faixa_ano) values (254, 10);
insert into habilidade_faixa_ano (id_habilidade, id_faixa_ano) values (255, 10);
insert into habilidade_faixa_ano (id_habilidade, id_faixa_ano) values (256, 10);
insert into habilidade_faixa_ano (id_habilidade, id_faixa_ano) values (257, 10);
insert into habilidade_faixa_ano (id_habilidade, id_faixa_ano) values (258, 10);
insert into habilidade_faixa_ano (id_habilidade, id_faixa_ano) values (259, 10);
insert into habilidade_faixa_ano (id_habilidade, id_faixa_ano) values (260, 10);
insert into habilidade_faixa_ano (id_habilidade, id_faixa_ano) values (261, 10);
insert into habilidade_faixa_ano (id_habilidade, id_faixa_ano) values (262, 10);
insert into habilidade_faixa_ano (id_habilidade, id_faixa_ano) values (263, 10);
insert into habilidade_faixa_ano (id_habilidade, id_faixa_ano) values (264, 10);
insert into habilidade_faixa_ano (id_habilidade, id_faixa_ano) values (265, 10);
insert into habilidade_faixa_ano (id_habilidade, id_faixa_ano) values (266, 10);
insert into habilidade_faixa_ano (id_habilidade, id_faixa_ano) values (267, 10);
insert into habilidade_faixa_ano (id_habilidade, id_faixa_ano) values (268, 10);
insert into habilidade_faixa_ano (id_habilidade, id_faixa_ano) values (269, 10);
insert into habilidade_faixa_ano (id_habilidade, id_faixa_ano) values (270, 10);
insert into habilidade_faixa_ano (id_habilidade, id_faixa_ano) values (271, 10);
insert into habilidade_faixa_ano (id_habilidade, id_faixa_ano) values (272, 10);
insert into habilidade_faixa_ano (id_habilidade, id_faixa_ano) values (273, 10);
insert into habilidade_faixa_ano (id_habilidade, id_faixa_ano) values (274, 10);
insert into habilidade_faixa_ano (id_habilidade, id_faixa_ano) values (275, 10);
insert into habilidade_faixa_ano (id_habilidade, id_faixa_ano) values (276, 10);
insert into habilidade_faixa_ano (id_habilidade, id_faixa_ano) values (277, 10);
insert into habilidade_faixa_ano (id_habilidade, id_faixa_ano) values (278, 10);
insert into habilidade_faixa_ano (id_habilidade, id_faixa_ano) values (279, 10);
insert into habilidade_faixa_ano (id_habilidade, id_faixa_ano) values (280, 10);
insert into habilidade_faixa_ano (id_habilidade, id_faixa_ano) values (281, 10);
insert into habilidade_faixa_ano (id_habilidade, id_faixa_ano) values (282, 10);
insert into habilidade_faixa_ano (id_habilidade, id_faixa_ano) values (283, 10);
insert into habilidade_faixa_ano (id_habilidade, id_faixa_ano) values (284, 10);
insert into habilidade_faixa_ano (id_habilidade, id_faixa_ano) values (285, 10);
insert into habilidade_faixa_ano (id_habilidade, id_faixa_ano) values (286, 10);
insert into habilidade_faixa_ano (id_habilidade, id_faixa_ano) values (287, 10);
insert into habilidade_faixa_ano (id_habilidade, id_faixa_ano) values (288, 10);
insert into habilidade_faixa_ano (id_habilidade, id_faixa_ano) values (289, 10);
insert into habilidade_faixa_ano (id_habilidade, id_faixa_ano) values (290, 10);
insert into habilidade_faixa_ano (id_habilidade, id_faixa_ano) values (291, 10);
insert into habilidade_faixa_ano (id_habilidade, id_faixa_ano) values (292, 10);
insert into habilidade_faixa_ano (id_habilidade, id_faixa_ano) values (293, 10);
insert into habilidade_faixa_ano (id_habilidade, id_faixa_ano) values (294, 10);
insert into habilidade_faixa_ano (id_habilidade, id_faixa_ano) values (295, 10);
insert into habilidade_faixa_ano (id_habilidade, id_faixa_ano) values (296, 10);
insert into habilidade_faixa_ano (id_habilidade, id_faixa_ano) values (297, 10);
insert into habilidade_faixa_ano (id_habilidade, id_faixa_ano) values (298, 10);
insert into habilidade_faixa_ano (id_habilidade, id_faixa_ano) values (299, 10);
insert into habilidade_faixa_ano (id_habilidade, id_faixa_ano) values (300, 10);
insert into habilidade_faixa_ano (id_habilidade, id_faixa_ano) values (301, 10);
insert into habilidade_faixa_ano (id_habilidade, id_faixa_ano) values (302, 10);
insert into habilidade_faixa_ano (id_habilidade, id_faixa_ano) values (303, 10);
insert into habilidade_faixa_ano (id_habilidade, id_faixa_ano) values (304, 10);
insert into habilidade_faixa_ano (id_habilidade, id_faixa_ano) values (305, 10);
insert into habilidade_faixa_ano (id_habilidade, id_faixa_ano) values (306, 10);
insert into habilidade_faixa_ano (id_habilidade, id_faixa_ano) values (307, 10);
insert into habilidade_faixa_ano (id_habilidade, id_faixa_ano) values (308, 10);
insert into habilidade_faixa_ano (id_habilidade, id_faixa_ano) values (309, 10);
insert into habilidade_faixa_ano (id_habilidade, id_faixa_ano) values (310, 10);
insert into habilidade_faixa_ano (id_habilidade, id_faixa_ano) values (311, 10);
insert into habilidade_faixa_ano (id_habilidade, id_faixa_ano) values (312, 10);
insert into habilidade_faixa_ano (id_habilidade, id_faixa_ano) values (313, 10);
insert into habilidade_faixa_ano (id_habilidade, id_faixa_ano) values (314, 10);
insert into habilidade_faixa_ano (id_habilidade, id_faixa_ano) values (315, 10);
insert into habilidade_faixa_ano (id_habilidade, id_faixa_ano) values (316, 10);
insert into habilidade_faixa_ano (id_habilidade, id_faixa_ano) values (317, 10);
insert into habilidade_faixa_ano (id_habilidade, id_faixa_ano) values (318, 10);
insert into habilidade_faixa_ano (id_habilidade, id_faixa_ano) values (319, 10);
insert into habilidade_faixa_ano (id_habilidade, id_faixa_ano) values (320, 10);
insert into habilidade_faixa_ano (id_habilidade, id_faixa_ano) values (321, 10);
insert into habilidade_faixa_ano (id_habilidade, id_faixa_ano) values (322, 10);
insert into habilidade_faixa_ano (id_habilidade, id_faixa_ano) values (323, 10);
insert into habilidade_faixa_ano (id_habilidade, id_faixa_ano) values (324, 10);
insert into habilidade_faixa_ano (id_habilidade, id_faixa_ano) values (325, 10);
insert into habilidade_faixa_ano (id_habilidade, id_faixa_ano) values (326, 10);
insert into habilidade_faixa_ano (id_habilidade, id_faixa_ano) values (257, 11);
insert into habilidade_faixa_ano (id_habilidade, id_faixa_ano) values (258, 11);
insert into habilidade_faixa_ano (id_habilidade, id_faixa_ano) values (259, 11);
insert into habilidade_faixa_ano (id_habilidade, id_faixa_ano) values (260, 11);
insert into habilidade_faixa_ano (id_habilidade, id_faixa_ano) values (261, 11);
insert into habilidade_faixa_ano (id_habilidade, id_faixa_ano) values (262, 11);
insert into habilidade_faixa_ano (id_habilidade, id_faixa_ano) values (263, 11);
insert into habilidade_faixa_ano (id_habilidade, id_faixa_ano) values (264, 11);
insert into habilidade_faixa_ano (id_habilidade, id_faixa_ano) values (265, 11);
insert into habilidade_faixa_ano (id_habilidade, id_faixa_ano) values (266, 11);
insert into habilidade_faixa_ano (id_habilidade, id_faixa_ano) values (267, 11);
insert into habilidade_faixa_ano (id_habilidade, id_faixa_ano) values (268, 11);
insert into habilidade_faixa_ano (id_habilidade, id_faixa_ano) values (269, 11);
insert into habilidade_faixa_ano (id_habilidade, id_faixa_ano) values (270, 11);
insert into habilidade_faixa_ano (id_habilidade, id_faixa_ano) values (271, 11);
insert into habilidade_faixa_ano (id_habilidade, id_faixa_ano) values (272, 11);
insert into habilidade_faixa_ano (id_habilidade, id_faixa_ano) values (273, 11);
insert into habilidade_faixa_ano (id_habilidade, id_faixa_ano) values (274, 11);
insert into habilidade_faixa_ano (id_habilidade, id_faixa_ano) values (275, 11);
insert into habilidade_faixa_ano (id_habilidade, id_faixa_ano) values (276, 11);
insert into habilidade_faixa_ano (id_habilidade, id_faixa_ano) values (277, 11);
insert into habilidade_faixa_ano (id_habilidade, id_faixa_ano) values (278, 11);
insert into habilidade_faixa_ano (id_habilidade, id_faixa_ano) values (279, 11);
insert into habilidade_faixa_ano (id_habilidade, id_faixa_ano) values (280, 11);
insert into habilidade_faixa_ano (id_habilidade, id_faixa_ano) values (281, 11);
insert into habilidade_faixa_ano (id_habilidade, id_faixa_ano) values (282, 11);
insert into habilidade_faixa_ano (id_habilidade, id_faixa_ano) values (283, 11);
insert into habilidade_faixa_ano (id_habilidade, id_faixa_ano) values (284, 11);
insert into habilidade_faixa_ano (id_habilidade, id_faixa_ano) values (285, 11);
insert into habilidade_faixa_ano (id_habilidade, id_faixa_ano) values (286, 11);
insert into habilidade_faixa_ano (id_habilidade, id_faixa_ano) values (287, 11);
insert into habilidade_faixa_ano (id_habilidade, id_faixa_ano) values (288, 11);
insert into habilidade_faixa_ano (id_habilidade, id_faixa_ano) values (289, 11);
insert into habilidade_faixa_ano (id_habilidade, id_faixa_ano) values (290, 11);
insert into habilidade_faixa_ano (id_habilidade, id_faixa_ano) values (291, 11);
insert into habilidade_faixa_ano (id_habilidade, id_faixa_ano) values (292, 11);
insert into habilidade_faixa_ano (id_habilidade, id_faixa_ano) values (293, 11);
insert into habilidade_faixa_ano (id_habilidade, id_faixa_ano) values (294, 11);
insert into habilidade_faixa_ano (id_habilidade, id_faixa_ano) values (295, 11);
insert into habilidade_faixa_ano (id_habilidade, id_faixa_ano) values (296, 11);
insert into habilidade_faixa_ano (id_habilidade, id_faixa_ano) values (297, 11);
insert into habilidade_faixa_ano (id_habilidade, id_faixa_ano) values (298, 11);
insert into habilidade_faixa_ano (id_habilidade, id_faixa_ano) values (299, 11);
insert into habilidade_faixa_ano (id_habilidade, id_faixa_ano) values (300, 11);
insert into habilidade_faixa_ano (id_habilidade, id_faixa_ano) values (301, 11);
insert into habilidade_faixa_ano (id_habilidade, id_faixa_ano) values (302, 11);
insert into habilidade_faixa_ano (id_habilidade, id_faixa_ano) values (303, 11);
insert into habilidade_faixa_ano (id_habilidade, id_faixa_ano) values (304, 11);
insert into habilidade_faixa_ano (id_habilidade, id_faixa_ano) values (305, 11);
insert into habilidade_faixa_ano (id_habilidade, id_faixa_ano) values (306, 11);
insert into habilidade_faixa_ano (id_habilidade, id_faixa_ano) values (307, 11);
insert into habilidade_faixa_ano (id_habilidade, id_faixa_ano) values (308, 11);
insert into habilidade_faixa_ano (id_habilidade, id_faixa_ano) values (309, 11);
insert into habilidade_faixa_ano (id_habilidade, id_faixa_ano) values (310, 11);
insert into habilidade_faixa_ano (id_habilidade, id_faixa_ano) values (311, 11);
insert into habilidade_faixa_ano (id_habilidade, id_faixa_ano) values (312, 11);
insert into habilidade_faixa_ano (id_habilidade, id_faixa_ano) values (327, 11);
insert into habilidade_faixa_ano (id_habilidade, id_faixa_ano) values (328, 11);
insert into habilidade_faixa_ano (id_habilidade, id_faixa_ano) values (329, 11);
insert into habilidade_faixa_ano (id_habilidade, id_faixa_ano) values (330, 11);
insert into habilidade_faixa_ano (id_habilidade, id_faixa_ano) values (331, 11);
insert into habilidade_faixa_ano (id_habilidade, id_faixa_ano) values (332, 11);
insert into habilidade_faixa_ano (id_habilidade, id_faixa_ano) values (333, 11);
insert into habilidade_faixa_ano (id_habilidade, id_faixa_ano) values (334, 11);
insert into habilidade_faixa_ano (id_habilidade, id_faixa_ano) values (335, 11);
insert into habilidade_faixa_ano (id_habilidade, id_faixa_ano) values (336, 11);
insert into habilidade_faixa_ano (id_habilidade, id_faixa_ano) values (337, 11);
insert into habilidade_faixa_ano (id_habilidade, id_faixa_ano) values (338, 11);
insert into habilidade_faixa_ano (id_habilidade, id_faixa_ano) values (339, 11);
insert into habilidade_faixa_ano (id_habilidade, id_faixa_ano) values (340, 11);
insert into habilidade_faixa_ano (id_habilidade, id_faixa_ano) values (341, 11);
insert into habilidade_faixa_ano (id_habilidade, id_faixa_ano) values (342, 11);
insert into habilidade_faixa_ano (id_habilidade, id_faixa_ano) values (343, 11);
insert into habilidade_faixa_ano (id_habilidade, id_faixa_ano) values (344, 11);
insert into habilidade_faixa_ano (id_habilidade, id_faixa_ano) values (345, 11);
insert into habilidade_faixa_ano (id_habilidade, id_faixa_ano) values (346, 11);
insert into habilidade_faixa_ano (id_habilidade, id_faixa_ano) values (347, 11);
insert into habilidade_faixa_ano (id_habilidade, id_faixa_ano) values (348, 11);
insert into habilidade_faixa_ano (id_habilidade, id_faixa_ano) values (349, 11);
insert into habilidade_faixa_ano (id_habilidade, id_faixa_ano) values (350, 11);
insert into habilidade_faixa_ano (id_habilidade, id_faixa_ano) values (351, 11);
insert into habilidade_faixa_ano (id_habilidade, id_faixa_ano) values (352, 11);
insert into habilidade_faixa_ano (id_habilidade, id_faixa_ano) values (353, 11);
insert into habilidade_faixa_ano (id_habilidade, id_faixa_ano) values (354, 11);
insert into habilidade_faixa_ano (id_habilidade, id_faixa_ano) values (355, 11);
insert into habilidade_faixa_ano (id_habilidade, id_faixa_ano) values (356, 11);
insert into habilidade_faixa_ano (id_habilidade, id_faixa_ano) values (357, 11);
insert into habilidade_faixa_ano (id_habilidade, id_faixa_ano) values (358, 11);
insert into habilidade_faixa_ano (id_habilidade, id_faixa_ano) values (359, 11);
insert into habilidade_faixa_ano (id_habilidade, id_faixa_ano) values (360, 11);
insert into habilidade_faixa_ano (id_habilidade, id_faixa_ano) values (361, 11);
insert into habilidade_faixa_ano (id_habilidade, id_faixa_ano) values (362, 11);
insert into habilidade_faixa_ano (id_habilidade, id_faixa_ano) values (363, 11);
insert into habilidade_faixa_ano (id_habilidade, id_faixa_ano) values (364, 11);
insert into habilidade_faixa_ano (id_habilidade, id_faixa_ano) values (365, 11);
insert into habilidade_faixa_ano (id_habilidade, id_faixa_ano) values (366, 11);
insert into habilidade_faixa_ano (id_habilidade, id_faixa_ano) values (367, 11);
insert into habilidade_faixa_ano (id_habilidade, id_faixa_ano) values (368, 11);
insert into habilidade_faixa_ano (id_habilidade, id_faixa_ano) values (369, 11);
insert into habilidade_faixa_ano (id_habilidade, id_faixa_ano) values (370, 11);
insert into habilidade_faixa_ano (id_habilidade, id_faixa_ano) values (371, 11);
insert into habilidade_faixa_ano (id_habilidade, id_faixa_ano) values (372, 11);
insert into habilidade_faixa_ano (id_habilidade, id_faixa_ano) values (373, 11);
insert into habilidade_faixa_ano (id_habilidade, id_faixa_ano) values (374, 11);
insert into habilidade_faixa_ano (id_habilidade, id_faixa_ano) values (375, 11);
insert into habilidade_faixa_ano (id_habilidade, id_faixa_ano) values (376, 11);
insert into habilidade_faixa_ano (id_habilidade, id_faixa_ano) values (377, 11);
insert into habilidade_faixa_ano (id_habilidade, id_faixa_ano) values (378, 11);
insert into habilidade_faixa_ano (id_habilidade, id_faixa_ano) values (379, 11);
insert into habilidade_faixa_ano (id_habilidade, id_faixa_ano) values (257, 12);
insert into habilidade_faixa_ano (id_habilidade, id_faixa_ano) values (258, 12);
insert into habilidade_faixa_ano (id_habilidade, id_faixa_ano) values (259, 12);
insert into habilidade_faixa_ano (id_habilidade, id_faixa_ano) values (260, 12);
insert into habilidade_faixa_ano (id_habilidade, id_faixa_ano) values (261, 12);
insert into habilidade_faixa_ano (id_habilidade, id_faixa_ano) values (262, 12);
insert into habilidade_faixa_ano (id_habilidade, id_faixa_ano) values (263, 12);
insert into habilidade_faixa_ano (id_habilidade, id_faixa_ano) values (264, 12);
insert into habilidade_faixa_ano (id_habilidade, id_faixa_ano) values (265, 12);
insert into habilidade_faixa_ano (id_habilidade, id_faixa_ano) values (266, 12);
insert into habilidade_faixa_ano (id_habilidade, id_faixa_ano) values (267, 12);
insert into habilidade_faixa_ano (id_habilidade, id_faixa_ano) values (268, 12);
insert into habilidade_faixa_ano (id_habilidade, id_faixa_ano) values (269, 12);
insert into habilidade_faixa_ano (id_habilidade, id_faixa_ano) values (270, 12);
insert into habilidade_faixa_ano (id_habilidade, id_faixa_ano) values (271, 12);
insert into habilidade_faixa_ano (id_habilidade, id_faixa_ano) values (272, 12);
insert into habilidade_faixa_ano (id_habilidade, id_faixa_ano) values (273, 12);
insert into habilidade_faixa_ano (id_habilidade, id_faixa_ano) values (274, 12);
insert into habilidade_faixa_ano (id_habilidade, id_faixa_ano) values (275, 12);
insert into habilidade_faixa_ano (id_habilidade, id_faixa_ano) values (276, 12);
insert into habilidade_faixa_ano (id_habilidade, id_faixa_ano) values (277, 12);
insert into habilidade_faixa_ano (id_habilidade, id_faixa_ano) values (278, 12);
insert into habilidade_faixa_ano (id_habilidade, id_faixa_ano) values (279, 12);
insert into habilidade_faixa_ano (id_habilidade, id_faixa_ano) values (280, 12);
insert into habilidade_faixa_ano (id_habilidade, id_faixa_ano) values (281, 12);
insert into habilidade_faixa_ano (id_habilidade, id_faixa_ano) values (282, 12);
insert into habilidade_faixa_ano (id_habilidade, id_faixa_ano) values (283, 12);
insert into habilidade_faixa_ano (id_habilidade, id_faixa_ano) values (284, 12);
insert into habilidade_faixa_ano (id_habilidade, id_faixa_ano) values (285, 12);
insert into habilidade_faixa_ano (id_habilidade, id_faixa_ano) values (286, 12);
insert into habilidade_faixa_ano (id_habilidade, id_faixa_ano) values (287, 12);
insert into habilidade_faixa_ano (id_habilidade, id_faixa_ano) values (288, 12);
insert into habilidade_faixa_ano (id_habilidade, id_faixa_ano) values (289, 12);
insert into habilidade_faixa_ano (id_habilidade, id_faixa_ano) values (290, 12);
insert into habilidade_faixa_ano (id_habilidade, id_faixa_ano) values (291, 12);
insert into habilidade_faixa_ano (id_habilidade, id_faixa_ano) values (292, 12);
insert into habilidade_faixa_ano (id_habilidade, id_faixa_ano) values (293, 12);
insert into habilidade_faixa_ano (id_habilidade, id_faixa_ano) values (294, 12);
insert into habilidade_faixa_ano (id_habilidade, id_faixa_ano) values (295, 12);
insert into habilidade_faixa_ano (id_habilidade, id_faixa_ano) values (296, 12);
insert into habilidade_faixa_ano (id_habilidade, id_faixa_ano) values (297, 12);
insert into habilidade_faixa_ano (id_habilidade, id_faixa_ano) values (298, 12);
insert into habilidade_faixa_ano (id_habilidade, id_faixa_ano) values (299, 12);
insert into habilidade_faixa_ano (id_habilidade, id_faixa_ano) values (300, 12);
insert into habilidade_faixa_ano (id_habilidade, id_faixa_ano) values (301, 12);
insert into habilidade_faixa_ano (id_habilidade, id_faixa_ano) values (302, 12);
insert into habilidade_faixa_ano (id_habilidade, id_faixa_ano) values (303, 12);
insert into habilidade_faixa_ano (id_habilidade, id_faixa_ano) values (304, 12);
insert into habilidade_faixa_ano (id_habilidade, id_faixa_ano) values (305, 12);
insert into habilidade_faixa_ano (id_habilidade, id_faixa_ano) values (306, 12);
insert into habilidade_faixa_ano (id_habilidade, id_faixa_ano) values (307, 12);
insert into habilidade_faixa_ano (id_habilidade, id_faixa_ano) values (308, 12);
insert into habilidade_faixa_ano (id_habilidade, id_faixa_ano) values (309, 12);
insert into habilidade_faixa_ano (id_habilidade, id_faixa_ano) values (310, 12);
insert into habilidade_faixa_ano (id_habilidade, id_faixa_ano) values (311, 12);
insert into habilidade_faixa_ano (id_habilidade, id_faixa_ano) values (312, 12);
insert into habilidade_faixa_ano (id_habilidade, id_faixa_ano) values (343, 12);
insert into habilidade_faixa_ano (id_habilidade, id_faixa_ano) values (344, 12);
insert into habilidade_faixa_ano (id_habilidade, id_faixa_ano) values (345, 12);
insert into habilidade_faixa_ano (id_habilidade, id_faixa_ano) values (346, 12);
insert into habilidade_faixa_ano (id_habilidade, id_faixa_ano) values (347, 12);
insert into habilidade_faixa_ano (id_habilidade, id_faixa_ano) values (348, 12);
insert into habilidade_faixa_ano (id_habilidade, id_faixa_ano) values (349, 12);
insert into habilidade_faixa_ano (id_habilidade, id_faixa_ano) values (350, 12);
insert into habilidade_faixa_ano (id_habilidade, id_faixa_ano) values (351, 12);
insert into habilidade_faixa_ano (id_habilidade, id_faixa_ano) values (352, 12);
insert into habilidade_faixa_ano (id_habilidade, id_faixa_ano) values (353, 12);
insert into habilidade_faixa_ano (id_habilidade, id_faixa_ano) values (354, 12);
insert into habilidade_faixa_ano (id_habilidade, id_faixa_ano) values (355, 12);
insert into habilidade_faixa_ano (id_habilidade, id_faixa_ano) values (356, 12);
insert into habilidade_faixa_ano (id_habilidade, id_faixa_ano) values (357, 12);
insert into habilidade_faixa_ano (id_habilidade, id_faixa_ano) values (358, 12);
insert into habilidade_faixa_ano (id_habilidade, id_faixa_ano) values (359, 12);
insert into habilidade_faixa_ano (id_habilidade, id_faixa_ano) values (360, 12);
insert into habilidade_faixa_ano (id_habilidade, id_faixa_ano) values (361, 12);
insert into habilidade_faixa_ano (id_habilidade, id_faixa_ano) values (362, 12);
insert into habilidade_faixa_ano (id_habilidade, id_faixa_ano) values (363, 12);
insert into habilidade_faixa_ano (id_habilidade, id_faixa_ano) values (364, 12);
insert into habilidade_faixa_ano (id_habilidade, id_faixa_ano) values (365, 12);
insert into habilidade_faixa_ano (id_habilidade, id_faixa_ano) values (366, 12);
insert into habilidade_faixa_ano (id_habilidade, id_faixa_ano) values (367, 12);
insert into habilidade_faixa_ano (id_habilidade, id_faixa_ano) values (368, 12);
insert into habilidade_faixa_ano (id_habilidade, id_faixa_ano) values (369, 12);
insert into habilidade_faixa_ano (id_habilidade, id_faixa_ano) values (370, 12);
insert into habilidade_faixa_ano (id_habilidade, id_faixa_ano) values (371, 12);
insert into habilidade_faixa_ano (id_habilidade, id_faixa_ano) values (372, 12);
insert into habilidade_faixa_ano (id_habilidade, id_faixa_ano) values (373, 12);
insert into habilidade_faixa_ano (id_habilidade, id_faixa_ano) values (374, 12);
insert into habilidade_faixa_ano (id_habilidade, id_faixa_ano) values (375, 12);
insert into habilidade_faixa_ano (id_habilidade, id_faixa_ano) values (376, 12);
insert into habilidade_faixa_ano (id_habilidade, id_faixa_ano) values (377, 12);
insert into habilidade_faixa_ano (id_habilidade, id_faixa_ano) values (378, 12);
insert into habilidade_faixa_ano (id_habilidade, id_faixa_ano) values (379, 12);
insert into habilidade_faixa_ano (id_habilidade, id_faixa_ano) values (380, 12);
insert into habilidade_faixa_ano (id_habilidade, id_faixa_ano) values (381, 12);
insert into habilidade_faixa_ano (id_habilidade, id_faixa_ano) values (382, 12);
insert into habilidade_faixa_ano (id_habilidade, id_faixa_ano) values (383, 12);
insert into habilidade_faixa_ano (id_habilidade, id_faixa_ano) values (384, 12);
insert into habilidade_faixa_ano (id_habilidade, id_faixa_ano) values (385, 12);
insert into habilidade_faixa_ano (id_habilidade, id_faixa_ano) values (386, 12);
insert into habilidade_faixa_ano (id_habilidade, id_faixa_ano) values (387, 12);
insert into habilidade_faixa_ano (id_habilidade, id_faixa_ano) values (388, 12);
insert into habilidade_faixa_ano (id_habilidade, id_faixa_ano) values (389, 12);
insert into habilidade_faixa_ano (id_habilidade, id_faixa_ano) values (390, 12);
insert into habilidade_faixa_ano (id_habilidade, id_faixa_ano) values (391, 12);

insert into habilidade (id, id_componente, codigo, bncc, ativo, descricao, campo_atuacao, pratica_liguagem, objeto_conhecimento, unidade_tematica) values (392, 7, 'EF15AR01', true, true, 'Identificar e apreciar formas distintas das artes visuais tradicionais e contemporâneas, cultivando a percepção, o imaginário, a capacidade de simbolizar e o repertório imagético', Null, Null, 'Contextos e práticas', 'Artes visuais');
insert into habilidade (id, id_componente, codigo, bncc, ativo, descricao, campo_atuacao, pratica_liguagem, objeto_conhecimento, unidade_tematica) values (393, 7, 'EF15AR02', true, true, 'Explorar e reconhecer elementos constitutivos das artes visuais (ponto, linha, forma, cor, espaço, movimento etc)', Null, Null, 'Elementos da linguagem', 'Artes visuais');
insert into habilidade (id, id_componente, codigo, bncc, ativo, descricao, campo_atuacao, pratica_liguagem, objeto_conhecimento, unidade_tematica) values (394, 7, 'EF15AR03', true, true, 'Reconhecer e analisar a influência de distintas matrizes estéticas e culturais das artes visuais nas manifestações artísticas das culturas locais, regionais e nacionais', Null, Null, 'Matrizes estéticas e culturais', 'Artes visuais');
insert into habilidade (id, id_componente, codigo, bncc, ativo, descricao, campo_atuacao, pratica_liguagem, objeto_conhecimento, unidade_tematica) values (395, 7, 'EF15AR04', true, true, 'Experimentar diferentes formas de expressão artística (desenho, pintura, colagem, quadrinhos, dobradura, escultura, modelagem, instalação, vídeo, fotografia etc), fazendo uso sustentável de materiais, instrumentos, recursos e técnicas convencionais e não convencionais', Null, Null, 'Materialidades', 'Artes visuais');
insert into habilidade (id, id_componente, codigo, bncc, ativo, descricao, campo_atuacao, pratica_liguagem, objeto_conhecimento, unidade_tematica) values (396, 7, 'EF15AR05', true, true, 'Experimentar a criação em artes visuais de modo individual, coletivo e colaborativo, explorando diferentes espaços da escola e da comunidade', Null, Null, 'Processos de criação', 'Artes visuais');
insert into habilidade (id, id_componente, codigo, bncc, ativo, descricao, campo_atuacao, pratica_liguagem, objeto_conhecimento, unidade_tematica) values (397, 7, 'EF15AR06', true, true, 'Dialogar sobre a sua criação e as dos colegas, para alcançar sentidos plurais', Null, Null, 'Processos de criação', 'Artes visuais');
insert into habilidade (id, id_componente, codigo, bncc, ativo, descricao, campo_atuacao, pratica_liguagem, objeto_conhecimento, unidade_tematica) values (398, 7, 'EF15AR07', true, true, 'Reconhecer algumas categorias do sistema das artes visuais (museus, galerias, instituições, artistas, artesãos, curadores etc)', Null, Null, 'Sistemas da linguagem', 'Artes visuais');
insert into habilidade (id, id_componente, codigo, bncc, ativo, descricao, campo_atuacao, pratica_liguagem, objeto_conhecimento, unidade_tematica) values (399, 7, 'EF15AR08', true, true, 'Experimentar e apreciar formas distintas de manifestações da dança presentes em diferentes contextos, cultivando a percepção, o imaginário, a capacidade de simbolizar e o repertório corporal', Null, Null, 'Contextos e práticas', 'Dança');
insert into habilidade (id, id_componente, codigo, bncc, ativo, descricao, campo_atuacao, pratica_liguagem, objeto_conhecimento, unidade_tematica) values (400, 7, 'EF15AR09', true, true, 'Estabelecer relações entre as partes do corpo e destas com o todo corporal na construção do movimento dançado', Null, Null, 'Elementos da linguagem', 'Dança');
insert into habilidade (id, id_componente, codigo, bncc, ativo, descricao, campo_atuacao, pratica_liguagem, objeto_conhecimento, unidade_tematica) values (401, 7, 'EF15AR10', true, true, 'Experimentar diferentes formas de orientação no espaço (deslocamentos, planos, direções, caminhos etc) e ritmos de movimento (lento, moderado e rápido) na construção do movimento dançado', Null, Null, 'Elementos da linguagem', 'Dança');
insert into habilidade (id, id_componente, codigo, bncc, ativo, descricao, campo_atuacao, pratica_liguagem, objeto_conhecimento, unidade_tematica) values (402, 7, 'EF15AR11', true, true, 'Criar e improvisar movimentos dançados de modo individual, coletivo e colaborativo, considerando os aspectos estruturais, dinâmicos e expressivos dos elementos constitutivos do movimento, com base nos códigos de dança', Null, Null, 'Processos de criação', 'Dança');
insert into habilidade (id, id_componente, codigo, bncc, ativo, descricao, campo_atuacao, pratica_liguagem, objeto_conhecimento, unidade_tematica) values (403, 7, 'EF15AR12', true, true, 'Discutir, com respeito e sem preconceito, as experiências pessoais e coletivas em dança vivenciadas na escola, como fonte para a construção de vocabulários e repertórios próprios', Null, Null, 'Processos de criação', 'Dança');
insert into habilidade (id, id_componente, codigo, bncc, ativo, descricao, campo_atuacao, pratica_liguagem, objeto_conhecimento, unidade_tematica) values (404, 7, 'EF15AR13', true, true, 'Identificar e apreciar criticamente diversas formas e gêneros de expressão musical, reconhecendo e analisando os usos e as funções da música em diversos contextos de circulação, em especial, aqueles da vida cotidiana', Null, Null, 'Contextos e práticas', 'Música');
insert into habilidade (id, id_componente, codigo, bncc, ativo, descricao, campo_atuacao, pratica_liguagem, objeto_conhecimento, unidade_tematica) values (405, 7, 'EF15AR14', true, true, 'Perceber e explorar os elementos constitutivos da música (altura, intensidade, timbre, melodia, ritmo etc), por meio de jogos, brincadeiras, canções e práticas diversas de composição/criação, execução e apreciação musical', Null, Null, 'Elementos da linguagem', 'Música');
insert into habilidade (id, id_componente, codigo, bncc, ativo, descricao, campo_atuacao, pratica_liguagem, objeto_conhecimento, unidade_tematica) values (406, 7, 'EF15AR15', true, true, 'Explorar fontes sonoras diversas, como as existentes no próprio corpo (palmas, voz, percussão corporal), na natureza e em objetos cotidianos, reconhecendo os elementos constitutivos da música e as características de instrumentos musicais variados', Null, Null, 'Materialidades', 'Música');
insert into habilidade (id, id_componente, codigo, bncc, ativo, descricao, campo_atuacao, pratica_liguagem, objeto_conhecimento, unidade_tematica) values (407, 7, 'EF15AR16', true, true, 'Explorar diferentes formas de registro musical não convencional (representação gráfica de sons, partituras criativas etc), bem como procedimentos e técnicas de registro em áudio e audiovisual, e reconhecer a notação musical convencional', Null, Null, 'Notação e registro musical', 'Música');
insert into habilidade (id, id_componente, codigo, bncc, ativo, descricao, campo_atuacao, pratica_liguagem, objeto_conhecimento, unidade_tematica) values (408, 7, 'EF15AR17', true, true, 'Experimentar improvisações, composições e sonorização de histórias, entre outros, utilizando vozes, sons corporais e/ou instrumentos musicais convencionais ou não convencionais, de modo individual, coletivo e colaborativo', Null, Null, 'Processos de criação', 'Música');
insert into habilidade (id, id_componente, codigo, bncc, ativo, descricao, campo_atuacao, pratica_liguagem, objeto_conhecimento, unidade_tematica) values (409, 7, 'EF15AR18', true, true, 'Reconhecer e apreciar formas distintas de manifestações do teatro presentes em diferentes contextos, aprendendo a ver e a ouvir histórias dramatizadas e cultivando a percepção, o imaginário, a capacidade de simbolizar e o repertório ficcional', Null, Null, 'Contextos e práticas', 'Teatro');
insert into habilidade (id, id_componente, codigo, bncc, ativo, descricao, campo_atuacao, pratica_liguagem, objeto_conhecimento, unidade_tematica) values (410, 7, 'EF15AR19', true, true, 'Descobrir teatralidades na vida cotidiana, identificando elementos teatrais (variadas entonações de voz, diferentes fisicalidades, diversidade de personagens e narrativas etc)', Null, Null, 'Elementos da linguagem', 'Teatro');
insert into habilidade (id, id_componente, codigo, bncc, ativo, descricao, campo_atuacao, pratica_liguagem, objeto_conhecimento, unidade_tematica) values (411, 7, 'EF15AR20', true, true, 'Experimentar o trabalho colaborativo, coletivo e autoral em improvisações teatrais e processos narrativos criativos em teatro, explorando desde a teatralidade dos gestos e das ações do cotidiano até elementos de diferentes matrizes estéticas e culturais', Null, Null, 'Processos de criação', 'Teatro');
insert into habilidade (id, id_componente, codigo, bncc, ativo, descricao, campo_atuacao, pratica_liguagem, objeto_conhecimento, unidade_tematica) values (412, 7, 'EF15AR21', true, true, 'Exercitar a imitação e o faz de conta, ressignificando objetos e fatos e experimentando-se no lugar do outro, ao compor e encenar acontecimentos cênicos, por meio de músicas, imagens, textos ou outros pontos de partida, de forma intencional e reflexiva', Null, Null, 'Processos de criação', 'Teatro');
insert into habilidade (id, id_componente, codigo, bncc, ativo, descricao, campo_atuacao, pratica_liguagem, objeto_conhecimento, unidade_tematica) values (413, 7, 'EF15AR22', true, true, 'Experimentar possibilidades criativas de movimento e de voz na criação de um personagem teatral, discutindo estereótipos', Null, Null, 'Processos de criação', 'Teatro');
insert into habilidade (id, id_componente, codigo, bncc, ativo, descricao, campo_atuacao, pratica_liguagem, objeto_conhecimento, unidade_tematica) values (414, 7, 'EF15AR23', true, true, 'Reconhecer e experimentar, em projetos temáticos, as relações processuais entre diversas linguagens artísticas', Null, Null, 'Processos de criação', 'Artes integradas');
insert into habilidade (id, id_componente, codigo, bncc, ativo, descricao, campo_atuacao, pratica_liguagem, objeto_conhecimento, unidade_tematica) values (415, 7, 'EF15AR24', true, true, 'Caracterizar e experimentar brinquedos, brincadeiras, jogos, danças, canções e histórias de diferentes matrizes estéticas e culturais', Null, Null, 'Matrizes estéticas e culturais', 'Artes integradas');
insert into habilidade (id, id_componente, codigo, bncc, ativo, descricao, campo_atuacao, pratica_liguagem, objeto_conhecimento, unidade_tematica) values (416, 7, 'EF15AR25', true, true, 'Conhecer e valorizar o patrimônio cultural, material e imaterial, de culturas diversas, em especial a brasileira, incluindo-se suas matrizes indígenas, africanas e europeias, de diferentes épocas, favorecendo a construção de vocabulário e repertório relativos às diferentes linguagens artísticas', Null, Null, 'Patrimônio cultural', 'Artes integradas');
insert into habilidade (id, id_componente, codigo, bncc, ativo, descricao, campo_atuacao, pratica_liguagem, objeto_conhecimento, unidade_tematica) values (417, 7, 'EF15AR26', true, true, 'Explorar diferentes tecnologias e recursos digitais (multimeios, animações, jogos eletrônicos, gravações em áudio e vídeo, fotografia, softwares etc) nos processos de criação artística', Null, Null, 'Arte e tecnologia', 'Artes integradas');
insert into habilidade (id, id_componente, codigo, bncc, ativo, descricao, campo_atuacao, pratica_liguagem, objeto_conhecimento, unidade_tematica) values (418, 7, 'EF69AR01', true, true, 'Pesquisar, apreciar e analisar formas distintas das artes visuais tradicionais e contemporâneas, em obras de artistas brasileiros e estrangeiros de diferentes épocas e em diferentes matrizes estéticas e culturais, de modo a ampliar a experiência com diferentes contextos e práticas artístico-visuais e cultivar a percepção, o imaginário, a capacidade de simbolizar e o repertório imagético', Null, Null, 'Contextos e práticas', 'Artes visuais');
insert into habilidade (id, id_componente, codigo, bncc, ativo, descricao, campo_atuacao, pratica_liguagem, objeto_conhecimento, unidade_tematica) values (419, 7, 'EF69AR02', true, true, 'Pesquisar e analisar diferentes estilos visuais, contextualizando-os no tempo e no espaço', Null, Null, 'Contextos e práticas', 'Artes visuais');
insert into habilidade (id, id_componente, codigo, bncc, ativo, descricao, campo_atuacao, pratica_liguagem, objeto_conhecimento, unidade_tematica) values (420, 7, 'EF69AR03', true, true, 'Analisar situações nas quais as linguagens das artes visuais se integram às linguagens audiovisuais (cinema, animações, vídeos etc), gráficas (capas de livros, ilustrações de textos diversos etc), cenográficas, coreográficas, musicais etc', Null, Null, 'Contextos e práticas', 'Artes visuais');
insert into habilidade (id, id_componente, codigo, bncc, ativo, descricao, campo_atuacao, pratica_liguagem, objeto_conhecimento, unidade_tematica) values (421, 7, 'EF69AR04', true, true, 'Analisar os elementos constitutivos das artes visuais (ponto, linha, forma, direção, cor, tom, escala, dimensão, espaço, movimento etc) na apreciação de diferentes produções artísticas', Null, Null, 'Elementos da linguagem', 'Artes visuais');
insert into habilidade (id, id_componente, codigo, bncc, ativo, descricao, campo_atuacao, pratica_liguagem, objeto_conhecimento, unidade_tematica) values (422, 7, 'EF69AR05', true, true, 'Experimentar e analisar diferentes formas de expressão artística (desenho, pintura, colagem, quadrinhos, dobradura, escultura, modelagem, instalação, vídeo, fotografia, performance etc)', Null, Null, 'Materialidades', 'Artes visuais');
insert into habilidade (id, id_componente, codigo, bncc, ativo, descricao, campo_atuacao, pratica_liguagem, objeto_conhecimento, unidade_tematica) values (423, 7, 'EF69AR06', true, true, 'Desenvolver processos de criação em artes visuais, com base em temas ou interesses artísticos, de modo individual, coletivo e colaborativo, fazendo uso de materiais, instrumentos e recursos convencionais, alternativos e digitais', Null, Null, 'Processos de criação', 'Artes visuais');
insert into habilidade (id, id_componente, codigo, bncc, ativo, descricao, campo_atuacao, pratica_liguagem, objeto_conhecimento, unidade_tematica) values (424, 7, 'EF69AR07', true, true, 'Dialogar com princípios conceituais, proposições temáticas, repertórios imagéticos e processos de criação nas suas produções visuais', Null, Null, 'Processos de criação', 'Artes visuais');
insert into habilidade (id, id_componente, codigo, bncc, ativo, descricao, campo_atuacao, pratica_liguagem, objeto_conhecimento, unidade_tematica) values (425, 7, 'EF69AR08', true, true, 'Diferenciar as categorias de artista, artesão, produtor cultural, curador, designer, entre outras, estabelecendo relações entre os profissionais do sistema das artes visuais', Null, Null, 'Sistemas da linguagem', 'Artes visuais');
insert into habilidade (id, id_componente, codigo, bncc, ativo, descricao, campo_atuacao, pratica_liguagem, objeto_conhecimento, unidade_tematica) values (426, 7, 'EF69AR09', true, true, 'Pesquisar e analisar diferentes formas de expressão, representação e encenação da dança, reconhecendo e apreciando composições de dança de artistas e grupos brasileiros e estrangeiros de diferentes épocas', Null, Null, 'Contextos e práticas', 'Dança');
insert into habilidade (id, id_componente, codigo, bncc, ativo, descricao, campo_atuacao, pratica_liguagem, objeto_conhecimento, unidade_tematica) values (427, 7, 'EF69AR10', true, true, 'Explorar elementos constitutivos do movimento cotidiano e do movimento dançado, abordando, criticamente, o desenvolvimento das formas da dança em sua história tradicional e contemporânea', Null, Null, 'Elementos da linguagem', 'Dança');
insert into habilidade (id, id_componente, codigo, bncc, ativo, descricao, campo_atuacao, pratica_liguagem, objeto_conhecimento, unidade_tematica) values (428, 7, 'EF69AR11', true, true, 'Experimentar e analisar os fatores de movimento (tempo, peso, fluência e espaço) como elementos que, combinados, geram as ações corporais e o movimento dançado', Null, Null, 'Elementos da linguagem', 'Dança');
insert into habilidade (id, id_componente, codigo, bncc, ativo, descricao, campo_atuacao, pratica_liguagem, objeto_conhecimento, unidade_tematica) values (429, 7, 'EF69AR12', true, true, 'Investigar e experimentar procedimentos de improvisação e criação do movimento como fonte para a construção de vocabulários e repertórios próprios', Null, Null, 'Processos de criação', 'Dança');
insert into habilidade (id, id_componente, codigo, bncc, ativo, descricao, campo_atuacao, pratica_liguagem, objeto_conhecimento, unidade_tematica) values (430, 7, 'EF69AR13', true, true, 'Investigar brincadeiras, jogos, danças coletivas e outras práticas de dança de diferentes matrizes estéticas e culturais como referência para a criação e a composição de danças autorais, individualmente e em grupo', Null, Null, 'Processos de criação', 'Dança');
insert into habilidade (id, id_componente, codigo, bncc, ativo, descricao, campo_atuacao, pratica_liguagem, objeto_conhecimento, unidade_tematica) values (431, 7, 'EF69AR14', true, true, 'Analisar e experimentar diferentes elementos (figurino, iluminação, cenário, trilha sonora etc) e espaços (convencionais e não convencionais) para composição cênica e apresentação coreográfica', Null, Null, 'Processos de criação', 'Dança');
insert into habilidade (id, id_componente, codigo, bncc, ativo, descricao, campo_atuacao, pratica_liguagem, objeto_conhecimento, unidade_tematica) values (432, 7, 'EF69AR15', true, true, 'Discutir as experiências pessoais e coletivas em dança vivenciadas na escola e em outros contextos, problematizando estereótipos e preconceitos', Null, Null, 'Processos de criação', 'Dança');
insert into habilidade (id, id_componente, codigo, bncc, ativo, descricao, campo_atuacao, pratica_liguagem, objeto_conhecimento, unidade_tematica) values (433, 7, 'EF69AR16', true, true, 'Analisar criticamente, por meio da apreciação musical, usos e funções da música em seus contextos de produção e circulação, relacionando as práticas musicais às diferentes dimensões da vida social, cultural, política, histórica, econômica, estética e ética', Null, Null, 'Contextos e práticas', 'Música');
insert into habilidade (id, id_componente, codigo, bncc, ativo, descricao, campo_atuacao, pratica_liguagem, objeto_conhecimento, unidade_tematica) values (434, 7, 'EF69AR17', true, true, 'Explorar e analisar, criticamente, diferentes meios e equipamentos culturais de circulação da música e do conhecimento musical', Null, Null, 'Contextos e práticas', 'Música');
insert into habilidade (id, id_componente, codigo, bncc, ativo, descricao, campo_atuacao, pratica_liguagem, objeto_conhecimento, unidade_tematica) values (435, 7, 'EF69AR18', true, true, 'Reconhecer e apreciar o papel de músicos e grupos de música brasileiros e estrangeiros que contribuíram para o desenvolvimento de formas e gêneros musicais', Null, Null, 'Contextos e práticas', 'Música');
insert into habilidade (id, id_componente, codigo, bncc, ativo, descricao, campo_atuacao, pratica_liguagem, objeto_conhecimento, unidade_tematica) values (436, 7, 'EF69AR19', true, true, 'Identificar e analisar diferentes estilos musicais, contextualizando-os no tempo e no espaço, de modo a aprimorar a capacidade de apreciação da estética musical', Null, Null, 'Contextos e práticas', 'Música');
insert into habilidade (id, id_componente, codigo, bncc, ativo, descricao, campo_atuacao, pratica_liguagem, objeto_conhecimento, unidade_tematica) values (437, 7, 'EF69AR20', true, true, 'Explorar e analisar elementos constitutivos da música (altura, intensidade, timbre, melodia, ritmo etc), por meio de recursos tecnológicos (games e plataformas digitais), jogos, canções e práticas diversas de composição/criação, execução e apreciação musicais', Null, Null, 'Elementos da linguagem', 'Música');
insert into habilidade (id, id_componente, codigo, bncc, ativo, descricao, campo_atuacao, pratica_liguagem, objeto_conhecimento, unidade_tematica) values (438, 7, 'EF69AR21', true, true, 'Explorar e analisar fontes e materiais sonoros em práticas de composição/criação, execução e apreciação musical, reconhecendo timbres e características de instrumentos musicais diversos', Null, Null, 'Materialidades', 'Música');
insert into habilidade (id, id_componente, codigo, bncc, ativo, descricao, campo_atuacao, pratica_liguagem, objeto_conhecimento, unidade_tematica) values (439, 7, 'EF69AR22', true, true, 'Explorar e identificar diferentes formas de registro musical (notação musical tradicional, partituras criativas e procedimentos da música contemporânea), bem como procedimentos e técnicas de registro em áudio e audiovisual', Null, Null, 'Notação e registro musical', 'Música');
insert into habilidade (id, id_componente, codigo, bncc, ativo, descricao, campo_atuacao, pratica_liguagem, objeto_conhecimento, unidade_tematica) values (440, 7, 'EF69AR23', true, true, 'Explorar e criar improvisações, composições, arranjos, jingles, trilhas sonoras, entre outros, utilizando vozes, sons corporais e/ou instrumentos acústicos ou eletrônicos, convencionais ou não convencionais, expressando ideias musicais de maneira individual, coletiva e colaborativa', Null, Null, 'Processos de criação', 'Música');
insert into habilidade (id, id_componente, codigo, bncc, ativo, descricao, campo_atuacao, pratica_liguagem, objeto_conhecimento, unidade_tematica) values (441, 7, 'EF69AR24', true, true, 'Reconhecer e apreciar artistas e grupos de teatro brasileiros e estrangeiros de diferentes épocas, investigando os modos de criação, produção, divulgação, circulação e organização da atuação profissional em teatro', Null, Null, 'Contextos e práticas', 'Teatro');
insert into habilidade (id, id_componente, codigo, bncc, ativo, descricao, campo_atuacao, pratica_liguagem, objeto_conhecimento, unidade_tematica) values (442, 7, 'EF69AR25', true, true, 'Identificar e analisar diferentes estilos cênicos, contextualizando-os no tempo e no espaço de modo a aprimorar a capacidade de apreciação da estética teatral', Null, Null, 'Contextos e práticas', 'Teatro');
insert into habilidade (id, id_componente, codigo, bncc, ativo, descricao, campo_atuacao, pratica_liguagem, objeto_conhecimento, unidade_tematica) values (443, 7, 'EF69AR26', true, true, 'Explorar diferentes elementos envolvidos na composição dos acontecimentos cênicos (figurinos, adereços, cenário, iluminação e sonoplastia) e reconhecer seus vocabulários', Null, Null, 'Elementos da linguagem', 'Teatro');
insert into habilidade (id, id_componente, codigo, bncc, ativo, descricao, campo_atuacao, pratica_liguagem, objeto_conhecimento, unidade_tematica) values (444, 7, 'EF69AR27', true, true, 'Pesquisar e criar formas de dramaturgias e espaços cênicos para o acontecimento teatral, em diálogo com o teatro contemporâneo', Null, Null, 'Processos de criação', 'Teatro');
insert into habilidade (id, id_componente, codigo, bncc, ativo, descricao, campo_atuacao, pratica_liguagem, objeto_conhecimento, unidade_tematica) values (445, 7, 'EF69AR28', true, true, 'Investigar e experimentar diferentes funções teatrais e discutir os limites e desafios do trabalho artístico coletivo e colaborativo', Null, Null, 'Processos de criação', 'Teatro');
insert into habilidade (id, id_componente, codigo, bncc, ativo, descricao, campo_atuacao, pratica_liguagem, objeto_conhecimento, unidade_tematica) values (446, 7, 'EF69AR29', true, true, 'Experimentar a gestualidade e as construções corporais e vocais de maneira imaginativa na improvisação teatral e no jogo cênico', Null, Null, 'Processos de criação', 'Teatro');
insert into habilidade (id, id_componente, codigo, bncc, ativo, descricao, campo_atuacao, pratica_liguagem, objeto_conhecimento, unidade_tematica) values (447, 7, 'EF69AR30', true, true, 'Compor improvisações e acontecimentos cênicos com base em textos dramáticos ou outros estímulos (música, imagens, objetos etc), caracterizando personagens (com figurinos e adereços), cenário, iluminação e sonoplastia e considerando a relação com o espectador', Null, Null, 'Processos de criação', 'Teatro');
insert into habilidade (id, id_componente, codigo, bncc, ativo, descricao, campo_atuacao, pratica_liguagem, objeto_conhecimento, unidade_tematica) values (448, 7, 'EF69AR31', true, true, 'Relacionar as práticas artísticas às diferentes dimensões da vida social, cultural, política, histórica, econômica, estética e ética', Null, Null, 'Contextos e práticas', 'Artes integradas');
insert into habilidade (id, id_componente, codigo, bncc, ativo, descricao, campo_atuacao, pratica_liguagem, objeto_conhecimento, unidade_tematica) values (449, 7, 'EF69AR32', true, true, 'Analisar e explorar, em projetos temáticos, as relações processuais entre diversas linguagens artísticas', Null, Null, 'Processos de criação', 'Artes integradas');
insert into habilidade (id, id_componente, codigo, bncc, ativo, descricao, campo_atuacao, pratica_liguagem, objeto_conhecimento, unidade_tematica) values (450, 7, 'EF69AR33', true, true, 'Analisar aspectos históricos, sociais e políticos da produção artística, problematizando as narrativas eurocêntricas e as diversas categorizações da arte (arte, artesanato, folclore, design etc)', Null, Null, 'Matrizes estéticas e culturais', 'Artes integradas');
insert into habilidade (id, id_componente, codigo, bncc, ativo, descricao, campo_atuacao, pratica_liguagem, objeto_conhecimento, unidade_tematica) values (451, 7, 'EF69AR34', true, true, 'Analisar e valorizar o patrimônio cultural, material e imaterial, de culturas diversas, em especial a brasileira, incluindo suas matrizes indígenas, africanas e europeias, de diferentes épocas, e favorecendo a construção de vocabulário e repertório relativos às diferentes linguagens artísticas', Null, Null, 'Patrimônio cultural', 'Artes integradas');
insert into habilidade (id, id_componente, codigo, bncc, ativo, descricao, campo_atuacao, pratica_liguagem, objeto_conhecimento, unidade_tematica) values (452, 7, 'EF69AR35', true, true, 'Identificar e manipular diferentes tecnologias e recursos digitais para acessar, apreciar, produzir, registrar e compartilhar práticas e repertórios artísticos, de modo reflexivo, ético e responsável', Null, Null, 'Arte e tecnologia', 'Artes integradas');

insert into habilidade_faixa_ano (id_habilidade, id_faixa_ano) values (392, 4);
insert into habilidade_faixa_ano (id_habilidade, id_faixa_ano) values (393, 4);
insert into habilidade_faixa_ano (id_habilidade, id_faixa_ano) values (394, 4);
insert into habilidade_faixa_ano (id_habilidade, id_faixa_ano) values (395, 4);
insert into habilidade_faixa_ano (id_habilidade, id_faixa_ano) values (396, 4);
insert into habilidade_faixa_ano (id_habilidade, id_faixa_ano) values (397, 4);
insert into habilidade_faixa_ano (id_habilidade, id_faixa_ano) values (398, 4);
insert into habilidade_faixa_ano (id_habilidade, id_faixa_ano) values (399, 4);
insert into habilidade_faixa_ano (id_habilidade, id_faixa_ano) values (400, 4);
insert into habilidade_faixa_ano (id_habilidade, id_faixa_ano) values (401, 4);
insert into habilidade_faixa_ano (id_habilidade, id_faixa_ano) values (402, 4);
insert into habilidade_faixa_ano (id_habilidade, id_faixa_ano) values (403, 4);
insert into habilidade_faixa_ano (id_habilidade, id_faixa_ano) values (404, 4);
insert into habilidade_faixa_ano (id_habilidade, id_faixa_ano) values (405, 4);
insert into habilidade_faixa_ano (id_habilidade, id_faixa_ano) values (406, 4);
insert into habilidade_faixa_ano (id_habilidade, id_faixa_ano) values (407, 4);
insert into habilidade_faixa_ano (id_habilidade, id_faixa_ano) values (408, 4);
insert into habilidade_faixa_ano (id_habilidade, id_faixa_ano) values (409, 4);
insert into habilidade_faixa_ano (id_habilidade, id_faixa_ano) values (410, 4);
insert into habilidade_faixa_ano (id_habilidade, id_faixa_ano) values (411, 4);
insert into habilidade_faixa_ano (id_habilidade, id_faixa_ano) values (412, 4);
insert into habilidade_faixa_ano (id_habilidade, id_faixa_ano) values (413, 4);
insert into habilidade_faixa_ano (id_habilidade, id_faixa_ano) values (414, 4);
insert into habilidade_faixa_ano (id_habilidade, id_faixa_ano) values (415, 4);
insert into habilidade_faixa_ano (id_habilidade, id_faixa_ano) values (416, 4);
insert into habilidade_faixa_ano (id_habilidade, id_faixa_ano) values (417, 4);
insert into habilidade_faixa_ano (id_habilidade, id_faixa_ano) values (392, 5);
insert into habilidade_faixa_ano (id_habilidade, id_faixa_ano) values (393, 5);
insert into habilidade_faixa_ano (id_habilidade, id_faixa_ano) values (394, 5);
insert into habilidade_faixa_ano (id_habilidade, id_faixa_ano) values (395, 5);
insert into habilidade_faixa_ano (id_habilidade, id_faixa_ano) values (396, 5);
insert into habilidade_faixa_ano (id_habilidade, id_faixa_ano) values (397, 5);
insert into habilidade_faixa_ano (id_habilidade, id_faixa_ano) values (398, 5);
insert into habilidade_faixa_ano (id_habilidade, id_faixa_ano) values (399, 5);
insert into habilidade_faixa_ano (id_habilidade, id_faixa_ano) values (400, 5);
insert into habilidade_faixa_ano (id_habilidade, id_faixa_ano) values (401, 5);
insert into habilidade_faixa_ano (id_habilidade, id_faixa_ano) values (402, 5);
insert into habilidade_faixa_ano (id_habilidade, id_faixa_ano) values (403, 5);
insert into habilidade_faixa_ano (id_habilidade, id_faixa_ano) values (404, 5);
insert into habilidade_faixa_ano (id_habilidade, id_faixa_ano) values (405, 5);
insert into habilidade_faixa_ano (id_habilidade, id_faixa_ano) values (406, 5);
insert into habilidade_faixa_ano (id_habilidade, id_faixa_ano) values (407, 5);
insert into habilidade_faixa_ano (id_habilidade, id_faixa_ano) values (408, 5);
insert into habilidade_faixa_ano (id_habilidade, id_faixa_ano) values (409, 5);
insert into habilidade_faixa_ano (id_habilidade, id_faixa_ano) values (410, 5);
insert into habilidade_faixa_ano (id_habilidade, id_faixa_ano) values (411, 5);
insert into habilidade_faixa_ano (id_habilidade, id_faixa_ano) values (412, 5);
insert into habilidade_faixa_ano (id_habilidade, id_faixa_ano) values (413, 5);
insert into habilidade_faixa_ano (id_habilidade, id_faixa_ano) values (414, 5);
insert into habilidade_faixa_ano (id_habilidade, id_faixa_ano) values (415, 5);
insert into habilidade_faixa_ano (id_habilidade, id_faixa_ano) values (416, 5);
insert into habilidade_faixa_ano (id_habilidade, id_faixa_ano) values (417, 5);
insert into habilidade_faixa_ano (id_habilidade, id_faixa_ano) values (392, 6);
insert into habilidade_faixa_ano (id_habilidade, id_faixa_ano) values (393, 6);
insert into habilidade_faixa_ano (id_habilidade, id_faixa_ano) values (394, 6);
insert into habilidade_faixa_ano (id_habilidade, id_faixa_ano) values (395, 6);
insert into habilidade_faixa_ano (id_habilidade, id_faixa_ano) values (396, 6);
insert into habilidade_faixa_ano (id_habilidade, id_faixa_ano) values (397, 6);
insert into habilidade_faixa_ano (id_habilidade, id_faixa_ano) values (398, 6);
insert into habilidade_faixa_ano (id_habilidade, id_faixa_ano) values (399, 6);
insert into habilidade_faixa_ano (id_habilidade, id_faixa_ano) values (400, 6);
insert into habilidade_faixa_ano (id_habilidade, id_faixa_ano) values (401, 6);
insert into habilidade_faixa_ano (id_habilidade, id_faixa_ano) values (402, 6);
insert into habilidade_faixa_ano (id_habilidade, id_faixa_ano) values (403, 6);
insert into habilidade_faixa_ano (id_habilidade, id_faixa_ano) values (404, 6);
insert into habilidade_faixa_ano (id_habilidade, id_faixa_ano) values (405, 6);
insert into habilidade_faixa_ano (id_habilidade, id_faixa_ano) values (406, 6);
insert into habilidade_faixa_ano (id_habilidade, id_faixa_ano) values (407, 6);
insert into habilidade_faixa_ano (id_habilidade, id_faixa_ano) values (408, 6);
insert into habilidade_faixa_ano (id_habilidade, id_faixa_ano) values (409, 6);
insert into habilidade_faixa_ano (id_habilidade, id_faixa_ano) values (410, 6);
insert into habilidade_faixa_ano (id_habilidade, id_faixa_ano) values (411, 6);
insert into habilidade_faixa_ano (id_habilidade, id_faixa_ano) values (412, 6);
insert into habilidade_faixa_ano (id_habilidade, id_faixa_ano) values (413, 6);
insert into habilidade_faixa_ano (id_habilidade, id_faixa_ano) values (414, 6);
insert into habilidade_faixa_ano (id_habilidade, id_faixa_ano) values (415, 6);
insert into habilidade_faixa_ano (id_habilidade, id_faixa_ano) values (416, 6);
insert into habilidade_faixa_ano (id_habilidade, id_faixa_ano) values (417, 6);
insert into habilidade_faixa_ano (id_habilidade, id_faixa_ano) values (392, 7);
insert into habilidade_faixa_ano (id_habilidade, id_faixa_ano) values (393, 7);
insert into habilidade_faixa_ano (id_habilidade, id_faixa_ano) values (394, 7);
insert into habilidade_faixa_ano (id_habilidade, id_faixa_ano) values (395, 7);
insert into habilidade_faixa_ano (id_habilidade, id_faixa_ano) values (396, 7);
insert into habilidade_faixa_ano (id_habilidade, id_faixa_ano) values (397, 7);
insert into habilidade_faixa_ano (id_habilidade, id_faixa_ano) values (398, 7);
insert into habilidade_faixa_ano (id_habilidade, id_faixa_ano) values (399, 7);
insert into habilidade_faixa_ano (id_habilidade, id_faixa_ano) values (400, 7);
insert into habilidade_faixa_ano (id_habilidade, id_faixa_ano) values (401, 7);
insert into habilidade_faixa_ano (id_habilidade, id_faixa_ano) values (402, 7);
insert into habilidade_faixa_ano (id_habilidade, id_faixa_ano) values (403, 7);
insert into habilidade_faixa_ano (id_habilidade, id_faixa_ano) values (404, 7);
insert into habilidade_faixa_ano (id_habilidade, id_faixa_ano) values (405, 7);
insert into habilidade_faixa_ano (id_habilidade, id_faixa_ano) values (406, 7);
insert into habilidade_faixa_ano (id_habilidade, id_faixa_ano) values (407, 7);
insert into habilidade_faixa_ano (id_habilidade, id_faixa_ano) values (408, 7);
insert into habilidade_faixa_ano (id_habilidade, id_faixa_ano) values (409, 7);
insert into habilidade_faixa_ano (id_habilidade, id_faixa_ano) values (410, 7);
insert into habilidade_faixa_ano (id_habilidade, id_faixa_ano) values (411, 7);
insert into habilidade_faixa_ano (id_habilidade, id_faixa_ano) values (412, 7);
insert into habilidade_faixa_ano (id_habilidade, id_faixa_ano) values (413, 7);
insert into habilidade_faixa_ano (id_habilidade, id_faixa_ano) values (414, 7);
insert into habilidade_faixa_ano (id_habilidade, id_faixa_ano) values (415, 7);
insert into habilidade_faixa_ano (id_habilidade, id_faixa_ano) values (416, 7);
insert into habilidade_faixa_ano (id_habilidade, id_faixa_ano) values (417, 7);
insert into habilidade_faixa_ano (id_habilidade, id_faixa_ano) values (392, 8);
insert into habilidade_faixa_ano (id_habilidade, id_faixa_ano) values (393, 8);
insert into habilidade_faixa_ano (id_habilidade, id_faixa_ano) values (394, 8);
insert into habilidade_faixa_ano (id_habilidade, id_faixa_ano) values (395, 8);
insert into habilidade_faixa_ano (id_habilidade, id_faixa_ano) values (396, 8);
insert into habilidade_faixa_ano (id_habilidade, id_faixa_ano) values (397, 8);
insert into habilidade_faixa_ano (id_habilidade, id_faixa_ano) values (398, 8);
insert into habilidade_faixa_ano (id_habilidade, id_faixa_ano) values (399, 8);
insert into habilidade_faixa_ano (id_habilidade, id_faixa_ano) values (400, 8);
insert into habilidade_faixa_ano (id_habilidade, id_faixa_ano) values (401, 8);
insert into habilidade_faixa_ano (id_habilidade, id_faixa_ano) values (402, 8);
insert into habilidade_faixa_ano (id_habilidade, id_faixa_ano) values (403, 8);
insert into habilidade_faixa_ano (id_habilidade, id_faixa_ano) values (404, 8);
insert into habilidade_faixa_ano (id_habilidade, id_faixa_ano) values (405, 8);
insert into habilidade_faixa_ano (id_habilidade, id_faixa_ano) values (406, 8);
insert into habilidade_faixa_ano (id_habilidade, id_faixa_ano) values (407, 8);
insert into habilidade_faixa_ano (id_habilidade, id_faixa_ano) values (408, 8);
insert into habilidade_faixa_ano (id_habilidade, id_faixa_ano) values (409, 8);
insert into habilidade_faixa_ano (id_habilidade, id_faixa_ano) values (410, 8);
insert into habilidade_faixa_ano (id_habilidade, id_faixa_ano) values (411, 8);
insert into habilidade_faixa_ano (id_habilidade, id_faixa_ano) values (412, 8);
insert into habilidade_faixa_ano (id_habilidade, id_faixa_ano) values (413, 8);
insert into habilidade_faixa_ano (id_habilidade, id_faixa_ano) values (414, 8);
insert into habilidade_faixa_ano (id_habilidade, id_faixa_ano) values (415, 8);
insert into habilidade_faixa_ano (id_habilidade, id_faixa_ano) values (416, 8);
insert into habilidade_faixa_ano (id_habilidade, id_faixa_ano) values (417, 8);
insert into habilidade_faixa_ano (id_habilidade, id_faixa_ano) values (418, 9);
insert into habilidade_faixa_ano (id_habilidade, id_faixa_ano) values (419, 9);
insert into habilidade_faixa_ano (id_habilidade, id_faixa_ano) values (420, 9);
insert into habilidade_faixa_ano (id_habilidade, id_faixa_ano) values (421, 9);
insert into habilidade_faixa_ano (id_habilidade, id_faixa_ano) values (422, 9);
insert into habilidade_faixa_ano (id_habilidade, id_faixa_ano) values (423, 9);
insert into habilidade_faixa_ano (id_habilidade, id_faixa_ano) values (424, 9);
insert into habilidade_faixa_ano (id_habilidade, id_faixa_ano) values (425, 9);
insert into habilidade_faixa_ano (id_habilidade, id_faixa_ano) values (426, 9);
insert into habilidade_faixa_ano (id_habilidade, id_faixa_ano) values (427, 9);
insert into habilidade_faixa_ano (id_habilidade, id_faixa_ano) values (428, 9);
insert into habilidade_faixa_ano (id_habilidade, id_faixa_ano) values (429, 9);
insert into habilidade_faixa_ano (id_habilidade, id_faixa_ano) values (430, 9);
insert into habilidade_faixa_ano (id_habilidade, id_faixa_ano) values (431, 9);
insert into habilidade_faixa_ano (id_habilidade, id_faixa_ano) values (432, 9);
insert into habilidade_faixa_ano (id_habilidade, id_faixa_ano) values (433, 9);
insert into habilidade_faixa_ano (id_habilidade, id_faixa_ano) values (434, 9);
insert into habilidade_faixa_ano (id_habilidade, id_faixa_ano) values (435, 9);
insert into habilidade_faixa_ano (id_habilidade, id_faixa_ano) values (436, 9);
insert into habilidade_faixa_ano (id_habilidade, id_faixa_ano) values (437, 9);
insert into habilidade_faixa_ano (id_habilidade, id_faixa_ano) values (438, 9);
insert into habilidade_faixa_ano (id_habilidade, id_faixa_ano) values (439, 9);
insert into habilidade_faixa_ano (id_habilidade, id_faixa_ano) values (440, 9);
insert into habilidade_faixa_ano (id_habilidade, id_faixa_ano) values (441, 9);
insert into habilidade_faixa_ano (id_habilidade, id_faixa_ano) values (442, 9);
insert into habilidade_faixa_ano (id_habilidade, id_faixa_ano) values (443, 9);
insert into habilidade_faixa_ano (id_habilidade, id_faixa_ano) values (444, 9);
insert into habilidade_faixa_ano (id_habilidade, id_faixa_ano) values (445, 9);
insert into habilidade_faixa_ano (id_habilidade, id_faixa_ano) values (446, 9);
insert into habilidade_faixa_ano (id_habilidade, id_faixa_ano) values (447, 9);
insert into habilidade_faixa_ano (id_habilidade, id_faixa_ano) values (448, 9);
insert into habilidade_faixa_ano (id_habilidade, id_faixa_ano) values (449, 9);
insert into habilidade_faixa_ano (id_habilidade, id_faixa_ano) values (450, 9);
insert into habilidade_faixa_ano (id_habilidade, id_faixa_ano) values (451, 9);
insert into habilidade_faixa_ano (id_habilidade, id_faixa_ano) values (452, 9);
insert into habilidade_faixa_ano (id_habilidade, id_faixa_ano) values (418, 10);
insert into habilidade_faixa_ano (id_habilidade, id_faixa_ano) values (419, 10);
insert into habilidade_faixa_ano (id_habilidade, id_faixa_ano) values (420, 10);
insert into habilidade_faixa_ano (id_habilidade, id_faixa_ano) values (421, 10);
insert into habilidade_faixa_ano (id_habilidade, id_faixa_ano) values (422, 10);
insert into habilidade_faixa_ano (id_habilidade, id_faixa_ano) values (423, 10);
insert into habilidade_faixa_ano (id_habilidade, id_faixa_ano) values (424, 10);
insert into habilidade_faixa_ano (id_habilidade, id_faixa_ano) values (425, 10);
insert into habilidade_faixa_ano (id_habilidade, id_faixa_ano) values (426, 10);
insert into habilidade_faixa_ano (id_habilidade, id_faixa_ano) values (427, 10);
insert into habilidade_faixa_ano (id_habilidade, id_faixa_ano) values (428, 10);
insert into habilidade_faixa_ano (id_habilidade, id_faixa_ano) values (429, 10);
insert into habilidade_faixa_ano (id_habilidade, id_faixa_ano) values (430, 10);
insert into habilidade_faixa_ano (id_habilidade, id_faixa_ano) values (431, 10);
insert into habilidade_faixa_ano (id_habilidade, id_faixa_ano) values (432, 10);
insert into habilidade_faixa_ano (id_habilidade, id_faixa_ano) values (433, 10);
insert into habilidade_faixa_ano (id_habilidade, id_faixa_ano) values (434, 10);
insert into habilidade_faixa_ano (id_habilidade, id_faixa_ano) values (435, 10);
insert into habilidade_faixa_ano (id_habilidade, id_faixa_ano) values (436, 10);
insert into habilidade_faixa_ano (id_habilidade, id_faixa_ano) values (437, 10);
insert into habilidade_faixa_ano (id_habilidade, id_faixa_ano) values (438, 10);
insert into habilidade_faixa_ano (id_habilidade, id_faixa_ano) values (439, 10);
insert into habilidade_faixa_ano (id_habilidade, id_faixa_ano) values (440, 10);
insert into habilidade_faixa_ano (id_habilidade, id_faixa_ano) values (441, 10);
insert into habilidade_faixa_ano (id_habilidade, id_faixa_ano) values (442, 10);
insert into habilidade_faixa_ano (id_habilidade, id_faixa_ano) values (443, 10);
insert into habilidade_faixa_ano (id_habilidade, id_faixa_ano) values (444, 10);
insert into habilidade_faixa_ano (id_habilidade, id_faixa_ano) values (445, 10);
insert into habilidade_faixa_ano (id_habilidade, id_faixa_ano) values (446, 10);
insert into habilidade_faixa_ano (id_habilidade, id_faixa_ano) values (447, 10);
insert into habilidade_faixa_ano (id_habilidade, id_faixa_ano) values (448, 10);
insert into habilidade_faixa_ano (id_habilidade, id_faixa_ano) values (449, 10);
insert into habilidade_faixa_ano (id_habilidade, id_faixa_ano) values (450, 10);
insert into habilidade_faixa_ano (id_habilidade, id_faixa_ano) values (451, 10);
insert into habilidade_faixa_ano (id_habilidade, id_faixa_ano) values (452, 10);
insert into habilidade_faixa_ano (id_habilidade, id_faixa_ano) values (418, 11);
insert into habilidade_faixa_ano (id_habilidade, id_faixa_ano) values (419, 11);
insert into habilidade_faixa_ano (id_habilidade, id_faixa_ano) values (420, 11);
insert into habilidade_faixa_ano (id_habilidade, id_faixa_ano) values (421, 11);
insert into habilidade_faixa_ano (id_habilidade, id_faixa_ano) values (422, 11);
insert into habilidade_faixa_ano (id_habilidade, id_faixa_ano) values (423, 11);
insert into habilidade_faixa_ano (id_habilidade, id_faixa_ano) values (424, 11);
insert into habilidade_faixa_ano (id_habilidade, id_faixa_ano) values (425, 11);
insert into habilidade_faixa_ano (id_habilidade, id_faixa_ano) values (426, 11);
insert into habilidade_faixa_ano (id_habilidade, id_faixa_ano) values (427, 11);
insert into habilidade_faixa_ano (id_habilidade, id_faixa_ano) values (428, 11);
insert into habilidade_faixa_ano (id_habilidade, id_faixa_ano) values (429, 11);
insert into habilidade_faixa_ano (id_habilidade, id_faixa_ano) values (430, 11);
insert into habilidade_faixa_ano (id_habilidade, id_faixa_ano) values (431, 11);
insert into habilidade_faixa_ano (id_habilidade, id_faixa_ano) values (432, 11);
insert into habilidade_faixa_ano (id_habilidade, id_faixa_ano) values (433, 11);
insert into habilidade_faixa_ano (id_habilidade, id_faixa_ano) values (434, 11);
insert into habilidade_faixa_ano (id_habilidade, id_faixa_ano) values (435, 11);
insert into habilidade_faixa_ano (id_habilidade, id_faixa_ano) values (436, 11);
insert into habilidade_faixa_ano (id_habilidade, id_faixa_ano) values (437, 11);
insert into habilidade_faixa_ano (id_habilidade, id_faixa_ano) values (438, 11);
insert into habilidade_faixa_ano (id_habilidade, id_faixa_ano) values (439, 11);
insert into habilidade_faixa_ano (id_habilidade, id_faixa_ano) values (440, 11);
insert into habilidade_faixa_ano (id_habilidade, id_faixa_ano) values (441, 11);
insert into habilidade_faixa_ano (id_habilidade, id_faixa_ano) values (442, 11);
insert into habilidade_faixa_ano (id_habilidade, id_faixa_ano) values (443, 11);
insert into habilidade_faixa_ano (id_habilidade, id_faixa_ano) values (444, 11);
insert into habilidade_faixa_ano (id_habilidade, id_faixa_ano) values (445, 11);
insert into habilidade_faixa_ano (id_habilidade, id_faixa_ano) values (446, 11);
insert into habilidade_faixa_ano (id_habilidade, id_faixa_ano) values (447, 11);
insert into habilidade_faixa_ano (id_habilidade, id_faixa_ano) values (448, 11);
insert into habilidade_faixa_ano (id_habilidade, id_faixa_ano) values (449, 11);
insert into habilidade_faixa_ano (id_habilidade, id_faixa_ano) values (450, 11);
insert into habilidade_faixa_ano (id_habilidade, id_faixa_ano) values (451, 11);
insert into habilidade_faixa_ano (id_habilidade, id_faixa_ano) values (452, 11);
insert into habilidade_faixa_ano (id_habilidade, id_faixa_ano) values (418, 12);
insert into habilidade_faixa_ano (id_habilidade, id_faixa_ano) values (419, 12);
insert into habilidade_faixa_ano (id_habilidade, id_faixa_ano) values (420, 12);
insert into habilidade_faixa_ano (id_habilidade, id_faixa_ano) values (421, 12);
insert into habilidade_faixa_ano (id_habilidade, id_faixa_ano) values (422, 12);
insert into habilidade_faixa_ano (id_habilidade, id_faixa_ano) values (423, 12);
insert into habilidade_faixa_ano (id_habilidade, id_faixa_ano) values (424, 12);
insert into habilidade_faixa_ano (id_habilidade, id_faixa_ano) values (425, 12);
insert into habilidade_faixa_ano (id_habilidade, id_faixa_ano) values (426, 12);
insert into habilidade_faixa_ano (id_habilidade, id_faixa_ano) values (427, 12);
insert into habilidade_faixa_ano (id_habilidade, id_faixa_ano) values (428, 12);
insert into habilidade_faixa_ano (id_habilidade, id_faixa_ano) values (429, 12);
insert into habilidade_faixa_ano (id_habilidade, id_faixa_ano) values (430, 12);
insert into habilidade_faixa_ano (id_habilidade, id_faixa_ano) values (431, 12);
insert into habilidade_faixa_ano (id_habilidade, id_faixa_ano) values (432, 12);
insert into habilidade_faixa_ano (id_habilidade, id_faixa_ano) values (433, 12);
insert into habilidade_faixa_ano (id_habilidade, id_faixa_ano) values (434, 12);
insert into habilidade_faixa_ano (id_habilidade, id_faixa_ano) values (435, 12);
insert into habilidade_faixa_ano (id_habilidade, id_faixa_ano) values (436, 12);
insert into habilidade_faixa_ano (id_habilidade, id_faixa_ano) values (437, 12);
insert into habilidade_faixa_ano (id_habilidade, id_faixa_ano) values (438, 12);
insert into habilidade_faixa_ano (id_habilidade, id_faixa_ano) values (439, 12);
insert into habilidade_faixa_ano (id_habilidade, id_faixa_ano) values (440, 12);
insert into habilidade_faixa_ano (id_habilidade, id_faixa_ano) values (441, 12);
insert into habilidade_faixa_ano (id_habilidade, id_faixa_ano) values (442, 12);
insert into habilidade_faixa_ano (id_habilidade, id_faixa_ano) values (443, 12);
insert into habilidade_faixa_ano (id_habilidade, id_faixa_ano) values (444, 12);
insert into habilidade_faixa_ano (id_habilidade, id_faixa_ano) values (445, 12);
insert into habilidade_faixa_ano (id_habilidade, id_faixa_ano) values (446, 12);
insert into habilidade_faixa_ano (id_habilidade, id_faixa_ano) values (447, 12);
insert into habilidade_faixa_ano (id_habilidade, id_faixa_ano) values (448, 12);
insert into habilidade_faixa_ano (id_habilidade, id_faixa_ano) values (449, 12);
insert into habilidade_faixa_ano (id_habilidade, id_faixa_ano) values (450, 12);
insert into habilidade_faixa_ano (id_habilidade, id_faixa_ano) values (451, 12);
insert into habilidade_faixa_ano (id_habilidade, id_faixa_ano) values (452, 12);


insert into habilidade (id, id_componente, codigo, bncc, ativo, descricao, campo_atuacao, pratica_liguagem, objeto_conhecimento, unidade_tematica) values (453, 8, 'EF12EF01', true, true, 'Experimentar, fruir e recriar diferentes brincadeiras e jogos da cultura popular presentes no contexto comunitário e regional, reconhecendo e respeitando as diferenças individuais de desempenho dos colegas', Null, Null, 'Brincadeiras e jogos da cultura popular presentes no contexto comunitário e regional', 'Brincadeiras e jogos');
insert into habilidade (id, id_componente, codigo, bncc, ativo, descricao, campo_atuacao, pratica_liguagem, objeto_conhecimento, unidade_tematica) values (454, 8, 'EF12EF02', true, true, 'Explicar, por meio de múltiplas linguagens (corporal, visual, oral e escrita), as brincadeiras e os jogos populares do contexto comunitário e regional, reconhecendo e valorizando a importância desses jogos e brincadeiras para suas culturas de origem', Null, Null, 'Brincadeiras e jogos da cultura popular presentes no contexto comunitário e regional', 'Brincadeiras e jogos');
insert into habilidade (id, id_componente, codigo, bncc, ativo, descricao, campo_atuacao, pratica_liguagem, objeto_conhecimento, unidade_tematica) values (455, 8, 'EF12EF03', true, true, 'Planejar e utilizar estratégias para resolver desafios de brincadeiras e jogos populares do contexto comunitário e regional, com base no reconhecimento das características dessas práticas', Null, Null, 'Brincadeiras e jogos da cultura popular presentes no contexto comunitário e regional', 'Brincadeiras e jogos');
insert into habilidade (id, id_componente, codigo, bncc, ativo, descricao, campo_atuacao, pratica_liguagem, objeto_conhecimento, unidade_tematica) values (456, 8, 'EF12EF04', true, true, 'Colaborar na proposição e na produção de alternativas para a prática, em outros momentos e espaços, de brincadeiras e jogos e demais práticas corporais tematizadas na escola, produzindo textos (orais, escritos, audiovisuais) para divulgá-las na escola e na comunidade', Null, Null, 'Brincadeiras e jogos da cultura popular presentes no contexto comunitário e regional', 'Brincadeiras e jogos');
insert into habilidade (id, id_componente, codigo, bncc, ativo, descricao, campo_atuacao, pratica_liguagem, objeto_conhecimento, unidade_tematica) values (457, 8, 'EF12EF05', true, true, 'Experimentar e fruir, prezando pelo trabalho coletivo e pelo protagonismo, a prática de esportes de marca e de precisão, identificando os elementos comuns a esses esportes', Null, Null, 'Esportes de marca Esportes de precisão', 'Esportes');
insert into habilidade (id, id_componente, codigo, bncc, ativo, descricao, campo_atuacao, pratica_liguagem, objeto_conhecimento, unidade_tematica) values (458, 8, 'EF12EF06', true, true, 'Discutir a importância da observação das normas e das regras dos esportes de marca e de precisão para assegurar a integridade própria e as dos demais participantes', Null, Null, 'Esportes de marca Esportes de precisão', 'Esportes');
insert into habilidade (id, id_componente, codigo, bncc, ativo, descricao, campo_atuacao, pratica_liguagem, objeto_conhecimento, unidade_tematica) values (459, 8, 'EF12EF07', true, true, 'Experimentar, fruir e identificar diferentes elementos básicos da ginástica (equilíbrios, saltos, giros, rotações, acrobacias, com e sem materiais) e da ginástica geral, de forma individual e em pequenos grupos, adotando procedimentos de segurança', Null, Null, 'Ginástica geral', 'Ginásticas');
insert into habilidade (id, id_componente, codigo, bncc, ativo, descricao, campo_atuacao, pratica_liguagem, objeto_conhecimento, unidade_tematica) values (460, 8, 'EF12EF08', true, true, 'Planejar e utilizar estratégias para a execução de diferentes elementos básicos da ginástica e da ginástica geral', Null, Null, 'Ginástica geral', 'Ginásticas');
insert into habilidade (id, id_componente, codigo, bncc, ativo, descricao, campo_atuacao, pratica_liguagem, objeto_conhecimento, unidade_tematica) values (461, 8, 'EF12EF09', true, true, 'Participar da ginástica geral, identificando as potencialidades e os limites do corpo, e respeitando as diferenças individuais e de desempenho corporal', Null, Null, 'Ginástica geral', 'Ginásticas');
insert into habilidade (id, id_componente, codigo, bncc, ativo, descricao, campo_atuacao, pratica_liguagem, objeto_conhecimento, unidade_tematica) values (462, 8, 'EF12EF10', true, true, 'Descrever, por meio de múltiplas linguagens (corporal, oral, escrita e audiovisual), as características dos elementos básicos da ginástica e da ginástica geral, identificando a presença desses elementos em distintas práticas corporais', Null, Null, 'Ginástica geral', 'Ginásticas');
insert into habilidade (id, id_componente, codigo, bncc, ativo, descricao, campo_atuacao, pratica_liguagem, objeto_conhecimento, unidade_tematica) values (463, 8, 'EF12EF11', true, true, 'Experimentar e fruir diferentes danças do contexto comunitário e regional (rodas cantadas, brincadeiras rítmicas e expressivas), e recriá-las, respeitando as diferenças individuais e de desempenho corporal', Null, Null, 'Danças do contexto comunitário e regional', 'Danças');
insert into habilidade (id, id_componente, codigo, bncc, ativo, descricao, campo_atuacao, pratica_liguagem, objeto_conhecimento, unidade_tematica) values (464, 8, 'EF12EF12', true, true, 'Identificar os elementos constitutivos (ritmo, espaço, gestos) das danças do contexto comunitário e regional, valorizando e respeitando as manifestações de diferentes culturas', Null, Null, 'Danças do contexto comunitário e regional', 'Danças');
insert into habilidade (id, id_componente, codigo, bncc, ativo, descricao, campo_atuacao, pratica_liguagem, objeto_conhecimento, unidade_tematica) values (465, 8, 'EF35EF01', true, true, 'Experimentar e fruir brincadeiras e jogos populares do Brasil e do mundo, incluindo aqueles de matriz indígena e africana, e recriá-los, valorizando a importância desse patrimônio histórico cultural', Null, Null, 'Brincadeiras e jogos populares do Brasil e do mundo Brincadeiras e jogos de matriz indígena e africana', 'Brincadeiras e jogos');
insert into habilidade (id, id_componente, codigo, bncc, ativo, descricao, campo_atuacao, pratica_liguagem, objeto_conhecimento, unidade_tematica) values (466, 8, 'EF35EF02', true, true, 'Planejar e utilizar estratégias para possibilitar a participação segura de todos os alunos em brincadeiras e jogos populares do Brasil e de matriz indígena e africana', Null, Null, 'Brincadeiras e jogos populares do Brasil e do mundo Brincadeiras e jogos de matriz indígena e africana', 'Brincadeiras e jogos');
insert into habilidade (id, id_componente, codigo, bncc, ativo, descricao, campo_atuacao, pratica_liguagem, objeto_conhecimento, unidade_tematica) values (467, 8, 'EF35EF03', true, true, 'Descrever, por meio de múltiplas linguagens (corporal, oral, escrita, audiovisual), as brincadeiras e os jogos populares do Brasil e de matriz indígena e africana, explicando suas características e a importância desse patrimônio histórico cultural na preservação das diferentes culturas', Null, Null, 'Brincadeiras e jogos populares do Brasil e do mundo Brincadeiras e jogos de matriz indígena e africana', 'Brincadeiras e jogos');
insert into habilidade (id, id_componente, codigo, bncc, ativo, descricao, campo_atuacao, pratica_liguagem, objeto_conhecimento, unidade_tematica) values (468, 8, 'EF35EF04', true, true, 'Recriar, individual e coletivamente, e experimentar, na escola e fora dela, brincadeiras e jogos populares do Brasil e do mundo, incluindo aqueles de matriz indígena e africana, e demais práticas corporais tematizadas na escola, adequando-as aos espaços públicos disponíveis', Null, Null, 'Brincadeiras e jogos populares do Brasil e do mundo Brincadeiras e jogos de matriz indígena e africana', 'Brincadeiras e jogos');
insert into habilidade (id, id_componente, codigo, bncc, ativo, descricao, campo_atuacao, pratica_liguagem, objeto_conhecimento, unidade_tematica) values (469, 8, 'EF35EF05', true, true, 'Experimentar e fruir diversos tipos de esportes de campo e taco, rede/parede e invasão, identificando seus elementos comuns e criando estratégias individuais e coletivas básicas para sua execução, prezando pelo trabalho coletivo e pelo protagonismo', Null, Null, 'Esportes de campo e taco Esportes de rede/parede Esportes de invasão', 'Esportes');
insert into habilidade (id, id_componente, codigo, bncc, ativo, descricao, campo_atuacao, pratica_liguagem, objeto_conhecimento, unidade_tematica) values (470, 8, 'EF35EF06', true, true, 'Diferenciar os conceitos de jogo e esporte, identificando as características que os constituem na contemporaneidade e suas manifestações (profissional e comunitária/lazer)', Null, Null, 'Esportes de campo e taco Esportes de rede/parede Esportes de invasão', 'Esportes');
insert into habilidade (id, id_componente, codigo, bncc, ativo, descricao, campo_atuacao, pratica_liguagem, objeto_conhecimento, unidade_tematica) values (471, 8, 'EF35EF07', true, true, 'Experimentar e fruir, de forma coletiva, combinações de diferentes elementos da ginástica geral (equilíbrios, saltos, giros, rotações, acrobacias, com e sem materiais), propondo coreografias com diferentes temas do cotidiano', Null, Null, 'Ginástica geral', 'Ginásticas');
insert into habilidade (id, id_componente, codigo, bncc, ativo, descricao, campo_atuacao, pratica_liguagem, objeto_conhecimento, unidade_tematica) values (472, 8, 'EF35EF08', true, true, 'Planejar e utilizar estratégias para resolver desafios na execução de elementos básicos de apresentações coletivas de ginástica geral, reconhecendo as potencialidades e os limites do corpo e adotando procedimentos de segurança', Null, Null, 'Ginástica geral', 'Ginásticas');
insert into habilidade (id, id_componente, codigo, bncc, ativo, descricao, campo_atuacao, pratica_liguagem, objeto_conhecimento, unidade_tematica) values (473, 8, 'EF35EF09', true, true, 'Experimentar, recriar e fruir danças populares do Brasil e do mundo e danças de matriz indígena e africana, valorizando e respeitando os diferentes sentidos e significados dessas danças em suas culturas de origem', Null, Null, 'Danças do Brasil e do mundo Danças de matriz indígena e africana', 'Danças');
insert into habilidade (id, id_componente, codigo, bncc, ativo, descricao, campo_atuacao, pratica_liguagem, objeto_conhecimento, unidade_tematica) values (474, 8, 'EF35EF10', true, true, 'Comparar e identificar os elementos constitutivos comuns e diferentes (ritmo, espaço, gestos) em danças populares do Brasil e do mundo e danças de matriz indígena e africana', Null, Null, 'Danças do Brasil e do mundo Danças de matriz indígena e africana', 'Danças');
insert into habilidade (id, id_componente, codigo, bncc, ativo, descricao, campo_atuacao, pratica_liguagem, objeto_conhecimento, unidade_tematica) values (475, 8, 'EF35EF11', true, true, 'Formular e utilizar estratégias para a execução de elementos constitutivos das danças populares do Brasil e do mundo, e das danças de matriz indígena e africana', Null, Null, 'Danças do Brasil e do mundo Danças de matriz indígena e africana', 'Danças');
insert into habilidade (id, id_componente, codigo, bncc, ativo, descricao, campo_atuacao, pratica_liguagem, objeto_conhecimento, unidade_tematica) values (476, 8, 'EF35EF12', true, true, 'Identificar situações de injustiça e preconceito geradas e/ou presentes no contexto das danças e demais práticas corporais e discutir alternativas para superá-las', Null, Null, 'Danças do Brasil e do mundo Danças de matriz indígena e africana', 'Danças');
insert into habilidade (id, id_componente, codigo, bncc, ativo, descricao, campo_atuacao, pratica_liguagem, objeto_conhecimento, unidade_tematica) values (477, 8, 'EF35EF13', true, true, 'Experimentar, fruir e recriar diferentes lutas presentes no contexto comunitário e regional e lutas de matriz indígena e africana', Null, Null, 'Lutas do contexto comunitário e regional Lutas de matriz indígena e africana', 'Lutas');
insert into habilidade (id, id_componente, codigo, bncc, ativo, descricao, campo_atuacao, pratica_liguagem, objeto_conhecimento, unidade_tematica) values (478, 8, 'EF35EF14', true, true, 'Planejar e utilizar estratégias básicas das lutas do contexto comunitário e regional e lutas de matriz indígena e africana experimentadas, respeitando o colega como oponente e as normas de segurança', Null, Null, 'Lutas do contexto comunitário e regional Lutas de matriz indígena e africana', 'Lutas');
insert into habilidade (id, id_componente, codigo, bncc, ativo, descricao, campo_atuacao, pratica_liguagem, objeto_conhecimento, unidade_tematica) values (479, 8, 'EF35EF15', true, true, 'Identificar as características das lutas do contexto comunitário e regional e lutas de matriz indígena e africana, reconhecendo as diferenças entre lutas e brigas e entre lutas e as demais práticas corporais', Null, Null, 'Lutas do contexto comunitário e regional Lutas de matriz indígena e africana', 'Lutas');
insert into habilidade (id, id_componente, codigo, bncc, ativo, descricao, campo_atuacao, pratica_liguagem, objeto_conhecimento, unidade_tematica) values (480, 8, 'EF67EF01', true, true, 'Experimentar e fruir, na escola e fora dela, jogos eletrônicos diversos, valorizando e respeitando os sentidos e significados atribuídos a eles por diferentes grupos sociais e etários', Null, Null, 'Jogos eletrônicos', 'Brincadeiras e jogos');
insert into habilidade (id, id_componente, codigo, bncc, ativo, descricao, campo_atuacao, pratica_liguagem, objeto_conhecimento, unidade_tematica) values (481, 8, 'EF67EF02', true, true, 'Identificar as transformações nas características dos jogos eletrônicos em função dos avanços das tecnologias e nas respectivas exigências corporais colocadas por esses diferentes tipos de jogos', Null, Null, 'Jogos eletrônicos', 'Brincadeiras e jogos');
insert into habilidade (id, id_componente, codigo, bncc, ativo, descricao, campo_atuacao, pratica_liguagem, objeto_conhecimento, unidade_tematica) values (482, 8, 'EF67EF03', true, true, 'Experimentar e fruir esportes de marca, precisão, invasão e técnico-combinatórios, valorizando o trabalho coletivo e o protagonismo', Null, Null, 'Esportes de marca Esportes de precisão Esportes de invasão Esportes técnico-combinatórios', 'Esportes');
insert into habilidade (id, id_componente, codigo, bncc, ativo, descricao, campo_atuacao, pratica_liguagem, objeto_conhecimento, unidade_tematica) values (483, 8, 'EF67EF04', true, true, 'Praticar um ou mais esportes de marca, precisão, invasão e técnico-combinatórios oferecidos pela escola, usando habilidades técnico-táticas básicas e respeitando regras', Null, Null, 'Esportes de marca Esportes de precisão Esportes de invasão Esportes técnico-combinatórios', 'Esportes');
insert into habilidade (id, id_componente, codigo, bncc, ativo, descricao, campo_atuacao, pratica_liguagem, objeto_conhecimento, unidade_tematica) values (484, 8, 'EF67EF05', true, true, 'Planejar e utilizar estratégias para solucionar os desafios técnicos e táticos, tanto nos esportes de marca, precisão, invasão e técnico-combinatórios como nas modalidades esportivas escolhidas para praticar de forma específica', Null, Null, 'Esportes de marca Esportes de precisão Esportes de invasão Esportes técnico-combinatórios', 'Esportes');
insert into habilidade (id, id_componente, codigo, bncc, ativo, descricao, campo_atuacao, pratica_liguagem, objeto_conhecimento, unidade_tematica) values (485, 8, 'EF67EF06', true, true, 'Analisar as transformações na organização e na prática dos esportes em suas diferentes manifestações (profissional e comunitário/lazer)', Null, Null, 'Esportes de marca Esportes de precisão Esportes de invasão Esportes técnico-combinatórios', 'Esportes');
insert into habilidade (id, id_componente, codigo, bncc, ativo, descricao, campo_atuacao, pratica_liguagem, objeto_conhecimento, unidade_tematica) values (486, 8, 'EF67EF07', true, true, 'Propor e produzir alternativas para experimentação dos esportes não disponíveis e/ou acessíveis na comunidade e das demais práticas corporais tematizadas na escola', Null, Null, 'Esportes de marca Esportes de precisão Esportes de invasão Esportes técnico-combinatórios', 'Esportes');
insert into habilidade (id, id_componente, codigo, bncc, ativo, descricao, campo_atuacao, pratica_liguagem, objeto_conhecimento, unidade_tematica) values (487, 8, 'EF67EF08', true, true, 'Experimentar e fruir exercícios físicos que solicitem diferentes capacidades físicas, identificando seus tipos (força, velocidade, resistência, flexibilidade) e as sensações corporais provocadas pela sua prática', Null, Null, 'Ginástica de condicionamento físico', 'Ginásticas');
insert into habilidade (id, id_componente, codigo, bncc, ativo, descricao, campo_atuacao, pratica_liguagem, objeto_conhecimento, unidade_tematica) values (488, 8, 'EF67EF09', true, true, 'Construir, coletivamente, procedimentos e normas de convívio que viabilizem a participação de todos na prática de exercícios físicos, com o objetivo de promover a saúde', Null, Null, 'Ginástica de condicionamento físico', 'Ginásticas');
insert into habilidade (id, id_componente, codigo, bncc, ativo, descricao, campo_atuacao, pratica_liguagem, objeto_conhecimento, unidade_tematica) values (489, 8, 'EF67EF10', true, true, 'Diferenciar exercício físico de atividade física e propor alternativas para a prática de exercícios físicos dentro e fora do ambiente escolar', Null, Null, 'Ginástica de condicionamento físico', 'Ginásticas');
insert into habilidade (id, id_componente, codigo, bncc, ativo, descricao, campo_atuacao, pratica_liguagem, objeto_conhecimento, unidade_tematica) values (490, 8, 'EF67EF11', true, true, 'Experimentar, fruir e recriar danças urbanas, identificando seus elementos constitutivos (ritmo, espaço, gestos) ', Null, Null, 'Danças urbanas', 'Danças');
insert into habilidade (id, id_componente, codigo, bncc, ativo, descricao, campo_atuacao, pratica_liguagem, objeto_conhecimento, unidade_tematica) values (491, 8, 'EF67EF12', true, true, 'Planejar e utilizar estratégias para aprender elementos constitutivos das danças urbanas', Null, Null, 'Danças urbanas', 'Danças');
insert into habilidade (id, id_componente, codigo, bncc, ativo, descricao, campo_atuacao, pratica_liguagem, objeto_conhecimento, unidade_tematica) values (492, 8, 'EF67EF13', true, true, 'Diferenciar as danças urbanas das demais manifestações da dança, valorizando e respeitando os sentidos e significados atribuídos a eles por diferentes grupos sociais', Null, Null, 'Danças urbanas', 'Danças');
insert into habilidade (id, id_componente, codigo, bncc, ativo, descricao, campo_atuacao, pratica_liguagem, objeto_conhecimento, unidade_tematica) values (493, 8, 'EF67EF14', true, true, 'Experimentar, fruir e recriar diferentes lutas do Brasil, valorizando a própria segurança e integridade física, bem como as dos demais ', Null, Null, 'Lutas do Brasil', 'Lutas');
insert into habilidade (id, id_componente, codigo, bncc, ativo, descricao, campo_atuacao, pratica_liguagem, objeto_conhecimento, unidade_tematica) values (494, 8, 'EF67EF15', true, true, 'Planejar e utilizar estratégias básicas das lutas do Brasil, respeitando o colega como oponente', Null, Null, 'Lutas do Brasil', 'Lutas');
insert into habilidade (id, id_componente, codigo, bncc, ativo, descricao, campo_atuacao, pratica_liguagem, objeto_conhecimento, unidade_tematica) values (495, 8, 'EF67EF16', true, true, 'Identificar as características (códigos, rituais, elementos técnico-táticos, indumentária, materiais, instalações, instituições) das lutas do Brasil', Null, Null, 'Lutas do Brasil', 'Lutas');
insert into habilidade (id, id_componente, codigo, bncc, ativo, descricao, campo_atuacao, pratica_liguagem, objeto_conhecimento, unidade_tematica) values (496, 8, 'EF67EF17', true, true, 'Problematizar preconceitos e estereótipos relacionados ao universo das lutas e demais práticas corporais, propondo alternativas para superá-los, com base na solidariedade, na justiça, na equidade e no respeito', Null, Null, 'Lutas do Brasil', 'Lutas');
insert into habilidade (id, id_componente, codigo, bncc, ativo, descricao, campo_atuacao, pratica_liguagem, objeto_conhecimento, unidade_tematica) values (497, 8, 'EF67EF18', true, true, 'Experimentar e fruir diferentes práticas corporais de aventura urbanas, valorizando a própria segurança e integridade física, bem como as dos demais', Null, Null, 'Práticas corporais de aventura urbanas', 'Práticas corporais de aventura');
insert into habilidade (id, id_componente, codigo, bncc, ativo, descricao, campo_atuacao, pratica_liguagem, objeto_conhecimento, unidade_tematica) values (498, 8, 'EF67EF19', true, true, 'Identificar os riscos durante a realização de práticas corporais de aventura urbanas e planejar estratégias para sua superação', Null, Null, 'Práticas corporais de aventura urbanas', 'Práticas corporais de aventura');
insert into habilidade (id, id_componente, codigo, bncc, ativo, descricao, campo_atuacao, pratica_liguagem, objeto_conhecimento, unidade_tematica) values (499, 8, 'EF67EF20', true, true, 'Executar práticas corporais de aventura urbanas, respeitando o patrimônio público e utilizando alternativas para a prática segura em diversos espaços', Null, Null, 'Práticas corporais de aventura urbanas', 'Práticas corporais de aventura');
insert into habilidade (id, id_componente, codigo, bncc, ativo, descricao, campo_atuacao, pratica_liguagem, objeto_conhecimento, unidade_tematica) values (500, 8, 'EF67EF21', true, true, 'Identificar a origem das práticas corporais de aventura e as possibilidades de recriá-las, reconhecendo as características (instrumentos, equipamentos de segurança, indumentária, organização) e seus tipos de práticas', Null, Null, 'Práticas corporais de aventura urbanas', 'Práticas corporais de aventura');
insert into habilidade (id, id_componente, codigo, bncc, ativo, descricao, campo_atuacao, pratica_liguagem, objeto_conhecimento, unidade_tematica) values (501, 8, 'EF89EF01', true, true, 'Experimentar diferentes papéis (jogador, árbitro e técnico) e fruir os esportes de rede/parede, campo e taco, invasão e combate, valorizando o trabalho coletivo e o protagonismo ', Null, Null, 'Esportes de rede/parede Esportes de campo e taco Esportes de invasão Esportes de combate', 'Esportes');
insert into habilidade (id, id_componente, codigo, bncc, ativo, descricao, campo_atuacao, pratica_liguagem, objeto_conhecimento, unidade_tematica) values (502, 8, 'EF89EF02', true, true, 'Praticar um ou mais esportes de rede/parede, campo e taco, invasão e combate oferecidos pela escola, usando habilidades técnico-táticas básicas', Null, Null, 'Esportes de rede/parede Esportes de campo e taco Esportes de invasão Esportes de combate', 'Esportes');
insert into habilidade (id, id_componente, codigo, bncc, ativo, descricao, campo_atuacao, pratica_liguagem, objeto_conhecimento, unidade_tematica) values (503, 8, 'EF89EF03', true, true, 'Formular e utilizar estratégias para solucionar os desafios técnicos e táticos, tanto nos esportes de campo e taco, rede/parede, invasão e combate como nas modalidades esportivas escolhidas para praticar de forma específica', Null, Null, 'Esportes de rede/parede Esportes de campo e taco Esportes de invasão Esportes de combate', 'Esportes');
insert into habilidade (id, id_componente, codigo, bncc, ativo, descricao, campo_atuacao, pratica_liguagem, objeto_conhecimento, unidade_tematica) values (504, 8, 'EF89EF04', true, true, 'Identificar os elementos técnicos ou técnico-táticos individuais, combinações táticas, sistemas de jogo e regras das modalidades esportivas praticadas, bem como diferenciar as modalidades esportivas com base nos critérios da lógica interna das categorias de esporte: rede/parede, campo e taco, invasão e combate', Null, Null, 'Esportes de rede/parede Esportes de campo e taco Esportes de invasão Esportes de combate', 'Esportes');
insert into habilidade (id, id_componente, codigo, bncc, ativo, descricao, campo_atuacao, pratica_liguagem, objeto_conhecimento, unidade_tematica) values (505, 8, 'EF89EF05', true, true, 'Identificar as transformações históricas do fenômeno esportivo e discutir alguns de seus problemas (doping, corrupção, violência etc) e a forma como as mídias os apresentam', Null, Null, 'Esportes de rede/parede Esportes de campo e taco Esportes de invasão Esportes de combate', 'Esportes');
insert into habilidade (id, id_componente, codigo, bncc, ativo, descricao, campo_atuacao, pratica_liguagem, objeto_conhecimento, unidade_tematica) values (506, 8, 'EF89EF06', true, true, 'Verificar locais disponíveis na comunidade para a prática de esportes e das demais práticas corporais tematizadas na escola, propondo e produzindo alternativas para utilizá-los no tempo livre', Null, Null, 'Esportes de rede/parede Esportes de campo e taco Esportes de invasão Esportes de combate', 'Esportes');
insert into habilidade (id, id_componente, codigo, bncc, ativo, descricao, campo_atuacao, pratica_liguagem, objeto_conhecimento, unidade_tematica) values (507, 8, 'EF89EF07', true, true, 'Experimentar e fruir um ou mais programas de exercícios físicos, identificando as exigências corporais desses diferentes programas e reconhecendo a importância de uma prática individualizada, adequada às características e necessidades de cada sujeito ', Null, Null, 'Ginástica de condicionamento físico Ginástica de conscientização corporal', 'Ginásticas');
insert into habilidade (id, id_componente, codigo, bncc, ativo, descricao, campo_atuacao, pratica_liguagem, objeto_conhecimento, unidade_tematica) values (508, 8, 'EF89EF08', true, true, 'Discutir as transformações históricas dos padrões de desempenho, saúde e beleza, considerando a forma como são apresentados nos diferentes meios (científico, midiático etc)', Null, Null, 'Ginástica de condicionamento físico Ginástica de conscientização corporal', 'Ginásticas');
insert into habilidade (id, id_componente, codigo, bncc, ativo, descricao, campo_atuacao, pratica_liguagem, objeto_conhecimento, unidade_tematica) values (509, 8, 'EF89EF09', true, true, 'Problematizar a prática excessiva de exercícios físicos e o uso de medicamentos para a ampliação do rendimento ou potencialização das transformações corporais', Null, Null, 'Ginástica de condicionamento físico Ginástica de conscientização corporal', 'Ginásticas');
insert into habilidade (id, id_componente, codigo, bncc, ativo, descricao, campo_atuacao, pratica_liguagem, objeto_conhecimento, unidade_tematica) values (510, 8, 'EF89EF10', true, true, 'Experimentar e fruir um ou mais tipos de ginástica de conscientização corporal, identificando as exigências corporais dos mesmos', Null, Null, 'Ginástica de condicionamento físico Ginástica de conscientização corporal', 'Ginásticas');
insert into habilidade (id, id_componente, codigo, bncc, ativo, descricao, campo_atuacao, pratica_liguagem, objeto_conhecimento, unidade_tematica) values (511, 8, 'EF89EF11', true, true, 'Identificar as diferenças e semelhanças entre a ginástica de conscientização corporal e as de condicionamento físico e discutir como a prática de cada uma dessas manifestações pode contribuir para a melhoria das condições de vida, saúde, bem-estar e cuidado consigo mesmo', Null, Null, 'Ginástica de condicionamento físico Ginástica de conscientização corporal', 'Ginásticas');
insert into habilidade (id, id_componente, codigo, bncc, ativo, descricao, campo_atuacao, pratica_liguagem, objeto_conhecimento, unidade_tematica) values (512, 8, 'EF89EF12', true, true, 'Experimentar, fruir e recriar danças de salão, valorizando a diversidade cultural e respeitando a tradição dessas culturas', Null, Null, 'Danças de salão', 'Danças');
insert into habilidade (id, id_componente, codigo, bncc, ativo, descricao, campo_atuacao, pratica_liguagem, objeto_conhecimento, unidade_tematica) values (513, 8, 'EF89EF13', true, true, 'Planejar e utilizar estratégias para se apropriar dos elementos constitutivos (ritmo, espaço, gestos) das danças de salão', Null, Null, 'Danças de salão', 'Danças');
insert into habilidade (id, id_componente, codigo, bncc, ativo, descricao, campo_atuacao, pratica_liguagem, objeto_conhecimento, unidade_tematica) values (514, 8, 'EF89EF14', true, true, 'Discutir estereótipos e preconceitos relativos às danças de salão e demais práticas corporais e propor alternativas para sua superação', Null, Null, 'Danças de salão', 'Danças');
insert into habilidade (id, id_componente, codigo, bncc, ativo, descricao, campo_atuacao, pratica_liguagem, objeto_conhecimento, unidade_tematica) values (515, 8, 'EF89EF15', true, true, 'Analisar as características (ritmos, gestos, coreografias e músicas) das danças de salão, bem como suas transformações históricas e os grupos de origem', Null, Null, 'Danças de salão', 'Danças');
insert into habilidade (id, id_componente, codigo, bncc, ativo, descricao, campo_atuacao, pratica_liguagem, objeto_conhecimento, unidade_tematica) values (516, 8, 'EF89EF16', true, true, 'Experimentar e fruir a execução dos movimentos pertencentes às lutas do mundo, adotando procedimentos de segurança e respeitando o oponente', Null, Null, 'Lutas do mundo', 'Lutas');
insert into habilidade (id, id_componente, codigo, bncc, ativo, descricao, campo_atuacao, pratica_liguagem, objeto_conhecimento, unidade_tematica) values (517, 8, 'EF89EF17', true, true, 'Planejar e utilizar estratégias básicas das lutas experimentadas, reconhecendo as suas características técnico-táticas', Null, Null, 'Lutas do mundo', 'Lutas');
insert into habilidade (id, id_componente, codigo, bncc, ativo, descricao, campo_atuacao, pratica_liguagem, objeto_conhecimento, unidade_tematica) values (518, 8, 'EF89EF18', true, true, 'Discutir as transformações históricas, o processo de esportivização e a midiatização de uma ou mais lutas, valorizando e respeitando as culturas de origem', Null, Null, 'Lutas do mundo', 'Lutas');
insert into habilidade (id, id_componente, codigo, bncc, ativo, descricao, campo_atuacao, pratica_liguagem, objeto_conhecimento, unidade_tematica) values (519, 8, 'EF89EF19', true, true, 'Experimentar e fruir diferentes práticas corporais de aventura na natureza, valorizando a própria segurança e integridade física, bem como as dos demais, respeitando o patrimônio natural e minimizando os impactos de degradação ambiental', Null, Null, 'Práticas corporais de aventura na natureza', 'Práticas corporais de aventura');
insert into habilidade (id, id_componente, codigo, bncc, ativo, descricao, campo_atuacao, pratica_liguagem, objeto_conhecimento, unidade_tematica) values (520, 8, 'EF89EF20', true, true, 'Identificar riscos, formular estratégias e observar normas de segurança para superar os desafios na realização de práticas corporais de aventura na natureza', Null, Null, 'Práticas corporais de aventura na natureza', 'Práticas corporais de aventura');
insert into habilidade (id, id_componente, codigo, bncc, ativo, descricao, campo_atuacao, pratica_liguagem, objeto_conhecimento, unidade_tematica) values (521, 8, 'EF89EF21', true, true, 'Identificar as características (equipamentos de segurança, instrumentos, indumentária, organização) das práticas corporais de aventura na natureza, bem como suas transformações históricas', Null, Null, 'Práticas corporais de aventura na natureza', 'Práticas corporais de aventura');

insert into habilidade_faixa_ano (id_habilidade, id_faixa_ano) values (453, 4);
insert into habilidade_faixa_ano (id_habilidade, id_faixa_ano) values (454, 4);
insert into habilidade_faixa_ano (id_habilidade, id_faixa_ano) values (455, 4);
insert into habilidade_faixa_ano (id_habilidade, id_faixa_ano) values (456, 4);
insert into habilidade_faixa_ano (id_habilidade, id_faixa_ano) values (457, 4);
insert into habilidade_faixa_ano (id_habilidade, id_faixa_ano) values (458, 4);
insert into habilidade_faixa_ano (id_habilidade, id_faixa_ano) values (459, 4);
insert into habilidade_faixa_ano (id_habilidade, id_faixa_ano) values (460, 4);
insert into habilidade_faixa_ano (id_habilidade, id_faixa_ano) values (461, 4);
insert into habilidade_faixa_ano (id_habilidade, id_faixa_ano) values (462, 4);
insert into habilidade_faixa_ano (id_habilidade, id_faixa_ano) values (463, 4);
insert into habilidade_faixa_ano (id_habilidade, id_faixa_ano) values (464, 4);
insert into habilidade_faixa_ano (id_habilidade, id_faixa_ano) values (453, 5);
insert into habilidade_faixa_ano (id_habilidade, id_faixa_ano) values (454, 5);
insert into habilidade_faixa_ano (id_habilidade, id_faixa_ano) values (455, 5);
insert into habilidade_faixa_ano (id_habilidade, id_faixa_ano) values (456, 5);
insert into habilidade_faixa_ano (id_habilidade, id_faixa_ano) values (457, 5);
insert into habilidade_faixa_ano (id_habilidade, id_faixa_ano) values (458, 5);
insert into habilidade_faixa_ano (id_habilidade, id_faixa_ano) values (459, 5);
insert into habilidade_faixa_ano (id_habilidade, id_faixa_ano) values (460, 5);
insert into habilidade_faixa_ano (id_habilidade, id_faixa_ano) values (461, 5);
insert into habilidade_faixa_ano (id_habilidade, id_faixa_ano) values (462, 5);
insert into habilidade_faixa_ano (id_habilidade, id_faixa_ano) values (463, 5);
insert into habilidade_faixa_ano (id_habilidade, id_faixa_ano) values (464, 5);
insert into habilidade_faixa_ano (id_habilidade, id_faixa_ano) values (465, 6);
insert into habilidade_faixa_ano (id_habilidade, id_faixa_ano) values (466, 6);
insert into habilidade_faixa_ano (id_habilidade, id_faixa_ano) values (467, 6);
insert into habilidade_faixa_ano (id_habilidade, id_faixa_ano) values (468, 6);
insert into habilidade_faixa_ano (id_habilidade, id_faixa_ano) values (469, 6);
insert into habilidade_faixa_ano (id_habilidade, id_faixa_ano) values (470, 6);
insert into habilidade_faixa_ano (id_habilidade, id_faixa_ano) values (471, 6);
insert into habilidade_faixa_ano (id_habilidade, id_faixa_ano) values (472, 6);
insert into habilidade_faixa_ano (id_habilidade, id_faixa_ano) values (473, 6);
insert into habilidade_faixa_ano (id_habilidade, id_faixa_ano) values (474, 6);
insert into habilidade_faixa_ano (id_habilidade, id_faixa_ano) values (475, 6);
insert into habilidade_faixa_ano (id_habilidade, id_faixa_ano) values (476, 6);
insert into habilidade_faixa_ano (id_habilidade, id_faixa_ano) values (477, 6);
insert into habilidade_faixa_ano (id_habilidade, id_faixa_ano) values (478, 6);
insert into habilidade_faixa_ano (id_habilidade, id_faixa_ano) values (479, 6);
insert into habilidade_faixa_ano (id_habilidade, id_faixa_ano) values (465, 7);
insert into habilidade_faixa_ano (id_habilidade, id_faixa_ano) values (466, 7);
insert into habilidade_faixa_ano (id_habilidade, id_faixa_ano) values (467, 7);
insert into habilidade_faixa_ano (id_habilidade, id_faixa_ano) values (468, 7);
insert into habilidade_faixa_ano (id_habilidade, id_faixa_ano) values (469, 7);
insert into habilidade_faixa_ano (id_habilidade, id_faixa_ano) values (470, 7);
insert into habilidade_faixa_ano (id_habilidade, id_faixa_ano) values (471, 7);
insert into habilidade_faixa_ano (id_habilidade, id_faixa_ano) values (472, 7);
insert into habilidade_faixa_ano (id_habilidade, id_faixa_ano) values (473, 7);
insert into habilidade_faixa_ano (id_habilidade, id_faixa_ano) values (474, 7);
insert into habilidade_faixa_ano (id_habilidade, id_faixa_ano) values (475, 7);
insert into habilidade_faixa_ano (id_habilidade, id_faixa_ano) values (476, 7);
insert into habilidade_faixa_ano (id_habilidade, id_faixa_ano) values (477, 7);
insert into habilidade_faixa_ano (id_habilidade, id_faixa_ano) values (478, 7);
insert into habilidade_faixa_ano (id_habilidade, id_faixa_ano) values (479, 7);
insert into habilidade_faixa_ano (id_habilidade, id_faixa_ano) values (465, 8);
insert into habilidade_faixa_ano (id_habilidade, id_faixa_ano) values (466, 8);
insert into habilidade_faixa_ano (id_habilidade, id_faixa_ano) values (467, 8);
insert into habilidade_faixa_ano (id_habilidade, id_faixa_ano) values (468, 8);
insert into habilidade_faixa_ano (id_habilidade, id_faixa_ano) values (469, 8);
insert into habilidade_faixa_ano (id_habilidade, id_faixa_ano) values (470, 8);
insert into habilidade_faixa_ano (id_habilidade, id_faixa_ano) values (471, 8);
insert into habilidade_faixa_ano (id_habilidade, id_faixa_ano) values (472, 8);
insert into habilidade_faixa_ano (id_habilidade, id_faixa_ano) values (473, 8);
insert into habilidade_faixa_ano (id_habilidade, id_faixa_ano) values (474, 8);
insert into habilidade_faixa_ano (id_habilidade, id_faixa_ano) values (475, 8);
insert into habilidade_faixa_ano (id_habilidade, id_faixa_ano) values (476, 8);
insert into habilidade_faixa_ano (id_habilidade, id_faixa_ano) values (477, 8);
insert into habilidade_faixa_ano (id_habilidade, id_faixa_ano) values (478, 8);
insert into habilidade_faixa_ano (id_habilidade, id_faixa_ano) values (479, 8);
insert into habilidade_faixa_ano (id_habilidade, id_faixa_ano) values (480, 9);
insert into habilidade_faixa_ano (id_habilidade, id_faixa_ano) values (481, 9);
insert into habilidade_faixa_ano (id_habilidade, id_faixa_ano) values (482, 9);
insert into habilidade_faixa_ano (id_habilidade, id_faixa_ano) values (483, 9);
insert into habilidade_faixa_ano (id_habilidade, id_faixa_ano) values (484, 9);
insert into habilidade_faixa_ano (id_habilidade, id_faixa_ano) values (485, 9);
insert into habilidade_faixa_ano (id_habilidade, id_faixa_ano) values (486, 9);
insert into habilidade_faixa_ano (id_habilidade, id_faixa_ano) values (487, 9);
insert into habilidade_faixa_ano (id_habilidade, id_faixa_ano) values (488, 9);
insert into habilidade_faixa_ano (id_habilidade, id_faixa_ano) values (489, 9);
insert into habilidade_faixa_ano (id_habilidade, id_faixa_ano) values (490, 9);
insert into habilidade_faixa_ano (id_habilidade, id_faixa_ano) values (491, 9);
insert into habilidade_faixa_ano (id_habilidade, id_faixa_ano) values (492, 9);
insert into habilidade_faixa_ano (id_habilidade, id_faixa_ano) values (493, 9);
insert into habilidade_faixa_ano (id_habilidade, id_faixa_ano) values (494, 9);
insert into habilidade_faixa_ano (id_habilidade, id_faixa_ano) values (495, 9);
insert into habilidade_faixa_ano (id_habilidade, id_faixa_ano) values (496, 9);
insert into habilidade_faixa_ano (id_habilidade, id_faixa_ano) values (497, 9);
insert into habilidade_faixa_ano (id_habilidade, id_faixa_ano) values (498, 9);
insert into habilidade_faixa_ano (id_habilidade, id_faixa_ano) values (499, 9);
insert into habilidade_faixa_ano (id_habilidade, id_faixa_ano) values (500, 9);
insert into habilidade_faixa_ano (id_habilidade, id_faixa_ano) values (480, 10);
insert into habilidade_faixa_ano (id_habilidade, id_faixa_ano) values (481, 10);
insert into habilidade_faixa_ano (id_habilidade, id_faixa_ano) values (482, 10);
insert into habilidade_faixa_ano (id_habilidade, id_faixa_ano) values (483, 10);
insert into habilidade_faixa_ano (id_habilidade, id_faixa_ano) values (484, 10);
insert into habilidade_faixa_ano (id_habilidade, id_faixa_ano) values (485, 10);
insert into habilidade_faixa_ano (id_habilidade, id_faixa_ano) values (486, 10);
insert into habilidade_faixa_ano (id_habilidade, id_faixa_ano) values (487, 10);
insert into habilidade_faixa_ano (id_habilidade, id_faixa_ano) values (488, 10);
insert into habilidade_faixa_ano (id_habilidade, id_faixa_ano) values (489, 10);
insert into habilidade_faixa_ano (id_habilidade, id_faixa_ano) values (490, 10);
insert into habilidade_faixa_ano (id_habilidade, id_faixa_ano) values (491, 10);
insert into habilidade_faixa_ano (id_habilidade, id_faixa_ano) values (492, 10);
insert into habilidade_faixa_ano (id_habilidade, id_faixa_ano) values (493, 10);
insert into habilidade_faixa_ano (id_habilidade, id_faixa_ano) values (494, 10);
insert into habilidade_faixa_ano (id_habilidade, id_faixa_ano) values (495, 10);
insert into habilidade_faixa_ano (id_habilidade, id_faixa_ano) values (496, 10);
insert into habilidade_faixa_ano (id_habilidade, id_faixa_ano) values (497, 10);
insert into habilidade_faixa_ano (id_habilidade, id_faixa_ano) values (498, 10);
insert into habilidade_faixa_ano (id_habilidade, id_faixa_ano) values (499, 10);
insert into habilidade_faixa_ano (id_habilidade, id_faixa_ano) values (500, 10);
insert into habilidade_faixa_ano (id_habilidade, id_faixa_ano) values (501, 11);
insert into habilidade_faixa_ano (id_habilidade, id_faixa_ano) values (502, 11);
insert into habilidade_faixa_ano (id_habilidade, id_faixa_ano) values (503, 11);
insert into habilidade_faixa_ano (id_habilidade, id_faixa_ano) values (504, 11);
insert into habilidade_faixa_ano (id_habilidade, id_faixa_ano) values (505, 11);
insert into habilidade_faixa_ano (id_habilidade, id_faixa_ano) values (506, 11);
insert into habilidade_faixa_ano (id_habilidade, id_faixa_ano) values (507, 11);
insert into habilidade_faixa_ano (id_habilidade, id_faixa_ano) values (508, 11);
insert into habilidade_faixa_ano (id_habilidade, id_faixa_ano) values (509, 11);
insert into habilidade_faixa_ano (id_habilidade, id_faixa_ano) values (510, 11);
insert into habilidade_faixa_ano (id_habilidade, id_faixa_ano) values (511, 11);
insert into habilidade_faixa_ano (id_habilidade, id_faixa_ano) values (512, 11);
insert into habilidade_faixa_ano (id_habilidade, id_faixa_ano) values (513, 11);
insert into habilidade_faixa_ano (id_habilidade, id_faixa_ano) values (514, 11);
insert into habilidade_faixa_ano (id_habilidade, id_faixa_ano) values (515, 11);
insert into habilidade_faixa_ano (id_habilidade, id_faixa_ano) values (516, 11);
insert into habilidade_faixa_ano (id_habilidade, id_faixa_ano) values (517, 11);
insert into habilidade_faixa_ano (id_habilidade, id_faixa_ano) values (518, 11);
insert into habilidade_faixa_ano (id_habilidade, id_faixa_ano) values (519, 11);
insert into habilidade_faixa_ano (id_habilidade, id_faixa_ano) values (520, 11);
insert into habilidade_faixa_ano (id_habilidade, id_faixa_ano) values (521, 11);
insert into habilidade_faixa_ano (id_habilidade, id_faixa_ano) values (501, 12);
insert into habilidade_faixa_ano (id_habilidade, id_faixa_ano) values (502, 12);
insert into habilidade_faixa_ano (id_habilidade, id_faixa_ano) values (503, 12);
insert into habilidade_faixa_ano (id_habilidade, id_faixa_ano) values (504, 12);
insert into habilidade_faixa_ano (id_habilidade, id_faixa_ano) values (505, 12);
insert into habilidade_faixa_ano (id_habilidade, id_faixa_ano) values (506, 12);
insert into habilidade_faixa_ano (id_habilidade, id_faixa_ano) values (507, 12);
insert into habilidade_faixa_ano (id_habilidade, id_faixa_ano) values (508, 12);
insert into habilidade_faixa_ano (id_habilidade, id_faixa_ano) values (509, 12);
insert into habilidade_faixa_ano (id_habilidade, id_faixa_ano) values (510, 12);
insert into habilidade_faixa_ano (id_habilidade, id_faixa_ano) values (511, 12);
insert into habilidade_faixa_ano (id_habilidade, id_faixa_ano) values (512, 12);
insert into habilidade_faixa_ano (id_habilidade, id_faixa_ano) values (513, 12);
insert into habilidade_faixa_ano (id_habilidade, id_faixa_ano) values (514, 12);
insert into habilidade_faixa_ano (id_habilidade, id_faixa_ano) values (515, 12);
insert into habilidade_faixa_ano (id_habilidade, id_faixa_ano) values (516, 12);
insert into habilidade_faixa_ano (id_habilidade, id_faixa_ano) values (517, 12);
insert into habilidade_faixa_ano (id_habilidade, id_faixa_ano) values (518, 12);
insert into habilidade_faixa_ano (id_habilidade, id_faixa_ano) values (519, 12);
insert into habilidade_faixa_ano (id_habilidade, id_faixa_ano) values (520, 12);
insert into habilidade_faixa_ano (id_habilidade, id_faixa_ano) values (521, 12);


insert into habilidade (id, id_componente, codigo, bncc, ativo, descricao, eixo, pratica_liguagem, objeto_conhecimento, unidade_tematica) values (522, 9, 'EF06LI01', true, true, 'Interagir em situações de intercâmbio oral, demonstrando iniciativa para utilizar a língua inglesa', 'Eixo oralidade', Null, 'Construção de laços afetivos e convívio social', 'Interação discursiva');
insert into habilidade (id, id_componente, codigo, bncc, ativo, descricao, eixo, pratica_liguagem, objeto_conhecimento, unidade_tematica) values (523, 9, 'EF06LI02', true, true, 'Coletar informações do grupo, perguntando e respondendo sobre a família, os amigos, a escola e a comunidade', 'Eixo oralidade', Null, 'Construção de laços afetivos e convívio social', 'Interação discursiva');
insert into habilidade (id, id_componente, codigo, bncc, ativo, descricao, eixo, pratica_liguagem, objeto_conhecimento, unidade_tematica) values (524, 9, 'EF06LI03', true, true, 'Solicitar esclarecimentos em língua inglesa sobre o que não entendeu e o significado de palavras ou expressões desconhecidas', 'Eixo oralidade', Null, 'Funções e usos da língua inglesa em sala de aula (Classroom language)', 'Interação discursiva');
insert into habilidade (id, id_componente, codigo, bncc, ativo, descricao, eixo, pratica_liguagem, objeto_conhecimento, unidade_tematica) values (525, 9, 'EF06LI04', true, true, 'Reconhecer, com o apoio de palavras cognatas e pistas do contexto discursivo, o assunto e as informações principais em textos orais sobre temas familiares', 'Eixo oralidade', Null, 'Estratégias de compreensão de textos orais: palavras cognatas e pistas do contexto discursivo', 'Compreensão oral');
insert into habilidade (id, id_componente, codigo, bncc, ativo, descricao, eixo, pratica_liguagem, objeto_conhecimento, unidade_tematica) values (526, 9, 'EF06LI05', true, true, 'Aplicar os conhecimentos da língua inglesa para falar de si e de outras pessoas, explicitando informações pessoais e características relacionadas a gostos, preferências e rotinas', 'Eixo oralidade', Null, 'Produção de textos orais, com a mediação do professor', 'Produção oral');
insert into habilidade (id, id_componente, codigo, bncc, ativo, descricao, eixo, pratica_liguagem, objeto_conhecimento, unidade_tematica) values (527, 9, 'EF06LI06', true, true, 'Planejar apresentação sobre a família, a comunidade e a escola, compartilhando-a oralmente com o grupo', 'Eixo oralidade', Null, 'Produção de textos orais, com a mediação do professor', 'Produção oral');
insert into habilidade (id, id_componente, codigo, bncc, ativo, descricao, eixo, pratica_liguagem, objeto_conhecimento, unidade_tematica) values (528, 9, 'EF06LI07', true, true, 'Formular hipóteses sobre a finalidade de um texto em língua inglesa, com base em sua estrutura, organização textual e pistas gráficas', 'Eixo leitura', Null, 'Hipóteses sobre a finalidade de um texto', 'Estratégias de leitura');
insert into habilidade (id, id_componente, codigo, bncc, ativo, descricao, eixo, pratica_liguagem, objeto_conhecimento, unidade_tematica) values (529, 9, 'EF06LI08', true, true, 'Identificar o assunto de um texto, reconhecendo sua organização textual e palavras cognatas', 'Eixo leitura', Null, 'Compreensão geral e específica: leitura rápida (skimming, scanning)', 'Estratégias de leitura');
insert into habilidade (id, id_componente, codigo, bncc, ativo, descricao, eixo, pratica_liguagem, objeto_conhecimento, unidade_tematica) values (530, 9, 'EF06LI09', true, true, 'Localizar informações específicas em texto', 'Eixo leitura', Null, 'Compreensão geral e específica: leitura rápida (skimming, scanning)', 'Estratégias de leitura');
insert into habilidade (id, id_componente, codigo, bncc, ativo, descricao, eixo, pratica_liguagem, objeto_conhecimento, unidade_tematica) values (531, 9, 'EF06LI10', true, true, 'Conhecer a organização de um dicionário bilíngue (impresso e/ou on-line) para construir repertório lexical', 'Eixo leitura', Null, 'Construção de repertório lexical e autonomia leitora', 'Práticas de leitura e construção de repertório lexical');
insert into habilidade (id, id_componente, codigo, bncc, ativo, descricao, eixo, pratica_liguagem, objeto_conhecimento, unidade_tematica) values (532, 9, 'EF06LI11', true, true, 'Explorar ambientes virtuais e/ou aplicativos para construir repertório lexical na língua inglesa', 'Eixo leitura', Null, 'Construção de repertório lexical e autonomia leitora', 'Práticas de leitura e construção de repertório lexical');
insert into habilidade (id, id_componente, codigo, bncc, ativo, descricao, eixo, pratica_liguagem, objeto_conhecimento, unidade_tematica) values (533, 9, 'EF06LI12', true, true, 'Interessar-se pelo texto lido, compartilhando suas ideias sobre o que o texto informa/comunica', 'Eixo leitura', Null, 'Partilha de leitura, com mediação do professor', 'Atitudes e disposições favoráveis do leitor');
insert into habilidade (id, id_componente, codigo, bncc, ativo, descricao, eixo, pratica_liguagem, objeto_conhecimento, unidade_tematica) values (534, 9, 'EF06LI13', true, true, 'Listar ideias para a produção de textos, levando em conta o tema e o assunto', 'Eixo escrita', Null, 'Planejamento do texto: brainstorming', 'Estratégias de escrita: pré-escrita');
insert into habilidade (id, id_componente, codigo, bncc, ativo, descricao, eixo, pratica_liguagem, objeto_conhecimento, unidade_tematica) values (535, 9, 'EF06LI14', true, true, 'Organizar ideias, selecionando-as em função da estrutura e do objetivo do texto', 'Eixo escrita', Null, 'Planejamento do texto: organização de ideias', 'Estratégias de escrita: pré-escrita');
insert into habilidade (id, id_componente, codigo, bncc, ativo, descricao, eixo, pratica_liguagem, objeto_conhecimento, unidade_tematica) values (536, 9, 'EF06LI15', true, true, 'Produzir textos escritos em língua inglesa (histórias em quadrinhos, cartazes, chats, blogues, agendas, fotolegendas, entre outros), sobre si mesmo, sua família, seus amigos, gostos, preferências e rotinas, sua comunidade e seu contexto escolar', 'Eixo escrita', Null, 'Produção de textos escritos, em formatos diversos, com a mediação do professor', 'Práticas de escrita');
insert into habilidade (id, id_componente, codigo, bncc, ativo, descricao, eixo, pratica_liguagem, objeto_conhecimento, unidade_tematica) values (537, 9, 'EF06LI16', true, true, 'Construir repertório relativo às expressões usadas para o convívio social e o uso da língua inglesa em sala de aula', 'Eixo conhecimentos linguísticos', Null, 'Construção de repertório lexical', 'Estudo do léxico');
insert into habilidade (id, id_componente, codigo, bncc, ativo, descricao, eixo, pratica_liguagem, objeto_conhecimento, unidade_tematica) values (538, 9, 'EF06LI17', true, true, 'Construir repertório lexical relativo a temas familiares (escola, família, rotina diária, atividades de lazer, esportes, entre outros)', 'Eixo conhecimentos linguísticos', Null, 'Construção de repertório lexical', 'Estudo do léxico');
insert into habilidade (id, id_componente, codigo, bncc, ativo, descricao, eixo, pratica_liguagem, objeto_conhecimento, unidade_tematica) values (539, 9, 'EF06LI18', true, true, 'Reconhecer semelhanças e diferenças na pronúncia de palavras da língua inglesa e da língua materna e/ou outras línguas conhecidas', 'Eixo conhecimentos linguísticos', Null, 'Pronúncia', 'Estudo do léxico');
insert into habilidade (id, id_componente, codigo, bncc, ativo, descricao, eixo, pratica_liguagem, objeto_conhecimento, unidade_tematica) values (540, 9, 'EF06LI19', true, true, 'Utilizar o presente do indicativo para identificar pessoas (verbo to be) e descrever rotinas diárias', 'Eixo conhecimentos linguísticos', Null, 'Presente simples e contínuo (formas afirmativa, negativa e interrogativa)', 'Gramática');
insert into habilidade (id, id_componente, codigo, bncc, ativo, descricao, eixo, pratica_liguagem, objeto_conhecimento, unidade_tematica) values (541, 9, 'EF06LI20', true, true, 'Utilizar o presente contínuo para descrever ações em progresso', 'Eixo conhecimentos linguísticos', Null, 'Presente simples e contínuo (formas afirmativa, negativa e interrogativa)', 'Gramática');
insert into habilidade (id, id_componente, codigo, bncc, ativo, descricao, eixo, pratica_liguagem, objeto_conhecimento, unidade_tematica) values (542, 9, 'EF06LI21', true, true, 'Reconhecer o uso do imperativo em enunciados de atividades, comandos e instruções', 'Eixo conhecimentos linguísticos', Null, 'Imperativo', 'Gramática');
insert into habilidade (id, id_componente, codigo, bncc, ativo, descricao, eixo, pratica_liguagem, objeto_conhecimento, unidade_tematica) values (543, 9, 'EF06LI22', true, true, 'Descrever relações por meio do uso de apóstrofo (’) + s', 'Eixo conhecimentos linguísticos', Null, 'Caso genitivo (‘s)', 'Gramática');
insert into habilidade (id, id_componente, codigo, bncc, ativo, descricao, eixo, pratica_liguagem, objeto_conhecimento, unidade_tematica) values (544, 9, 'EF06LI23', true, true, 'Empregar, de forma inteligível, os adjetivos possessivos', 'Eixo conhecimentos linguísticos', Null, 'Adjetivos possessivos', 'Gramática');
insert into habilidade (id, id_componente, codigo, bncc, ativo, descricao, eixo, pratica_liguagem, objeto_conhecimento, unidade_tematica) values (545, 9, 'EF06LI24', true, true, 'Investigar o alcance da língua inglesa no mundo: como língua materna e/ou oficial (primeira ou segunda língua)', 'Eixo dimensão intercultural', Null, 'Países que têm a língua inglesa como língua materna e/ou oficial', 'A língua inglesa no mundo');
insert into habilidade (id, id_componente, codigo, bncc, ativo, descricao, eixo, pratica_liguagem, objeto_conhecimento, unidade_tematica) values (546, 9, 'EF06LI25', true, true, 'Identificar a presença da língua inglesa na sociedade brasileira/comunidade (palavras, expressões, suportes e esferas de circulação e consumo) e seu significado', 'Eixo dimensão intercultural', Null, 'Presença da língua inglesa no cotidiano', 'A língua inglesa no cotidiano da sociedade brasileira/comunidade');
insert into habilidade (id, id_componente, codigo, bncc, ativo, descricao, eixo, pratica_liguagem, objeto_conhecimento, unidade_tematica) values (547, 9, 'EF06LI26', true, true, 'Avaliar, problematizando elementos/produtos culturais de países de língua inglesa absorvidos pela sociedade brasileira/comunidade', 'Eixo dimensão intercultural', Null, 'Presença da língua inglesa no cotidiano', 'A língua inglesa no cotidiano da sociedade brasileira/comunidade');
insert into habilidade (id, id_componente, codigo, bncc, ativo, descricao, eixo, pratica_liguagem, objeto_conhecimento, unidade_tematica) values (548, 9, 'EF07LI01', true, true, 'Interagir em situações de intercâmbio oral para realizar as atividades em sala de aula, de forma respeitosa e colaborativa, trocando ideias e engajando-se em brincadeiras e jogos', 'Eixo oralidade', Null, 'Funções e usos da língua inglesa: convivência e colaboração em sala de aula', 'Interação discursiva');
insert into habilidade (id, id_componente, codigo, bncc, ativo, descricao, eixo, pratica_liguagem, objeto_conhecimento, unidade_tematica) values (549, 9, 'EF07LI02', true, true, 'Entrevistar os colegas para conhecer suas histórias de vida', 'Eixo oralidade', Null, 'Práticas investigativas', 'Interação discursiva');
insert into habilidade (id, id_componente, codigo, bncc, ativo, descricao, eixo, pratica_liguagem, objeto_conhecimento, unidade_tematica) values (550, 9, 'EF07LI03', true, true, 'Mobilizar conhecimentos prévios para compreender texto oral', 'Eixo oralidade', Null, 'Estratégias de compreensão de textos orais: conhecimentos prévios', 'Compreensão oral');
insert into habilidade (id, id_componente, codigo, bncc, ativo, descricao, eixo, pratica_liguagem, objeto_conhecimento, unidade_tematica) values (551, 9, 'EF07LI04', true, true, 'Identificar o contexto, a finalidade, o assunto e os interlocutores em textos orais presentes no cinema, na internet, na televisão, entre outros', 'Eixo oralidade', Null, 'Compreensão de textos orais de cunho descritivo ou narrativo', 'Compreensão oral');
insert into habilidade (id, id_componente, codigo, bncc, ativo, descricao, eixo, pratica_liguagem, objeto_conhecimento, unidade_tematica) values (552, 9, 'EF07LI05', true, true, 'Compor, em língua inglesa, narrativas orais sobre fatos, acontecimentos e personalidades marcantes do passado', 'Eixo oralidade', Null, 'Produção de textos orais, com mediação do professor', 'Produção oral');
insert into habilidade (id, id_componente, codigo, bncc, ativo, descricao, eixo, pratica_liguagem, objeto_conhecimento, unidade_tematica) values (553, 9, 'EF07LI06', true, true, 'Antecipar o sentido global de textos em língua inglesa por inferências, com base em leitura rápida, observando títulos, primeiras e últimas frases de parágrafos e palavras-chave repetidas', 'Eixo leitura', Null, 'Compreensão geral e específica: leitura rápida (skimming, scanning)', 'Estratégias de leitura');
insert into habilidade (id, id_componente, codigo, bncc, ativo, descricao, eixo, pratica_liguagem, objeto_conhecimento, unidade_tematica) values (554, 9, 'EF07LI07', true, true, 'Identificar a(s) informação(ões)-chave de partes de um texto em língua inglesa (parágrafos)', 'Eixo leitura', Null, 'Compreensão geral e específica: leitura rápida (skimming, scanning)', 'Estratégias de leitura');
insert into habilidade (id, id_componente, codigo, bncc, ativo, descricao, eixo, pratica_liguagem, objeto_conhecimento, unidade_tematica) values (555, 9, 'EF07LI08', true, true, 'Relacionar as partes de um texto (parágrafos) para construir seu sentido global', 'Eixo leitura', Null, 'Construção do sentido global do texto', 'Estratégias de leitura');
insert into habilidade (id, id_componente, codigo, bncc, ativo, descricao, eixo, pratica_liguagem, objeto_conhecimento, unidade_tematica) values (556, 9, 'EF07LI09', true, true, 'Selecionar, em um texto, a informação desejada como objetivo de leitura', 'Eixo leitura', Null, 'Objetivos de leitura', 'Práticas de leitura e pesquisa');
insert into habilidade (id, id_componente, codigo, bncc, ativo, descricao, eixo, pratica_liguagem, objeto_conhecimento, unidade_tematica) values (557, 9, 'EF07LI10', true, true, 'Escolher, em ambientes virtuais, textos em língua inglesa, de fontes confiáveis, para estudos/pesquisas escolares', 'Eixo leitura', Null, 'Leitura de textos digitais para estudo', 'Práticas de leitura e pesquisa');
insert into habilidade (id, id_componente, codigo, bncc, ativo, descricao, eixo, pratica_liguagem, objeto_conhecimento, unidade_tematica) values (558, 9, 'EF07LI11', true, true, 'Participar de troca de opiniões e informações sobre textos, lidos na sala de aula ou em outros ambientes', 'Eixo leitura', Null, 'Partilha de leitura', 'Atitudes e disposições favoráveis do leitor');
insert into habilidade (id, id_componente, codigo, bncc, ativo, descricao, eixo, pratica_liguagem, objeto_conhecimento, unidade_tematica) values (559, 9, 'EF07LI12', true, true, 'Planejar a escrita de textos em função do contexto (público, finalidade, layout e suporte)', 'Eixo escrita', Null, 'Pré-escrita: planejamento de produção escrita, com mediação do professor', 'Estratégias de escrita: pré-escrita e escrita');
insert into habilidade (id, id_componente, codigo, bncc, ativo, descricao, eixo, pratica_liguagem, objeto_conhecimento, unidade_tematica) values (560, 9, 'EF07LI13', true, true, 'Organizar texto em unidades de sentido, dividindo-o em parágrafos ou tópicos e subtópicos, explorando as possibilidades de organização gráfica, de suporte e de formato do texto', 'Eixo escrita', Null, 'Escrita: organização em parágrafos ou tópicos, com mediação do professor', 'Estratégias de escrita: pré-escrita e escrita');
insert into habilidade (id, id_componente, codigo, bncc, ativo, descricao, eixo, pratica_liguagem, objeto_conhecimento, unidade_tematica) values (561, 9, 'EF07LI14', true, true, 'Produzir textos diversos sobre fatos, acontecimentos e personalidades do passado (linha do tempo/ timelines, biografias, verbetes de enciclopédias, blogues, entre outros)', 'Eixo escrita', Null, 'Produção de textos escritos, em formatos diversos, com mediação do professor', 'Práticas de escrita');
insert into habilidade (id, id_componente, codigo, bncc, ativo, descricao, eixo, pratica_liguagem, objeto_conhecimento, unidade_tematica) values (562, 9, 'EF07LI15', true, true, 'Construir repertório lexical relativo a verbos regulares e irregulares (formas no passado), preposições de tempo (in, on, at) e conectores (and, but, because, then, so, before, after, entre outros)', 'Eixo conhecimentos linguísticos', Null, 'Construção de repertório lexical', 'Estudo do léxico');
insert into habilidade (id, id_componente, codigo, bncc, ativo, descricao, eixo, pratica_liguagem, objeto_conhecimento, unidade_tematica) values (563, 9, 'EF07LI16', true, true, 'Reconhecer a pronúncia de verbos regulares no passado (-ed)', 'Eixo conhecimentos linguísticos', Null, 'Pronúncia', 'Estudo do léxico');
insert into habilidade (id, id_componente, codigo, bncc, ativo, descricao, eixo, pratica_liguagem, objeto_conhecimento, unidade_tematica) values (564, 9, 'EF07LI17', true, true, 'Explorar o caráter polissêmico de palavras de acordo com o contexto de uso', 'Eixo conhecimentos linguísticos', Null, 'Polissemia', 'Estudo do léxico');
insert into habilidade (id, id_componente, codigo, bncc, ativo, descricao, eixo, pratica_liguagem, objeto_conhecimento, unidade_tematica) values (565, 9, 'EF07LI18', true, true, 'Utilizar o passado simples e o passado contínuo para produzir textos orais e escritos, mostrando relações de sequência e causalidade', 'Eixo conhecimentos linguísticos', Null, 'Passado simples e contínuo (formas afirmativa, negativa e interrogativa)', 'Gramática');
insert into habilidade (id, id_componente, codigo, bncc, ativo, descricao, eixo, pratica_liguagem, objeto_conhecimento, unidade_tematica) values (566, 9, 'EF07LI19', true, true, 'Discriminar sujeito de objeto utilizando pronomes a eles relacionados', 'Eixo conhecimentos linguísticos', Null, 'Pronomes do caso reto e do caso oblíquo', 'Gramática');
insert into habilidade (id, id_componente, codigo, bncc, ativo, descricao, eixo, pratica_liguagem, objeto_conhecimento, unidade_tematica) values (567, 9, 'EF07LI20', true, true, 'Empregar, de forma inteligível, o verbo modal can para descrever habilidades (no presente e no passado)', 'Eixo conhecimentos linguísticos', Null, 'Verbo modal can (presente e passado)', 'Gramática');
insert into habilidade (id, id_componente, codigo, bncc, ativo, descricao, eixo, pratica_liguagem, objeto_conhecimento, unidade_tematica) values (568, 9, 'EF07LI21', true, true, 'Analisar o alcance da língua inglesa e os seus contextos de uso no mundo globalizado', 'Eixo dimensão intercultural', Null, 'A língua inglesa como língua global na sociedade contemporânea', 'A língua inglesa no mundo');
insert into habilidade (id, id_componente, codigo, bncc, ativo, descricao, eixo, pratica_liguagem, objeto_conhecimento, unidade_tematica) values (569, 9, 'EF07LI22', true, true, 'Explorar modos de falar em língua inglesa, refutando preconceitos e reconhecendo a variação linguística como fenômeno natural das línguas', 'Eixo dimensão intercultural', Null, 'Variação linguística', 'Comunicação intercultural');
insert into habilidade (id, id_componente, codigo, bncc, ativo, descricao, eixo, pratica_liguagem, objeto_conhecimento, unidade_tematica) values (570, 9, 'EF07LI23', true, true, 'Reconhecer a variação linguística como manifestação de formas de pensar e expressar o mundo', 'Eixo dimensão intercultural', Null, 'Variação linguística', 'Comunicação intercultural');
insert into habilidade (id, id_componente, codigo, bncc, ativo, descricao, eixo, pratica_liguagem, objeto_conhecimento, unidade_tematica) values (571, 9, 'EF08LI01', true, true, 'Fazer uso da língua inglesa para resolver mal-entendidos, emitir opiniões e esclarecer informações por meio de paráfrases ou justificativas', 'Eixo oralidade', Null, 'Negociação de sentidos (mal-entendidos no uso da língua inglesa e conflito de opiniões)', 'Interação discursiva');
insert into habilidade (id, id_componente, codigo, bncc, ativo, descricao, eixo, pratica_liguagem, objeto_conhecimento, unidade_tematica) values (572, 9, 'EF08LI02', true, true, 'Explorar o uso de recursos linguísticos (frases incompletas, hesitações, entre outros) e paralinguísticos (gestos, expressões faciais, entre outros) em situações de interação oral', 'Eixo oralidade', Null, 'Usos de recursos linguísticos e paralinguísticos no intercâmbio oral', 'Interação discursiva');
insert into habilidade (id, id_componente, codigo, bncc, ativo, descricao, eixo, pratica_liguagem, objeto_conhecimento, unidade_tematica) values (573, 9, 'EF08LI03', true, true, 'Construir o sentido global de textos orais, relacionando suas partes, o assunto principal e informações relevantes', 'Eixo oralidade', Null, 'Compreensão de textos orais, multimodais, de cunho informativo/jornalístico', 'Compreensão oral');
insert into habilidade (id, id_componente, codigo, bncc, ativo, descricao, eixo, pratica_liguagem, objeto_conhecimento, unidade_tematica) values (574, 9, 'EF08LI04', true, true, 'Utilizar recursos e repertório linguísticos apropriados para informar/comunicar/falar do futuro: planos, previsões, possibilidades e probabilidades', 'Eixo oralidade', Null, 'Produção de textos orais com autonomia', 'Produção oral');
insert into habilidade (id, id_componente, codigo, bncc, ativo, descricao, eixo, pratica_liguagem, objeto_conhecimento, unidade_tematica) values (575, 9, 'EF08LI05', true, true, 'Inferir informações e relações que não aparecem de modo explícito no texto para construção de sentidos', 'Eixo leitura', Null, 'Construção de sentidos por meio de inferências e reconhecimento de implícitos', 'Estratégias de leitura');
insert into habilidade (id, id_componente, codigo, bncc, ativo, descricao, eixo, pratica_liguagem, objeto_conhecimento, unidade_tematica) values (576, 9, 'EF08LI06', true, true, 'Apreciar textos narrativos em língua inglesa (contos, romances, entre outros, em versão original ou simplificada), como forma de valorizar o patrimônio cultural produzido em língua inglesa', 'Eixo leitura', Null, 'Leitura de textos de cunho artístico/literário', 'Práticas de leitura e fruição');
insert into habilidade (id, id_componente, codigo, bncc, ativo, descricao, eixo, pratica_liguagem, objeto_conhecimento, unidade_tematica) values (577, 9, 'EF08LI07', true, true, 'Explorar ambientes virtuais e/ou aplicativos para acessar e usufruir do patrimônio artístico literário em língua inglesa', 'Eixo leitura', Null, 'Leitura de textos de cunho artístico/literário', 'Práticas de leitura e fruição');
insert into habilidade (id, id_componente, codigo, bncc, ativo, descricao, eixo, pratica_liguagem, objeto_conhecimento, unidade_tematica) values (578, 9, 'EF08LI08', true, true, 'Analisar, criticamente, o conteúdo de textos, comparando diferentes perspectivas apresentadas sobre um mesmo assunto', 'Eixo leitura', Null, 'Reflexão pós-leitura', 'Avaliação dos textos lidos');
insert into habilidade (id, id_componente, codigo, bncc, ativo, descricao, eixo, pratica_liguagem, objeto_conhecimento, unidade_tematica) values (579, 9, 'EF08LI09', true, true, 'Avaliar a própria produção escrita e a de colegas, com base no contexto de comunicação (finalidade e adequação ao público, conteúdo a ser comunicado, organização textual, legibilidade, estrutura de frases)', 'Eixo escrita', Null, 'Revisão de textos com a mediação do professor', 'Estratégias de escrita: escrita e pós- escrita');
insert into habilidade (id, id_componente, codigo, bncc, ativo, descricao, eixo, pratica_liguagem, objeto_conhecimento, unidade_tematica) values (580, 9, 'EF08LI10', true, true, 'Reconstruir o texto, com cortes, acréscimos, reformulações e correções, para aprimoramento, edição e publicação final', 'Eixo escrita', Null, 'Revisão de textos com a mediação do professor', 'Estratégias de escrita: escrita e pós- escrita');
insert into habilidade (id, id_componente, codigo, bncc, ativo, descricao, eixo, pratica_liguagem, objeto_conhecimento, unidade_tematica) values (581, 9, 'EF08LI11', true, true, 'Produzir textos (comentários em fóruns, relatos pessoais, mensagens instantâneas, tweets, reportagens, histórias de ficção, blogues, entre outros), com o uso de estratégias de escrita (planejamento, produção de rascunho, revisão e edição final), apontando sonhos e projetos para o futuro (pessoal, da família, da comunidade ou do planeta)', 'Eixo escrita', Null, 'Produção de textos escritos com mediação do professor/colegas', 'Práticas de escrita');
insert into habilidade (id, id_componente, codigo, bncc, ativo, descricao, eixo, pratica_liguagem, objeto_conhecimento, unidade_tematica) values (582, 9, 'EF08LI12', true, true, 'Construir repertório lexical relativo a planos, previsões e expectativas para o futuro', 'Eixo conhecimentos linguísticos', Null, 'Construção de repertório lexical', 'Estudo do léxico');
insert into habilidade (id, id_componente, codigo, bncc, ativo, descricao, eixo, pratica_liguagem, objeto_conhecimento, unidade_tematica) values (583, 9, 'EF08LI13', true, true, 'Reconhecer sufixos e prefixos comuns utilizados na formação de palavras em língua inglesa', 'Eixo conhecimentos linguísticos', Null, 'Formação de palavras: prefixos e sufixos', 'Estudo do léxico');
insert into habilidade (id, id_componente, codigo, bncc, ativo, descricao, eixo, pratica_liguagem, objeto_conhecimento, unidade_tematica) values (584, 9, 'EF08LI14', true, true, 'Utilizar formas verbais do futuro para descrever planos e expectativas e fazer previsões', 'Eixo conhecimentos linguísticos', Null, 'Verbos para indicar o futuro', 'Gramática');
insert into habilidade (id, id_componente, codigo, bncc, ativo, descricao, eixo, pratica_liguagem, objeto_conhecimento, unidade_tematica) values (585, 9, 'EF08LI15', true, true, 'Utilizar, de modo inteligível, as formas comparativas e superlativas de adjetivos para comparar qualidades e quantidades', 'Eixo conhecimentos linguísticos', Null, 'Comparativos e superlativos', 'Gramática');
insert into habilidade (id, id_componente, codigo, bncc, ativo, descricao, eixo, pratica_liguagem, objeto_conhecimento, unidade_tematica) values (586, 9, 'EF08LI16', true, true, 'Utilizar, de modo inteligível, corretamente, some, any, many, much', 'Eixo conhecimentos linguísticos', Null, 'Quantificadores', 'Gramática');
insert into habilidade (id, id_componente, codigo, bncc, ativo, descricao, eixo, pratica_liguagem, objeto_conhecimento, unidade_tematica) values (587, 9, 'EF08LI17', true, true, 'Empregar, de modo inteligível, os pronomes relativos (who, which, that, whose) para construir períodos compostos por subordinação', 'Eixo conhecimentos linguísticos', Null, 'Pronomes relativos', 'Gramática');
insert into habilidade (id, id_componente, codigo, bncc, ativo, descricao, eixo, pratica_liguagem, objeto_conhecimento, unidade_tematica) values (588, 9, 'EF08LI18', true, true, 'Construir repertório cultural por meio do contato com manifestações artístico-culturais vinculadas à língua inglesa (artes plásticas e visuais, literatura, música, cinema, dança, festividades, entre outros), valorizando a diversidade entre culturas', 'Eixo dimensão intercultural', Null, 'Construção de repertório artístico-cultural', 'Manifestações culturais');
insert into habilidade (id, id_componente, codigo, bncc, ativo, descricao, eixo, pratica_liguagem, objeto_conhecimento, unidade_tematica) values (589, 9, 'EF08LI19', true, true, 'Investigar de que forma expressões, gestos e comportamentos são interpretados em função de aspectos culturais', 'Eixo dimensão intercultural', Null, 'Impacto de aspectos culturais na comunicação', 'Comunicação intercultural');
insert into habilidade (id, id_componente, codigo, bncc, ativo, descricao, eixo, pratica_liguagem, objeto_conhecimento, unidade_tematica) values (590, 9, 'EF08LI20', true, true, 'Examinar fatores que podem impedir o entendimento entre pessoas de culturas diferentes que falam a língua inglesa', 'Eixo dimensão intercultural', Null, 'Impacto de aspectos culturais na comunicação', 'Comunicação intercultural');
insert into habilidade (id, id_componente, codigo, bncc, ativo, descricao, eixo, pratica_liguagem, objeto_conhecimento, unidade_tematica) values (591, 9, 'EF09LI01', true, true, 'Fazer uso da língua inglesa para expor pontos de vista, argumentos e contra-argumentos, considerando o contexto e os recursos linguísticos voltados para a eficácia da comunicação', 'Eixo oralidade', Null, 'Funções e usos da língua inglesa: persuasão', 'Interação discursiva');
insert into habilidade (id, id_componente, codigo, bncc, ativo, descricao, eixo, pratica_liguagem, objeto_conhecimento, unidade_tematica) values (592, 9, 'EF09LI02', true, true, 'Compilar as ideias-chave de textos por meio de tomada de notas', 'Eixo oralidade', Null, 'Compreensão de textos orais, multimodais, de cunho argumentativo', 'Compreensão oral');
insert into habilidade (id, id_componente, codigo, bncc, ativo, descricao, eixo, pratica_liguagem, objeto_conhecimento, unidade_tematica) values (593, 9, 'EF09LI03', true, true, 'Analisar posicionamentos defendidos e refutados em textos orais sobre temas de interesse social e coletivo', 'Eixo oralidade', Null, 'Compreensão de textos orais, multimodais, de cunho argumentativo', 'Compreensão oral');
insert into habilidade (id, id_componente, codigo, bncc, ativo, descricao, eixo, pratica_liguagem, objeto_conhecimento, unidade_tematica) values (594, 9, 'EF09LI04', true, true, 'Expor resultados de pesquisa ou estudo com o apoio de recursos, tais como notas, gráficos, tabelas, entre outros, adequando as estratégias de construção do texto oral aos objetivos de comunicação e ao contexto', 'Eixo oralidade', Null, 'Produção de textos orais com autonomia', 'Produção oral');
insert into habilidade (id, id_componente, codigo, bncc, ativo, descricao, eixo, pratica_liguagem, objeto_conhecimento, unidade_tematica) values (595, 9, 'EF09LI05', true, true, 'Identificar recursos de persuasão (escolha e jogo de palavras, uso de cores e imagens, tamanho de letras), utilizados nos textos publicitários e de propaganda, como elementos de convencimento', 'Eixo leitura', Null, 'Recursos de persuasão', 'Estratégias de leitura');
insert into habilidade (id, id_componente, codigo, bncc, ativo, descricao, eixo, pratica_liguagem, objeto_conhecimento, unidade_tematica) values (596, 9, 'EF09LI06', true, true, 'Distinguir fatos de opiniões em textos argumentativos da esfera jornalística', 'Eixo leitura', Null, 'Recursos de argumentação', 'Estratégias de leitura');
insert into habilidade (id, id_componente, codigo, bncc, ativo, descricao, eixo, pratica_liguagem, objeto_conhecimento, unidade_tematica) values (597, 9, 'EF09LI07', true, true, 'Identificar argumentos principais e as evidências/exemplos que os sustentam', 'Eixo leitura', Null, 'Recursos de argumentação', 'Estratégias de leitura');
insert into habilidade (id, id_componente, codigo, bncc, ativo, descricao, eixo, pratica_liguagem, objeto_conhecimento, unidade_tematica) values (598, 9, 'EF09LI08', true, true, 'Explorar ambientes virtuais de informação e socialização, analisando a qualidade e a validade das informações veiculadas', 'Eixo leitura', Null, 'Informações em ambientes virtuais', 'Práticas de leitura e novas tecnologias');
insert into habilidade (id, id_componente, codigo, bncc, ativo, descricao, eixo, pratica_liguagem, objeto_conhecimento, unidade_tematica) values (599, 9, 'EF09LI09', true, true, 'Compartilhar, com os colegas, a leitura dos textos escritos pelo grupo, valorizando os diferentes pontos de vista defendidos, com ética e respeito', 'Eixo leitura', Null, 'Reflexão pós-leitura', 'Avaliação dos textos lidos');
insert into habilidade (id, id_componente, codigo, bncc, ativo, descricao, eixo, pratica_liguagem, objeto_conhecimento, unidade_tematica) values (600, 9, 'EF09LI10', true, true, 'Propor potenciais argumentos para expor e defender ponto de vista em texto escrito, refletindo sobre o tema proposto e pesquisando dados, evidências e exemplos para sustentar os argumentos, organizando-os em sequência lógica', 'Eixo escrita', Null, 'Escrita: construção da argumentação', 'Estratégias de escrita');
insert into habilidade (id, id_componente, codigo, bncc, ativo, descricao, eixo, pratica_liguagem, objeto_conhecimento, unidade_tematica) values (601, 9, 'EF09LI11', true, true, 'Utilizar recursos verbais e não verbais para construção da persuasão em textos da esfera publicitária, de forma adequada ao contexto de circulação (produção e compreensão)', 'Eixo escrita', Null, 'Escrita: construção da persuasão', 'Estratégias de escrita');
insert into habilidade (id, id_componente, codigo, bncc, ativo, descricao, eixo, pratica_liguagem, objeto_conhecimento, unidade_tematica) values (602, 9, 'EF09LI12', true, true, 'Produzir textos (infográficos, fóruns de discussão on-line, fotorreportagens, campanhas publicitárias, memes, entre outros) sobre temas de interesse coletivo local ou global, que revelem posicionamento crítico', 'Eixo escrita', Null, 'Produção de textos escritos, com mediação do professor/colegas', 'Práticas de escrita');
insert into habilidade (id, id_componente, codigo, bncc, ativo, descricao, eixo, pratica_liguagem, objeto_conhecimento, unidade_tematica) values (603, 9, 'EF09LI13', true, true, 'Reconhecer, nos novos gêneros digitais (blogues, mensagens instantâneas, tweets, entre outros), novas formas de escrita (abreviação de palavras, palavras com combinação de letras e números, pictogramas, símbolos gráficos, entre outros) na constituição das mensagens', 'Eixo conhecimentos linguísticos', Null, 'Usos de linguagem em meio digital: “internetês”', 'Estudo do léxico');
insert into habilidade (id, id_componente, codigo, bncc, ativo, descricao, eixo, pratica_liguagem, objeto_conhecimento, unidade_tematica) values (604, 9, 'EF09LI14', true, true, 'Utilizar conectores indicadores de adição, condição, oposição, contraste, conclusão e síntese como auxiliares na construção da argumentação e intencionalidade discursiva', 'Eixo conhecimentos linguísticos', Null, 'Conectores (linking words)', 'Estudo do léxico');
insert into habilidade (id, id_componente, codigo, bncc, ativo, descricao, eixo, pratica_liguagem, objeto_conhecimento, unidade_tematica) values (605, 9, 'EF09LI15', true, true, 'Empregar, de modo inteligível, as formas verbais em orações condicionais dos tipos 1 e 2 (If-clauses)', 'Eixo conhecimentos linguísticos', Null, 'Orações condicionais (tipos 1 e 2)', 'Gramática');
insert into habilidade (id, id_componente, codigo, bncc, ativo, descricao, eixo, pratica_liguagem, objeto_conhecimento, unidade_tematica) values (606, 9, 'EF09LI16', true, true, 'Empregar, de modo inteligível, os verbos should, must, have to, may e might para indicar recomendação, necessidade ou obrigação e probabilidade', 'Eixo conhecimentos linguísticos', Null, 'Verbos modais: should, must, have to, may e might', 'Gramática');
insert into habilidade (id, id_componente, codigo, bncc, ativo, descricao, eixo, pratica_liguagem, objeto_conhecimento, unidade_tematica) values (607, 9, 'EF09LI17', true, true, 'Debater sobre a expansão da língua inglesa pelo mundo, em função do processo de colonização nas Américas, África, Ásia e Oceania', 'Eixo dimensão intercultural', Null, 'Expansão da língua inglesa: contexto histórico', 'A língua inglesa no mundo');
insert into habilidade (id, id_componente, codigo, bncc, ativo, descricao, eixo, pratica_liguagem, objeto_conhecimento, unidade_tematica) values (608, 9, 'EF09LI18', true, true, 'Analisar a importância da língua inglesa para o desenvolvimento das ciências (produção, divulgação e discussão de novos conhecimentos), da economia e da política no cenário mundial', 'Eixo dimensão intercultural', Null, 'A língua inglesa e seu papel no intercâmbio científico, econômico e político', 'A língua inglesa no mundo');
insert into habilidade (id, id_componente, codigo, bncc, ativo, descricao, eixo, pratica_liguagem, objeto_conhecimento, unidade_tematica) values (609, 9, 'EF09LI19', true, true, 'Discutir a comunicação intercultural por meio da língua inglesa como mecanismo de valorização pessoal e de construção de identidades no mundo globalizado', 'Eixo dimensão intercultural', Null, 'Construção de identidades no mundo globalizado', 'Comunicação intercultural');


insert into habilidade_faixa_ano (id_habilidade, id_faixa_ano) values (522, 9);
insert into habilidade_faixa_ano (id_habilidade, id_faixa_ano) values (523, 9);
insert into habilidade_faixa_ano (id_habilidade, id_faixa_ano) values (524, 9);
insert into habilidade_faixa_ano (id_habilidade, id_faixa_ano) values (525, 9);
insert into habilidade_faixa_ano (id_habilidade, id_faixa_ano) values (526, 9);
insert into habilidade_faixa_ano (id_habilidade, id_faixa_ano) values (527, 9);
insert into habilidade_faixa_ano (id_habilidade, id_faixa_ano) values (528, 9);
insert into habilidade_faixa_ano (id_habilidade, id_faixa_ano) values (529, 9);
insert into habilidade_faixa_ano (id_habilidade, id_faixa_ano) values (530, 9);
insert into habilidade_faixa_ano (id_habilidade, id_faixa_ano) values (531, 9);
insert into habilidade_faixa_ano (id_habilidade, id_faixa_ano) values (532, 9);
insert into habilidade_faixa_ano (id_habilidade, id_faixa_ano) values (533, 9);
insert into habilidade_faixa_ano (id_habilidade, id_faixa_ano) values (534, 9);
insert into habilidade_faixa_ano (id_habilidade, id_faixa_ano) values (535, 9);
insert into habilidade_faixa_ano (id_habilidade, id_faixa_ano) values (536, 9);
insert into habilidade_faixa_ano (id_habilidade, id_faixa_ano) values (537, 9);
insert into habilidade_faixa_ano (id_habilidade, id_faixa_ano) values (538, 9);
insert into habilidade_faixa_ano (id_habilidade, id_faixa_ano) values (539, 9);
insert into habilidade_faixa_ano (id_habilidade, id_faixa_ano) values (540, 9);
insert into habilidade_faixa_ano (id_habilidade, id_faixa_ano) values (541, 9);
insert into habilidade_faixa_ano (id_habilidade, id_faixa_ano) values (542, 9);
insert into habilidade_faixa_ano (id_habilidade, id_faixa_ano) values (543, 9);
insert into habilidade_faixa_ano (id_habilidade, id_faixa_ano) values (544, 9);
insert into habilidade_faixa_ano (id_habilidade, id_faixa_ano) values (545, 9);
insert into habilidade_faixa_ano (id_habilidade, id_faixa_ano) values (546, 9);
insert into habilidade_faixa_ano (id_habilidade, id_faixa_ano) values (547, 9);
insert into habilidade_faixa_ano (id_habilidade, id_faixa_ano) values (548, 10);
insert into habilidade_faixa_ano (id_habilidade, id_faixa_ano) values (549, 10);
insert into habilidade_faixa_ano (id_habilidade, id_faixa_ano) values (550, 10);
insert into habilidade_faixa_ano (id_habilidade, id_faixa_ano) values (551, 10);
insert into habilidade_faixa_ano (id_habilidade, id_faixa_ano) values (552, 10);
insert into habilidade_faixa_ano (id_habilidade, id_faixa_ano) values (553, 10);
insert into habilidade_faixa_ano (id_habilidade, id_faixa_ano) values (554, 10);
insert into habilidade_faixa_ano (id_habilidade, id_faixa_ano) values (555, 10);
insert into habilidade_faixa_ano (id_habilidade, id_faixa_ano) values (556, 10);
insert into habilidade_faixa_ano (id_habilidade, id_faixa_ano) values (557, 10);
insert into habilidade_faixa_ano (id_habilidade, id_faixa_ano) values (558, 10);
insert into habilidade_faixa_ano (id_habilidade, id_faixa_ano) values (559, 10);
insert into habilidade_faixa_ano (id_habilidade, id_faixa_ano) values (560, 10);
insert into habilidade_faixa_ano (id_habilidade, id_faixa_ano) values (561, 10);
insert into habilidade_faixa_ano (id_habilidade, id_faixa_ano) values (562, 10);
insert into habilidade_faixa_ano (id_habilidade, id_faixa_ano) values (563, 10);
insert into habilidade_faixa_ano (id_habilidade, id_faixa_ano) values (564, 10);
insert into habilidade_faixa_ano (id_habilidade, id_faixa_ano) values (565, 10);
insert into habilidade_faixa_ano (id_habilidade, id_faixa_ano) values (566, 10);
insert into habilidade_faixa_ano (id_habilidade, id_faixa_ano) values (567, 10);
insert into habilidade_faixa_ano (id_habilidade, id_faixa_ano) values (568, 10);
insert into habilidade_faixa_ano (id_habilidade, id_faixa_ano) values (569, 10);
insert into habilidade_faixa_ano (id_habilidade, id_faixa_ano) values (570, 10);
insert into habilidade_faixa_ano (id_habilidade, id_faixa_ano) values (571, 11);
insert into habilidade_faixa_ano (id_habilidade, id_faixa_ano) values (572, 11);
insert into habilidade_faixa_ano (id_habilidade, id_faixa_ano) values (573, 11);
insert into habilidade_faixa_ano (id_habilidade, id_faixa_ano) values (574, 11);
insert into habilidade_faixa_ano (id_habilidade, id_faixa_ano) values (575, 11);
insert into habilidade_faixa_ano (id_habilidade, id_faixa_ano) values (576, 11);
insert into habilidade_faixa_ano (id_habilidade, id_faixa_ano) values (577, 11);
insert into habilidade_faixa_ano (id_habilidade, id_faixa_ano) values (578, 11);
insert into habilidade_faixa_ano (id_habilidade, id_faixa_ano) values (579, 11);
insert into habilidade_faixa_ano (id_habilidade, id_faixa_ano) values (580, 11);
insert into habilidade_faixa_ano (id_habilidade, id_faixa_ano) values (581, 11);
insert into habilidade_faixa_ano (id_habilidade, id_faixa_ano) values (582, 11);
insert into habilidade_faixa_ano (id_habilidade, id_faixa_ano) values (583, 11);
insert into habilidade_faixa_ano (id_habilidade, id_faixa_ano) values (584, 11);
insert into habilidade_faixa_ano (id_habilidade, id_faixa_ano) values (585, 11);
insert into habilidade_faixa_ano (id_habilidade, id_faixa_ano) values (586, 11);
insert into habilidade_faixa_ano (id_habilidade, id_faixa_ano) values (587, 11);
insert into habilidade_faixa_ano (id_habilidade, id_faixa_ano) values (588, 11);
insert into habilidade_faixa_ano (id_habilidade, id_faixa_ano) values (589, 11);
insert into habilidade_faixa_ano (id_habilidade, id_faixa_ano) values (590, 11);
insert into habilidade_faixa_ano (id_habilidade, id_faixa_ano) values (591, 12);
insert into habilidade_faixa_ano (id_habilidade, id_faixa_ano) values (592, 12);
insert into habilidade_faixa_ano (id_habilidade, id_faixa_ano) values (593, 12);
insert into habilidade_faixa_ano (id_habilidade, id_faixa_ano) values (594, 12);
insert into habilidade_faixa_ano (id_habilidade, id_faixa_ano) values (595, 12);
insert into habilidade_faixa_ano (id_habilidade, id_faixa_ano) values (596, 12);
insert into habilidade_faixa_ano (id_habilidade, id_faixa_ano) values (597, 12);
insert into habilidade_faixa_ano (id_habilidade, id_faixa_ano) values (598, 12);
insert into habilidade_faixa_ano (id_habilidade, id_faixa_ano) values (599, 12);
insert into habilidade_faixa_ano (id_habilidade, id_faixa_ano) values (600, 12);
insert into habilidade_faixa_ano (id_habilidade, id_faixa_ano) values (601, 12);
insert into habilidade_faixa_ano (id_habilidade, id_faixa_ano) values (602, 12);
insert into habilidade_faixa_ano (id_habilidade, id_faixa_ano) values (603, 12);
insert into habilidade_faixa_ano (id_habilidade, id_faixa_ano) values (604, 12);
insert into habilidade_faixa_ano (id_habilidade, id_faixa_ano) values (605, 12);
insert into habilidade_faixa_ano (id_habilidade, id_faixa_ano) values (606, 12);
insert into habilidade_faixa_ano (id_habilidade, id_faixa_ano) values (607, 12);
insert into habilidade_faixa_ano (id_habilidade, id_faixa_ano) values (608, 12);
insert into habilidade_faixa_ano (id_habilidade, id_faixa_ano) values (609, 12);


insert into habilidade (id, id_componente, codigo, bncc, ativo, descricao, campo_atuacao, pratica_liguagem, objeto_conhecimento, unidade_tematica) values (610, 4, 'EF01MA01', true, true, 'Utilizar números naturais como indicador de quantidade ou de ordem em diferentes situações cotidianas e reconhecer situações em que os números não indicam contagem nem ordem, mas sim código de identificação', Null, Null, 'Contagem de rotina Contagem ascendente e descendente Reconhecimento de números no contexto diário: indicação de quantidades, indicação de ordem ou indicação de código para a organização de informações', 'Números');
insert into habilidade (id, id_componente, codigo, bncc, ativo, descricao, campo_atuacao, pratica_liguagem, objeto_conhecimento, unidade_tematica) values (611, 4, 'EF01MA02', true, true, 'Contar de maneira exata ou aproximada, utilizando diferentes estratégias como o pareamento e outros agrupamentos', Null, Null, 'Quantificação de elementos de uma coleção: estimativas, contagem um a um, pareamento ou outros agrupamentos e comparação', 'Números');
insert into habilidade (id, id_componente, codigo, bncc, ativo, descricao, campo_atuacao, pratica_liguagem, objeto_conhecimento, unidade_tematica) values (612, 4, 'EF01MA03', true, true, 'Estimar e comparar quantidades de objetos de dois conjuntos (em torno de 20 elementos), por estimativa e/ou por correspondência (um a um, dois a dois) para indicar “tem mais”, “tem menos” ou “tem a mesma quantidade”', Null, Null, 'Quantificação de elementos de uma coleção: estimativas, contagem um a um, pareamento ou outros agrupamentos e comparação', 'Números');
insert into habilidade (id, id_componente, codigo, bncc, ativo, descricao, campo_atuacao, pratica_liguagem, objeto_conhecimento, unidade_tematica) values (613, 4, 'EF01MA04', true, true, 'Contar a quantidade de objetos de coleções até 100 unidades e apresentar o resultado por registros verbais e simbólicos, em situações de seu interesse, como jogos, brincadeiras, materiais da sala de aula, entre outros', Null, Null, 'Leitura, escrita e comparação de números naturais (até 100) Reta numérica', 'Números');
insert into habilidade (id, id_componente, codigo, bncc, ativo, descricao, campo_atuacao, pratica_liguagem, objeto_conhecimento, unidade_tematica) values (614, 4, 'EF01MA05', true, true, 'Comparar números naturais de até duas ordens em situações cotidianas, com e sem suporte da reta numérica', Null, Null, 'Leitura, escrita e comparação de números naturais (até 100) Reta numérica', 'Números');
insert into habilidade (id, id_componente, codigo, bncc, ativo, descricao, campo_atuacao, pratica_liguagem, objeto_conhecimento, unidade_tematica) values (615, 4, 'EF01MA06', true, true, 'Construir fatos básicos da adição e utilizá-los em procedimentos de cálculo para resolver problemas', Null, Null, 'Construção de fatos básicos da adição', 'Números');
insert into habilidade (id, id_componente, codigo, bncc, ativo, descricao, campo_atuacao, pratica_liguagem, objeto_conhecimento, unidade_tematica) values (616, 4, 'EF01MA07', true, true, 'Compor e decompor número de até duas ordens, por meio de diferentes adições, com o suporte de material manipulável, contribuindo para a compreensão de características do sistema de numeração decimal e o desenvolvimento de estratégias de cálculo', Null, Null, 'Composição e decomposição de números naturais', 'Números');
insert into habilidade (id, id_componente, codigo, bncc, ativo, descricao, campo_atuacao, pratica_liguagem, objeto_conhecimento, unidade_tematica) values (617, 4, 'EF01MA08', true, true, 'Resolver e elaborar problemas de adição e de subtração, envolvendo números de até dois algarismos, com os significados de juntar, acrescentar, separar e retirar, com o suporte de imagens e/ou material manipulável, utilizando estratégias e formas de registro pessoais', Null, Null, 'Problemas envolvendo diferentes significados da adição e da subtração (juntar, acrescentar, separar, retirar)', 'Números');
insert into habilidade (id, id_componente, codigo, bncc, ativo, descricao, campo_atuacao, pratica_liguagem, objeto_conhecimento, unidade_tematica) values (618, 4, 'EF01MA09', true, true, 'Organizar e ordenar objetos familiares ou representações por figuras, por meio de atributos, tais como cor, forma e medida', Null, Null, 'Padrões figurais e numéricos: investigação de regularidades ou padrões em sequências', 'Álgebra');
insert into habilidade (id, id_componente, codigo, bncc, ativo, descricao, campo_atuacao, pratica_liguagem, objeto_conhecimento, unidade_tematica) values (619, 4, 'EF01MA10', true, true, 'Descrever, após o reconhecimento e a explicitação de um padrão (ou regularidade), os elementos ausentes em sequências recursivas de números naturais, objetos ou figuras', Null, Null, 'Sequências recursivas: observação de regras usadas utilizadas em seriações numéricas (mais 1, mais 2, menos 1, menos 2, por exemplo)', 'Álgebra');
insert into habilidade (id, id_componente, codigo, bncc, ativo, descricao, campo_atuacao, pratica_liguagem, objeto_conhecimento, unidade_tematica) values (620, 4, 'EF01MA11', true, true, 'Descrever a localização de pessoas e de objetos no espaço em relação à sua própria posição, utilizando termos como à direita, à esquerda, em frente, atrás', Null, Null, 'Localização de objetos e de pessoas no espaço, utilizando diversos pontos de referência e vocabulário apropriado', 'Geometria');
insert into habilidade (id, id_componente, codigo, bncc, ativo, descricao, campo_atuacao, pratica_liguagem, objeto_conhecimento, unidade_tematica) values (621, 4, 'EF01MA12', true, true, 'Descrever a localização de pessoas e de objetos no espaço segundo um dado ponto de referência, compreendendo que, para a utilização de termos que se referem à posição, como direita, esquerda, em cima, em baixo, é necessário explicitar-se o referencial', Null, Null, 'Localização de objetos e de pessoas no espaço, utilizando diversos pontos de referência e vocabulário apropriado', 'Geometria');
insert into habilidade (id, id_componente, codigo, bncc, ativo, descricao, campo_atuacao, pratica_liguagem, objeto_conhecimento, unidade_tematica) values (622, 4, 'EF01MA13', true, true, 'Relacionar figuras geométricas espaciais (cones, cilindros, esferas e blocos retangulares) a objetos familiares do mundo físico', Null, Null, 'Figuras geométricas espaciais: reconhecimento e relações com objetos familiares do mundo físico', 'Geometria');
insert into habilidade (id, id_componente, codigo, bncc, ativo, descricao, campo_atuacao, pratica_liguagem, objeto_conhecimento, unidade_tematica) values (623, 4, 'EF01MA14', true, true, 'Identificar e nomear figuras planas (círculo, quadrado, retângulo e triângulo) em desenhos apresentados em diferentes disposições ou em contornos de faces de sólidos geométricos', Null, Null, 'Figuras geométricas planas: reconhecimento do formato das faces de figuras geométricas espaciais', 'Geometria');
insert into habilidade (id, id_componente, codigo, bncc, ativo, descricao, campo_atuacao, pratica_liguagem, objeto_conhecimento, unidade_tematica) values (624, 4, 'EF01MA15', true, true, 'Comparar comprimentos, capacidades ou massas, utilizando termos como mais alto, mais baixo, mais comprido, mais curto, mais grosso, mais fino, mais largo, mais pesado, mais leve, cabe mais, cabe menos, entre outros, para ordenar objetos de uso cotidiano', Null, Null, 'Medidas de comprimento, massa e capacidade: comparações e unidades de medida não convencionais', 'Grandezas e medidas');
insert into habilidade (id, id_componente, codigo, bncc, ativo, descricao, campo_atuacao, pratica_liguagem, objeto_conhecimento, unidade_tematica) values (625, 4, 'EF01MA16', true, true, 'Relatar em linguagem verbal ou não verbal sequência de acontecimentos relativos a um dia, utilizando, quando possível, os horários dos eventos', Null, Null, 'Medidas de tempo: unidades de medida de tempo, suas relações e o uso do calendário', 'Grandezas e medidas');
insert into habilidade (id, id_componente, codigo, bncc, ativo, descricao, campo_atuacao, pratica_liguagem, objeto_conhecimento, unidade_tematica) values (626, 4, 'EF01MA17', true, true, 'Reconhecer e relacionar períodos do dia, dias da semana e meses do ano, utilizando calendário, quando necessário', Null, Null, 'Medidas de tempo: unidades de medida de tempo, suas relações e o uso do calendário', 'Grandezas e medidas');
insert into habilidade (id, id_componente, codigo, bncc, ativo, descricao, campo_atuacao, pratica_liguagem, objeto_conhecimento, unidade_tematica) values (627, 4, 'EF01MA18', true, true, 'Produzir a escrita de uma data, apresentando o dia, o mês e o ano, e indicar o dia da semana de uma data, consultando calendários', Null, Null, 'Medidas de tempo: unidades de medida de tempo, suas relações e o uso do calendário', 'Grandezas e medidas');
insert into habilidade (id, id_componente, codigo, bncc, ativo, descricao, campo_atuacao, pratica_liguagem, objeto_conhecimento, unidade_tematica) values (628, 4, 'EF01MA19', true, true, 'Reconhecer e relacionar valores de moedas e cédulas do sistema monetário brasileiro para resolver situações simples do cotidiano do estudante', Null, Null, 'Sistema monetário brasileiro: reconhecimento de cédulas e moedas', 'Grandezas e medidas');
insert into habilidade (id, id_componente, codigo, bncc, ativo, descricao, campo_atuacao, pratica_liguagem, objeto_conhecimento, unidade_tematica) values (629, 4, 'EF01MA20', true, true, 'Classificar eventos envolvendo o acaso, tais como “acontecerá com certeza”, “talvez aconteça” e “é impossível acontecer”, em situações do cotidiano', Null, Null, 'Noção de acaso', 'Probabilidade e estatística');
insert into habilidade (id, id_componente, codigo, bncc, ativo, descricao, campo_atuacao, pratica_liguagem, objeto_conhecimento, unidade_tematica) values (630, 4, 'EF01MA21', true, true, 'Ler dados expressos em tabelas e em gráficos de colunas simples', Null, Null, 'Leitura de tabelas e de gráficos de colunas simples', 'Probabilidade e estatística');
insert into habilidade (id, id_componente, codigo, bncc, ativo, descricao, campo_atuacao, pratica_liguagem, objeto_conhecimento, unidade_tematica) values (631, 4, 'EF01MA22', true, true, 'Realizar pesquisa, envolvendo até duas variáveis categóricas de seu interesse e universo de até 30 elementos, e organizar dados por meio de representações pessoais', Null, Null, 'Coleta e organização de informações Registros pessoais para comunicação de informações coletadas', 'Probabilidade e estatística');
insert into habilidade (id, id_componente, codigo, bncc, ativo, descricao, campo_atuacao, pratica_liguagem, objeto_conhecimento, unidade_tematica) values (632, 4, 'EF02MA01', true, true, 'Comparar e ordenar números naturais (até a ordem de centenas) pela compreensão de características do sistema de numeração decimal (valor posicional e função do zero)', Null, Null, 'Leitura, escrita, comparação e ordenação de números de até três ordens pela compreensão de características do sistema de numeração decimal (valor posicional e papel do zero)', 'Números');
insert into habilidade (id, id_componente, codigo, bncc, ativo, descricao, campo_atuacao, pratica_liguagem, objeto_conhecimento, unidade_tematica) values (633, 4, 'EF02MA02', true, true, 'Fazer estimativas por meio de estratégias diversas a respeito da quantidade de objetos de coleções e registrar o resultado da contagem desses objetos (até 1000 unidades)', Null, Null, 'Leitura, escrita, comparação e ordenação de números de até três ordens pela compreensão de características do sistema de numeração decimal (valor posicional e papel do zero)', 'Números');
insert into habilidade (id, id_componente, codigo, bncc, ativo, descricao, campo_atuacao, pratica_liguagem, objeto_conhecimento, unidade_tematica) values (634, 4, 'EF02MA03', true, true, 'Comparar quantidades de objetos de dois conjuntos, por estimativa e/ou por correspondência (um a um, dois a dois, entre outros), para indicar “tem mais”, “tem menos” ou “tem a mesma quantidade”, indicando, quando for o caso, quantos a mais e quantos a menos', Null, Null, 'Leitura, escrita, comparação e ordenação de números de até três ordens pela compreensão de características do sistema de numeração decimal (valor posicional e papel do zero)', 'Números');
insert into habilidade (id, id_componente, codigo, bncc, ativo, descricao, campo_atuacao, pratica_liguagem, objeto_conhecimento, unidade_tematica) values (635, 4, 'EF02MA04', true, true, 'Compor e decompor números naturais de até três ordens, com suporte de material manipulável, por meio de diferentes adições', Null, Null, 'Composição e decomposição de números naturais (até 1000)', 'Números');
insert into habilidade (id, id_componente, codigo, bncc, ativo, descricao, campo_atuacao, pratica_liguagem, objeto_conhecimento, unidade_tematica) values (636, 4, 'EF02MA05', true, true, 'Construir fatos básicos da adição e subtração e utilizá-los no cálculo mental ou escrito', Null, Null, 'Construção de fatos fundamentais da adição e da subtração', 'Números');
insert into habilidade (id, id_componente, codigo, bncc, ativo, descricao, campo_atuacao, pratica_liguagem, objeto_conhecimento, unidade_tematica) values (637, 4, 'EF02MA06', true, true, 'Resolver e elaborar problemas de adição e de subtração, envolvendo números de até três ordens, com os significados de juntar, acrescentar, separar, retirar, utilizando estratégias pessoais ou convencionais', Null, Null, 'Problemas envolvendo diferentes significados da adição e da subtração (juntar, acrescentar, separar, retirar)', 'Números');
insert into habilidade (id, id_componente, codigo, bncc, ativo, descricao, campo_atuacao, pratica_liguagem, objeto_conhecimento, unidade_tematica) values (638, 4, 'EF02MA07', true, true, 'Resolver e elaborar problemas de multiplicação (por 2, 3, 4 e 5) com a ideia de adição de parcelas iguais por meio de estratégias e formas de registro pessoais, utilizando ou não suporte de imagens e/ou material manipulável', Null, Null, 'Problemas envolvendo adição de parcelas iguais (multiplicação)', 'Números');
insert into habilidade (id, id_componente, codigo, bncc, ativo, descricao, campo_atuacao, pratica_liguagem, objeto_conhecimento, unidade_tematica) values (639, 4, 'EF02MA08', true, true, 'Resolver e elaborar problemas envolvendo dobro, metade, triplo e terça parte, com o suporte de imagens ou material manipulável, utilizando estratégias pessoais', Null, Null, 'Problemas envolvendo significados de dobro, metade, triplo e terça parte', 'Números');
insert into habilidade (id, id_componente, codigo, bncc, ativo, descricao, campo_atuacao, pratica_liguagem, objeto_conhecimento, unidade_tematica) values (640, 4, 'EF02MA09', true, true, 'Construir sequências de números naturais em ordem crescente ou decrescente a partir de um número qualquer, utilizando uma regularidade estabelecida', Null, Null, 'Construção de sequências repetitivas e de sequências recursivas', 'Álgebra');
insert into habilidade (id, id_componente, codigo, bncc, ativo, descricao, campo_atuacao, pratica_liguagem, objeto_conhecimento, unidade_tematica) values (641, 4, 'EF02MA10', true, true, 'Descrever um padrão (ou regularidade) de sequências repetitivas e de sequências recursivas, por meio de palavras, símbolos ou desenhos', Null, Null, 'Identificação de regularidade de sequências e determinação de elementos ausentes na sequência', 'Álgebra');
insert into habilidade (id, id_componente, codigo, bncc, ativo, descricao, campo_atuacao, pratica_liguagem, objeto_conhecimento, unidade_tematica) values (642, 4, 'EF02MA11', true, true, 'Descrever os elementos ausentes em sequências repetitivas e em sequências recursivas de números naturais, objetos ou figuras', Null, Null, 'Identificação de regularidade de sequências e determinação de elementos ausentes na sequência', 'Álgebra');
insert into habilidade (id, id_componente, codigo, bncc, ativo, descricao, campo_atuacao, pratica_liguagem, objeto_conhecimento, unidade_tematica) values (643, 4, 'EF02MA12', true, true, 'Identificar e registrar, em linguagem verbal ou não verbal, a localização e os deslocamentos de pessoas e de objetos no espaço, considerando mais de um ponto de referência, e indicar as mudanças de direção e de sentido', Null, Null, 'Localização e movimentação de pessoas e objetos no espaço, segundo pontos de referência, e indicação de mudanças de direção e sentido', 'Geometria');
insert into habilidade (id, id_componente, codigo, bncc, ativo, descricao, campo_atuacao, pratica_liguagem, objeto_conhecimento, unidade_tematica) values (644, 4, 'EF02MA13', true, true, 'Esboçar roteiros a ser seguidos ou plantas de ambientes familiares, assinalando entradas, saídas e alguns pontos de referência', Null, Null, 'Esboço de roteiros e de plantas simples', 'Geometria');
insert into habilidade (id, id_componente, codigo, bncc, ativo, descricao, campo_atuacao, pratica_liguagem, objeto_conhecimento, unidade_tematica) values (645, 4, 'EF02MA14', true, true, 'Reconhecer, nomear e comparar figuras geométricas espaciais (cubo, bloco retangular, pirâmide, cone, cilindro e esfera), relacionando-as com objetos do mundo físico', Null, Null, 'Figuras geométricas espaciais (cubo, bloco retangular, pirâmide, cone, cilindro e esfera): reconhecimento e características', 'Geometria');
insert into habilidade (id, id_componente, codigo, bncc, ativo, descricao, campo_atuacao, pratica_liguagem, objeto_conhecimento, unidade_tematica) values (646, 4, 'EF02MA15', true, true, 'Reconhecer, comparar e nomear figuras planas (círculo, quadrado, retângulo e triângulo), por meio de características comuns, em desenhos apresentados em diferentes disposições ou em sólidos geométricos', Null, Null, 'Figuras geométricas planas (círculo, quadrado, retângulo e triângulo): reconhecimento e características', 'Geometria');
insert into habilidade (id, id_componente, codigo, bncc, ativo, descricao, campo_atuacao, pratica_liguagem, objeto_conhecimento, unidade_tematica) values (647, 4, 'EF02MA16', true, true, 'Estimar, medir e comparar comprimentos de lados de salas (incluindo contorno) e de polígonos, utilizando unidades de medida não padronizadas e padronizadas (metro, centímetro e milímetro) e instrumentos adequados', Null, Null, 'Medida de comprimento: unidades não padronizadas e padronizadas (metro, centímetro e milímetro)', 'Grandezas e medidas');
insert into habilidade (id, id_componente, codigo, bncc, ativo, descricao, campo_atuacao, pratica_liguagem, objeto_conhecimento, unidade_tematica) values (648, 4, 'EF02MA17', true, true, 'Estimar, medir e comparar capacidade e massa, utilizando estratégias pessoais e unidades de medida não padronizadas ou padronizadas (litro, mililitro, grama e quilograma)', Null, Null, 'Medida de capacidade e de massa: unidades de medida não convencionais e convencionais (litro, mililitro, cm3, grama e quilograma)', 'Grandezas e medidas');
insert into habilidade (id, id_componente, codigo, bncc, ativo, descricao, campo_atuacao, pratica_liguagem, objeto_conhecimento, unidade_tematica) values (649, 4, 'EF02MA18', true, true, 'Indicar a duração de intervalos de tempo entre duas datas, como dias da semana e meses do ano, utilizando calendário, para planejamentos e organização de agenda', Null, Null, 'Medidas de tempo: intervalo de tempo, uso do calendário, leitura de horas em relógios digitais e ordenação de datas', 'Grandezas e medidas');
insert into habilidade (id, id_componente, codigo, bncc, ativo, descricao, campo_atuacao, pratica_liguagem, objeto_conhecimento, unidade_tematica) values (650, 4, 'EF02MA19', true, true, 'Medir a duração de um intervalo de tempo por meio de relógio digital e registrar o horário do início e do fim do intervalo', Null, Null, 'Medidas de tempo: intervalo de tempo, uso do calendário, leitura de horas em relógios digitais e ordenação de datas', 'Grandezas e medidas');
insert into habilidade (id, id_componente, codigo, bncc, ativo, descricao, campo_atuacao, pratica_liguagem, objeto_conhecimento, unidade_tematica) values (651, 4, 'EF02MA20', true, true, 'Estabelecer a equivalência de valores entre moedas e cédulas do sistema monetário brasileiro para resolver situações cotidianas', Null, Null, 'Sistema monetário brasileiro: reconhecimento de cédulas e moedas e equivalência de valores', 'Grandezas e medidas');
insert into habilidade (id, id_componente, codigo, bncc, ativo, descricao, campo_atuacao, pratica_liguagem, objeto_conhecimento, unidade_tematica) values (652, 4, 'EF02MA21', true, true, 'Classificar resultados de eventos cotidianos aleatórios como “pouco prováveis”, “muito prováveis”, “improváveis” e “impossíveis”', Null, Null, 'Análise da ideia de aleatório em situações do cotidiano', 'Probabilidade e estatística');
insert into habilidade (id, id_componente, codigo, bncc, ativo, descricao, campo_atuacao, pratica_liguagem, objeto_conhecimento, unidade_tematica) values (653, 4, 'EF02MA22', true, true, 'Comparar informações de pesquisas apresentadas por meio de tabelas de dupla entrada e em gráficos de colunas simples ou barras, para melhor compreender aspectos da realidade próxima', Null, Null, 'Coleta, classificação e representação de dados em tabelas simples e de dupla entrada e em gráficos de colunas', 'Probabilidade e estatística');
insert into habilidade (id, id_componente, codigo, bncc, ativo, descricao, campo_atuacao, pratica_liguagem, objeto_conhecimento, unidade_tematica) values (654, 4, 'EF02MA23', true, true, 'Realizar pesquisa em universo de até 30 elementos, escolhendo até três variáveis categóricas de seu interesse, organizando os dados coletados em listas, tabelas e gráficos de colunas simples', Null, Null, 'Coleta, classificação e representação de dados em tabelas simples e de dupla entrada e em gráficos de colunas', 'Probabilidade e estatística');
insert into habilidade (id, id_componente, codigo, bncc, ativo, descricao, campo_atuacao, pratica_liguagem, objeto_conhecimento, unidade_tematica) values (655, 4, 'EF03MA01', true, true, 'Ler, escrever e comparar números naturais de até a ordem de unidade de milhar, estabelecendo relações entre os registros numéricos e em língua materna', Null, Null, 'Leitura, escrita, comparação e ordenação de números naturais de quatro ordens', 'Números');
insert into habilidade (id, id_componente, codigo, bncc, ativo, descricao, campo_atuacao, pratica_liguagem, objeto_conhecimento, unidade_tematica) values (656, 4, 'EF03MA02', true, true, 'Identificar características do sistema de numeração decimal, utilizando a composição e a decomposição de número natural de até quatro ordens', Null, Null, 'Composição e decomposição de números naturais', 'Números');
insert into habilidade (id, id_componente, codigo, bncc, ativo, descricao, campo_atuacao, pratica_liguagem, objeto_conhecimento, unidade_tematica) values (657, 4, 'EF03MA03', true, true, 'Construir e utilizar fatos básicos da adição e da multiplicação para o cálculo mental ou escrito', Null, Null, 'Construção de fatos fundamentais da adição, subtração e multiplicação Reta numérica', 'Números');
insert into habilidade (id, id_componente, codigo, bncc, ativo, descricao, campo_atuacao, pratica_liguagem, objeto_conhecimento, unidade_tematica) values (658, 4, 'EF03MA04', true, true, 'Estabelecer a relação entre números naturais e pontos da reta numérica para utilizá-la na ordenação dos números naturais e também na construção de fatos da adição e da subtração, relacionando-os com deslocamentos para a direita ou para a esquerda', Null, Null, 'Construção de fatos fundamentais da adição, subtração e multiplicação Reta numérica', 'Números');
insert into habilidade (id, id_componente, codigo, bncc, ativo, descricao, campo_atuacao, pratica_liguagem, objeto_conhecimento, unidade_tematica) values (659, 4, 'EF03MA05', true, true, 'Utilizar diferentes procedimentos de cálculo mental e escrito para resolver problemas significativos envolvendo adição e subtração com números naturais', Null, Null, 'Procedimentos de cálculo (mental e escrito) com números naturais: adição e subtração', 'Números');
insert into habilidade (id, id_componente, codigo, bncc, ativo, descricao, campo_atuacao, pratica_liguagem, objeto_conhecimento, unidade_tematica) values (660, 4, 'EF03MA06', true, true, 'Resolver e elaborar problemas de adição e subtração com os significados de juntar, acrescentar, separar, retirar, comparar e completar quantidades, utilizando diferentes estratégias de cálculo exato ou aproximado, incluindo cálculo mental', Null, Null, 'Problemas envolvendo significados da adição e da subtração: juntar, acrescentar, separar, retirar, comparar e completar quantidades', 'Números');
insert into habilidade (id, id_componente, codigo, bncc, ativo, descricao, campo_atuacao, pratica_liguagem, objeto_conhecimento, unidade_tematica) values (661, 4, 'EF03MA07', true, true, 'Resolver e elaborar problemas de multiplicação (por 2, 3, 4, 5 e 10) com os significados de adição de parcelas iguais e elementos apresentados em disposição retangular, utilizando diferentes estratégias de cálculo e registros', Null, Null, 'Problemas envolvendo diferentes significados da multiplicação e da divisão: adição de parcelas iguais, configuração retangular, repartição em partes iguais e medida', 'Números');
insert into habilidade (id, id_componente, codigo, bncc, ativo, descricao, campo_atuacao, pratica_liguagem, objeto_conhecimento, unidade_tematica) values (662, 4, 'EF03MA08', true, true, 'Resolver e elaborar problemas de divisão de um número natural por outro (até 10), com resto zero e com resto diferente de zero, com os significados de repartição equitativa e de medida, por meio de estratégias e registros pessoais', Null, Null, 'Problemas envolvendo diferentes significados da multiplicação e da divisão: adição de parcelas iguais, configuração retangular, repartição em partes iguais e medida', 'Números');
insert into habilidade (id, id_componente, codigo, bncc, ativo, descricao, campo_atuacao, pratica_liguagem, objeto_conhecimento, unidade_tematica) values (663, 4, 'EF03MA09', true, true, 'Associar o quociente de uma divisão com resto zero de um número natural por 2, 3, 4, 5 e 10 às ideias de metade, terça, quarta, quinta e décima partes', Null, Null, 'Significados de metade, terça parte, quarta parte, quinta parte e décima parte', 'Números');
insert into habilidade (id, id_componente, codigo, bncc, ativo, descricao, campo_atuacao, pratica_liguagem, objeto_conhecimento, unidade_tematica) values (664, 4, 'EF03MA10', true, true, 'Identificar regularidades em sequências ordenadas de números naturais, resultantes da realização de adições ou subtrações sucessivas, por um mesmo número, descrever uma regra de formação da sequência e determinar elementos faltantes ou seguintes', Null, Null, 'Identificação e descrição de regularidades em sequências numéricas recursivas', 'Álgebra');
insert into habilidade (id, id_componente, codigo, bncc, ativo, descricao, campo_atuacao, pratica_liguagem, objeto_conhecimento, unidade_tematica) values (665, 4, 'EF03MA11', true, true, 'Compreender a ideia de igualdade para escrever diferentes sentenças de adições ou de subtrações de dois números naturais que resultem na mesma soma ou diferença', Null, Null, 'Relação de igualdade', 'Álgebra');
insert into habilidade (id, id_componente, codigo, bncc, ativo, descricao, campo_atuacao, pratica_liguagem, objeto_conhecimento, unidade_tematica) values (666, 4, 'EF03MA12', true, true, 'Descrever e representar, por meio de esboços de trajetos ou utilizando croquis e maquetes, a movimentação de pessoas ou de objetos no espaço, incluindo mudanças de direção e sentido, com base em diferentes pontos de referência', Null, Null, 'Localização e movimentação: representação de objetos e pontos de referência', 'Geometria');
insert into habilidade (id, id_componente, codigo, bncc, ativo, descricao, campo_atuacao, pratica_liguagem, objeto_conhecimento, unidade_tematica) values (667, 4, 'EF03MA13', true, true, 'Associar figuras geométricas espaciais (cubo, bloco retangular, pirâmide, cone, cilindro e esfera) a objetos do mundo físico e nomear essas figuras', Null, Null, 'Figuras geométricas espaciais (cubo, bloco retangular, pirâmide, cone, cilindro e esfera): reconhecimento, análise de características e planificações', 'Geometria');
insert into habilidade (id, id_componente, codigo, bncc, ativo, descricao, campo_atuacao, pratica_liguagem, objeto_conhecimento, unidade_tematica) values (668, 4, 'EF03MA14', true, true, 'Descrever características de algumas figuras geométricas espaciais (prismas retos, pirâmides, cilindros, cones), relacionando-as com suas planificações', Null, Null, 'Figuras geométricas espaciais (cubo, bloco retangular, pirâmide, cone, cilindro e esfera): reconhecimento, análise de características e planificações', 'Geometria');
insert into habilidade (id, id_componente, codigo, bncc, ativo, descricao, campo_atuacao, pratica_liguagem, objeto_conhecimento, unidade_tematica) values (669, 4, 'EF03MA15', true, true, 'Classificar e comparar figuras planas (triângulo, quadrado, retângulo, trapézio e paralelogramo) em relação a seus lados (quantidade, posições relativas e comprimento) e vértices', Null, Null, 'Figuras geométricas planas (triângulo, quadrado, retângulo, trapézio e paralelogramo): reconhecimento e análise de características', 'Geometria');
insert into habilidade (id, id_componente, codigo, bncc, ativo, descricao, campo_atuacao, pratica_liguagem, objeto_conhecimento, unidade_tematica) values (670, 4, 'EF03MA16', true, true, 'Reconhecer figuras congruentes, usando sobreposição e desenhos em malhas quadriculadas ou triangulares, incluindo o uso de tecnologias digitais', Null, Null, 'Congruência de figuras geométricas planas', 'Geometria');
insert into habilidade (id, id_componente, codigo, bncc, ativo, descricao, campo_atuacao, pratica_liguagem, objeto_conhecimento, unidade_tematica) values (671, 4, 'EF03MA17', true, true, 'Reconhecer que o resultado de uma medida depende da unidade de medida utilizada', Null, Null, 'Significado de medida e de unidade de medida', 'Grandezas e medidas');
insert into habilidade (id, id_componente, codigo, bncc, ativo, descricao, campo_atuacao, pratica_liguagem, objeto_conhecimento, unidade_tematica) values (672, 4, 'EF03MA18', true, true, 'Escolher a unidade de medida e o instrumento mais apropriado para medições de comprimento, tempo e capacidade', Null, Null, 'Significado de medida e de unidade de medida', 'Grandezas e medidas');
insert into habilidade (id, id_componente, codigo, bncc, ativo, descricao, campo_atuacao, pratica_liguagem, objeto_conhecimento, unidade_tematica) values (673, 4, 'EF03MA19', true, true, 'Estimar, medir e comparar comprimentos, utilizando unidades de medida não padronizadas e padronizadas mais usuais (metro, centímetro e milímetro) e diversos instrumentos de medida', Null, Null, 'Medidas de comprimento (unidades não convencionais e convencionais): registro, instrumentos de medida, estimativas e comparações', 'Grandezas e medidas');
insert into habilidade (id, id_componente, codigo, bncc, ativo, descricao, campo_atuacao, pratica_liguagem, objeto_conhecimento, unidade_tematica) values (674, 4, 'EF03MA20', true, true, 'Estimar e medir capacidade e massa, utilizando unidades de medida não padronizadas e padronizadas mais usuais (litro, mililitro, quilograma, grama e miligrama), reconhecendo-as em leitura de rótulos e embalagens, entre outros', Null, Null, 'Medidas de capacidade e de massa (unidades não convencionais e convencionais): registro, estimativas e comparações', 'Grandezas e medidas');
insert into habilidade (id, id_componente, codigo, bncc, ativo, descricao, campo_atuacao, pratica_liguagem, objeto_conhecimento, unidade_tematica) values (675, 4, 'EF03MA21', true, true, 'Comparar, visualmente ou por superposição, áreas de faces de objetos, de figuras planas ou de desenhos', Null, Null, 'Comparação de áreas por superposição', 'Grandezas e medidas');
insert into habilidade (id, id_componente, codigo, bncc, ativo, descricao, campo_atuacao, pratica_liguagem, objeto_conhecimento, unidade_tematica) values (676, 4, 'EF03MA22', true, true, 'Ler e registrar medidas e intervalos de tempo, utilizando relógios (analógico e digital) para informar os horários de início e término de realização de uma atividade e sua duração', Null, Null, 'Medidas de tempo: leitura de horas em relógios digitais e analógicos, duração de eventos e reconhecimento de relações entre unidades de medida de tempo', 'Grandezas e medidas');
insert into habilidade (id, id_componente, codigo, bncc, ativo, descricao, campo_atuacao, pratica_liguagem, objeto_conhecimento, unidade_tematica) values (677, 4, 'EF03MA23', true, true, 'Ler horas em relógios digitais e em relógios analógicos e reconhecer a relação entre hora e minutos e entre minuto e segundos', Null, Null, 'Medidas de tempo: leitura de horas em relógios digitais e analógicos, duração de eventos e reconhecimento de relações entre unidades de medida de tempo', 'Grandezas e medidas');
insert into habilidade (id, id_componente, codigo, bncc, ativo, descricao, campo_atuacao, pratica_liguagem, objeto_conhecimento, unidade_tematica) values (678, 4, 'EF03MA24', true, true, 'Resolver e elaborar problemas que envolvam a comparação e a equivalência de valores monetários do sistema brasileiro em situações de compra, venda e troca', Null, Null, 'Sistema monetário brasileiro: estabelecimento de equivalências de um mesmo valor na utilização de diferentes cédulas e moedas', 'Grandezas e medidas');
insert into habilidade (id, id_componente, codigo, bncc, ativo, descricao, campo_atuacao, pratica_liguagem, objeto_conhecimento, unidade_tematica) values (679, 4, 'EF03MA25', true, true, 'Identificar, em eventos familiares aleatórios, todos os resultados possíveis, estimando os que têm maiores ou menores chances de ocorrência', Null, Null, 'Análise da ideia de acaso em situações do cotidiano: espaço amostral', 'Probabilidade e estatística');
insert into habilidade (id, id_componente, codigo, bncc, ativo, descricao, campo_atuacao, pratica_liguagem, objeto_conhecimento, unidade_tematica) values (680, 4, 'EF03MA26', true, true, 'Resolver problemas cujos dados estão apresentados em tabelas de dupla entrada, gráficos de barras ou de colunas', Null, Null, 'Leitura, interpretação e representação de dados em tabelas de dupla entrada e gráficos de barras', 'Probabilidade e estatística');
insert into habilidade (id, id_componente, codigo, bncc, ativo, descricao, campo_atuacao, pratica_liguagem, objeto_conhecimento, unidade_tematica) values (681, 4, 'EF03MA27', true, true, 'Ler, interpretar e comparar dados apresentados em tabelas de dupla entrada, gráficos de barras ou de colunas, envolvendo resultados de pesquisas significativas, utilizando termos como maior e menor frequência, apropriando-se desse tipo de linguagem para compreender aspectos da realidade sociocultural significativos', Null, Null, 'Leitura, interpretação e representação de dados em tabelas de dupla entrada e gráficos de barras', 'Probabilidade e estatística');
insert into habilidade (id, id_componente, codigo, bncc, ativo, descricao, campo_atuacao, pratica_liguagem, objeto_conhecimento, unidade_tematica) values (682, 4, 'EF03MA28', true, true, 'Realizar pesquisa envolvendo variáveis categóricas em um universo de até 50 elementos, organizar os dados coletados utilizando listas, tabelas simples ou de dupla entrada e representá-los em gráficos de colunas simples, com e sem uso de tecnologias digitais', Null, Null, 'Coleta, classificação e representação de dados referentes a variáveis categóricas, por meio de tabelas e gráficos', 'Probabilidade e estatística');
insert into habilidade (id, id_componente, codigo, bncc, ativo, descricao, campo_atuacao, pratica_liguagem, objeto_conhecimento, unidade_tematica) values (683, 4, 'EF04MA01', true, true, 'Ler, escrever e ordenar números naturais até a ordem de dezenas de milhar', Null, Null, 'Sistema de numeração decimal: leitura, escrita, comparação e ordenação de números naturais de até cinco ordens', 'Números');
insert into habilidade (id, id_componente, codigo, bncc, ativo, descricao, campo_atuacao, pratica_liguagem, objeto_conhecimento, unidade_tematica) values (684, 4, 'EF04MA02', true, true, 'Mostrar, por decomposição e composição, que todo número natural pode ser escrito por meio de adições e multiplicações por potências de dez, para compreender o sistema de numeração decimal e desenvolver estratégias de cálculo', Null, Null, 'Composição e decomposição de um número natural de até cinco ordens, por meio de adições e multiplicações por potências de 10', 'Números');
insert into habilidade (id, id_componente, codigo, bncc, ativo, descricao, campo_atuacao, pratica_liguagem, objeto_conhecimento, unidade_tematica) values (685, 4, 'EF04MA03', true, true, 'Resolver e elaborar problemas com números naturais envolvendo adição e subtração, utilizando estratégias diversas, como cálculo, cálculo mental e algoritmos, além de fazer estimativas do resultado', Null, Null, 'Propriedades das operações para o desenvolvimento de diferentes estratégias de cálculo com números naturais', 'Números');
insert into habilidade (id, id_componente, codigo, bncc, ativo, descricao, campo_atuacao, pratica_liguagem, objeto_conhecimento, unidade_tematica) values (686, 4, 'EF04MA04', true, true, 'Utilizar as relações entre adição e subtração, bem como entre multiplicação e divisão, para ampliar as estratégias de cálculo', Null, Null, 'Propriedades das operações para o desenvolvimento de diferentes estratégias de cálculo com números naturais', 'Números');
insert into habilidade (id, id_componente, codigo, bncc, ativo, descricao, campo_atuacao, pratica_liguagem, objeto_conhecimento, unidade_tematica) values (687, 4, 'EF04MA05', true, true, 'Utilizar as propriedades das operações para desenvolver estratégias de cálculo', Null, Null, 'Propriedades das operações para o desenvolvimento de diferentes estratégias de cálculo com números naturais', 'Números');
insert into habilidade (id, id_componente, codigo, bncc, ativo, descricao, campo_atuacao, pratica_liguagem, objeto_conhecimento, unidade_tematica) values (688, 4, 'EF04MA06', true, true, 'Resolver e elaborar problemas envolvendo diferentes significados da multiplicação (adição de parcelas iguais, organização retangular e proporcionalidade), utilizando estratégias diversas, como cálculo por estimativa, cálculo mental e algoritmos', Null, Null, 'Problemas envolvendo diferentes significados da multiplicação e da divisão: adição de parcelas iguais, configuração retangular, proporcionalidade, repartição equitativa e medida', 'Números');
insert into habilidade (id, id_componente, codigo, bncc, ativo, descricao, campo_atuacao, pratica_liguagem, objeto_conhecimento, unidade_tematica) values (689, 4, 'EF04MA07', true, true, 'Resolver e elaborar problemas de divisão cujo divisor tenha no máximo dois algarismos, envolvendo os significados de repartição equitativa e de medida, utilizando estratégias diversas, como cálculo por estimativa, cálculo mental e algoritmos', Null, Null, 'Problemas envolvendo diferentes significados da multiplicação e da divisão: adição de parcelas iguais, configuração retangular, proporcionalidade, repartição equitativa e medida', 'Números');
insert into habilidade (id, id_componente, codigo, bncc, ativo, descricao, campo_atuacao, pratica_liguagem, objeto_conhecimento, unidade_tematica) values (690, 4, 'EF04MA08', true, true, 'Resolver, com o suporte de imagem e/ou material manipulável, problemas simples de contagem, como a determinação do número de agrupamentos possíveis ao se combinar cada elemento de uma coleção com todos os elementos de outra, utilizando estratégias e formas de registro pessoais', Null, Null, 'Problemas de contagem', 'Números');
insert into habilidade (id, id_componente, codigo, bncc, ativo, descricao, campo_atuacao, pratica_liguagem, objeto_conhecimento, unidade_tematica) values (691, 4, 'EF04MA09', true, true, 'Reconhecer as frações unitárias mais usuais (1/2, 1/3, 1/4, 1/5, 1/10 e 1/100) como unidades de medida menores do que uma unidade, utilizando a reta numérica como recurso', Null, Null, 'Números racionais: frações unitárias mais usuais (1/2, 1/3, 1/4, 1/5, 1/10 e 1/100)', 'Números');
insert into habilidade (id, id_componente, codigo, bncc, ativo, descricao, campo_atuacao, pratica_liguagem, objeto_conhecimento, unidade_tematica) values (692, 4, 'EF04MA10', true, true, 'Reconhecer que as regras do sistema de numeração decimal podem ser estendidas para a representação decimal de um número racional e relacionar décimos e centésimos com a representação do sistema monetário brasileiro', Null, Null, 'Números racionais: representação decimal para escrever valores do sistema monetário brasileiro', 'Números');
insert into habilidade (id, id_componente, codigo, bncc, ativo, descricao, campo_atuacao, pratica_liguagem, objeto_conhecimento, unidade_tematica) values (693, 4, 'EF04MA11', true, true, 'Identificar regularidades em sequências numéricas compostas por múltiplos de um número natural', Null, Null, 'Sequência numérica recursiva formada por múltiplos de um número natural', 'Álgebra');
insert into habilidade (id, id_componente, codigo, bncc, ativo, descricao, campo_atuacao, pratica_liguagem, objeto_conhecimento, unidade_tematica) values (694, 4, 'EF04MA12', true, true, 'Reconhecer, por meio de investigações, que há grupos de números naturais para os quais as divisões por um determinado número resultam em restos iguais, identificando regularidades', Null, Null, 'Sequência numérica recursiva formada por números que deixam o mesmo resto ao ser divididos por um mesmo número natural diferente de zero', 'Álgebra');
insert into habilidade (id, id_componente, codigo, bncc, ativo, descricao, campo_atuacao, pratica_liguagem, objeto_conhecimento, unidade_tematica) values (695, 4, 'EF04MA13', true, true, 'Reconhecer, por meio de investigações, utilizando a calculadora quando necessário, as relações inversas entre as operações de adição e de subtração e de multiplicação e de divisão, para aplicá-las na resolução de problemas', Null, Null, 'Relações entre adição e subtração e entre multiplicação e divisão', 'Álgebra');
insert into habilidade (id, id_componente, codigo, bncc, ativo, descricao, campo_atuacao, pratica_liguagem, objeto_conhecimento, unidade_tematica) values (696, 4, 'EF04MA14', true, true, 'Reconhecer e mostrar, por meio de exemplos, que a relação de igualdade existente entre dois termos permanece quando se adiciona ou se subtrai um mesmo número a cada um desses termos', Null, Null, 'Propriedades da igualdade', 'Álgebra');
insert into habilidade (id, id_componente, codigo, bncc, ativo, descricao, campo_atuacao, pratica_liguagem, objeto_conhecimento, unidade_tematica) values (697, 4, 'EF04MA15', true, true, 'Determinar o número desconhecido que torna verdadeira uma igualdade que envolve as operações fundamentais com números naturais', Null, Null, 'Propriedades da igualdade', 'Álgebra');
insert into habilidade (id, id_componente, codigo, bncc, ativo, descricao, campo_atuacao, pratica_liguagem, objeto_conhecimento, unidade_tematica) values (698, 4, 'EF04MA16', true, true, 'Descrever deslocamentos e localização de pessoas e de objetos no espaço, por meio de malhas quadriculadas e representações como desenhos, mapas, planta baixa e croquis, empregando termos como direita e esquerda, mudanças de direção e sentido, intersecção, transversais, paralelas e perpendiculares', Null, Null, 'Localização e movimentação: pontos de referência, direção e sentido Paralelismo e perpendicularismo', 'Geometria');
insert into habilidade (id, id_componente, codigo, bncc, ativo, descricao, campo_atuacao, pratica_liguagem, objeto_conhecimento, unidade_tematica) values (699, 4, 'EF04MA17', true, true, 'Associar prismas e pirâmides a suas planificações e analisar, nomear e comparar seus atributos, estabelecendo relações entre as representações planas e espaciais', Null, Null, 'Figuras geométricas espaciais (prismas e pirâmides): reconhecimento, representações, planificações e características', 'Geometria');
insert into habilidade (id, id_componente, codigo, bncc, ativo, descricao, campo_atuacao, pratica_liguagem, objeto_conhecimento, unidade_tematica) values (700, 4, 'EF04MA18', true, true, 'Reconhecer ângulos retos e não retos em figuras poligonais com o uso de dobraduras, esquadros ou softwares de geometria', Null, Null, 'Ângulos retos e não retos: uso de dobraduras, esquadros e softwares', 'Geometria');
insert into habilidade (id, id_componente, codigo, bncc, ativo, descricao, campo_atuacao, pratica_liguagem, objeto_conhecimento, unidade_tematica) values (701, 4, 'EF04MA19', true, true, 'Reconhecer simetria de reflexão em figuras e em pares de figuras geométricas planas e utilizá-la na construção de figuras congruentes, com o uso de malhas quadriculadas e de softwares de geometria', Null, Null, 'Simetria de reflexão', 'Geometria');
insert into habilidade (id, id_componente, codigo, bncc, ativo, descricao, campo_atuacao, pratica_liguagem, objeto_conhecimento, unidade_tematica) values (702, 4, 'EF04MA20', true, true, 'Medir e estimar comprimentos (incluindo perímetros), massas e capacidades, utilizando unidades de medida padronizadas mais usuais, valorizando e respeitando a cultura local', Null, Null, 'Medidas de comprimento, massa e capacidade: estimativas, utilização de instrumentos de medida e de unidades de medida convencionais mais usuais', 'Grandezas e medidas');
insert into habilidade (id, id_componente, codigo, bncc, ativo, descricao, campo_atuacao, pratica_liguagem, objeto_conhecimento, unidade_tematica) values (703, 4, 'EF04MA21', true, true, 'Medir, comparar e estimar área de figuras planas desenhadas em malha quadriculada, pela contagem dos quadradinhos ou de metades de quadradinho, reconhecendo que duas figuras com formatos diferentes podem ter a mesma medida de área', Null, Null, 'Áreas de figuras construídas em malhas quadriculadas', 'Grandezas e medidas');
insert into habilidade (id, id_componente, codigo, bncc, ativo, descricao, campo_atuacao, pratica_liguagem, objeto_conhecimento, unidade_tematica) values (704, 4, 'EF04MA22', true, true, 'Ler e registrar medidas e intervalos de tempo em horas, minutos e segundos em situações relacionadas ao seu cotidiano, como informar os horários de início e término de realização de uma tarefa e sua duração', Null, Null, 'Medidas de tempo: leitura de horas em relógios digitais e analógicos, duração de eventos e relações entre unidades de medida de tempo', 'Grandezas e medidas');
insert into habilidade (id, id_componente, codigo, bncc, ativo, descricao, campo_atuacao, pratica_liguagem, objeto_conhecimento, unidade_tematica) values (705, 4, 'EF04MA23', true, true, 'Reconhecer temperatura como grandeza e o grau Celsius como unidade de medida a ela associada e utilizá-lo em comparações de temperaturas em diferentes regiões do Brasil ou no exterior ou, ainda, em discussões que envolvam problemas relacionados ao aquecimento global', Null, Null, 'Medidas de temperatura em grau Celsius: construção de gráficos para indicar a variação da temperatura (mínima e máxima) medida em um dado dia ou em uma semana', 'Grandezas e medidas');
insert into habilidade (id, id_componente, codigo, bncc, ativo, descricao, campo_atuacao, pratica_liguagem, objeto_conhecimento, unidade_tematica) values (706, 4, 'EF04MA24', true, true, 'Registrar as temperaturas máxima e mínima diárias, em locais do seu cotidiano, e elaborar gráficos de colunas com as variações diárias da temperatura, utilizando, inclusive, planilhas eletrônicas', Null, Null, 'Medidas de temperatura em grau Celsius: construção de gráficos para indicar a variação da temperatura (mínima e máxima) medida em um dado dia ou em uma semana', 'Grandezas e medidas');
insert into habilidade (id, id_componente, codigo, bncc, ativo, descricao, campo_atuacao, pratica_liguagem, objeto_conhecimento, unidade_tematica) values (707, 4, 'EF04MA25', true, true, 'Resolver e elaborar problemas que envolvam situações de compra e venda e formas de pagamento, utilizando termos como troco e desconto, enfatizando o consumo ético, consciente e responsável', Null, Null, 'Problemas utilizando o sistema monetário brasileiro', 'Grandezas e medidas');
insert into habilidade (id, id_componente, codigo, bncc, ativo, descricao, campo_atuacao, pratica_liguagem, objeto_conhecimento, unidade_tematica) values (708, 4, 'EF04MA26', true, true, 'Identificar, entre eventos aleatórios cotidianos, aqueles que têm maior chance de ocorrência, reconhecendo características de resultados mais prováveis, sem utilizar frações', Null, Null, 'Análise de chances de eventos aleatórios', 'Probabilidade e estatística');
insert into habilidade (id, id_componente, codigo, bncc, ativo, descricao, campo_atuacao, pratica_liguagem, objeto_conhecimento, unidade_tematica) values (709, 4, 'EF04MA27', true, true, 'Analisar dados apresentados em tabelas simples ou de dupla entrada e em gráficos de colunas ou pictóricos, com base em informações das diferentes áreas do conhecimento, e produzir texto com a síntese de sua análise', Null, Null, 'Leitura, interpretação e representação de dados em tabelas de dupla entrada, gráficos de colunas simples e agrupadas, gráficos de barras e colunas e gráficos pictóricos', 'Probabilidade e estatística');
insert into habilidade (id, id_componente, codigo, bncc, ativo, descricao, campo_atuacao, pratica_liguagem, objeto_conhecimento, unidade_tematica) values (710, 4, 'EF04MA28', true, true, 'Realizar pesquisa envolvendo variáveis categóricas e numéricas e organizar dados coletados por meio de tabelas e gráficos de colunas simples ou agrupadas, com e sem uso de tecnologias digitais', Null, Null, 'Diferenciação entre variáveis categóricas e variáveis numéricas Coleta, classificação e representação de dados de pesquisa realizada', 'Probabilidade e estatística');
insert into habilidade (id, id_componente, codigo, bncc, ativo, descricao, campo_atuacao, pratica_liguagem, objeto_conhecimento, unidade_tematica) values (711, 4, 'EF05MA01', true, true, 'Ler, escrever e ordenar números naturais até a ordem das centenas de milhar com compreensão das principais características do sistema de numeração decimal', Null, Null, 'Sistema de numeração decimal: leitura, escrita e ordenação de números naturais (de até seis ordens)', 'Números');
insert into habilidade (id, id_componente, codigo, bncc, ativo, descricao, campo_atuacao, pratica_liguagem, objeto_conhecimento, unidade_tematica) values (712, 4, 'EF05MA02', true, true, 'Ler, escrever e ordenar números racionais na forma decimal com compreensão das principais características do sistema de numeração decimal, utilizando, como recursos, a composição e decomposição e a reta numérica', Null, Null, 'Números racionais expressos na forma decimal e sua representação na reta numérica', 'Números');
insert into habilidade (id, id_componente, codigo, bncc, ativo, descricao, campo_atuacao, pratica_liguagem, objeto_conhecimento, unidade_tematica) values (713, 4, 'EF05MA03', true, true, 'Identificar e representar frações (menores e maiores que a unidade), associando-as ao resultado de uma divisão ou à ideia de parte de um todo, utilizando a reta numérica como recurso', Null, Null, 'Representação fracionária dos números racionais: reconhecimento, significados, leitura e representação na reta numérica', 'Números');
insert into habilidade (id, id_componente, codigo, bncc, ativo, descricao, campo_atuacao, pratica_liguagem, objeto_conhecimento, unidade_tematica) values (714, 4, 'EF05MA04', true, true, 'Identificar frações equivalentes', Null, Null, 'Comparação e ordenação de números racionais na representação decimal e na fracionária utilizando a noção de equivalência', 'Números');
insert into habilidade (id, id_componente, codigo, bncc, ativo, descricao, campo_atuacao, pratica_liguagem, objeto_conhecimento, unidade_tematica) values (715, 4, 'EF05MA05', true, true, 'Comparar e ordenar números racionais positivos (representações fracionária e decimal), relacionando-os a pontos na reta numérica', Null, Null, 'Comparação e ordenação de números racionais na representação decimal e na fracionária utilizando a noção de equivalência', 'Números');
insert into habilidade (id, id_componente, codigo, bncc, ativo, descricao, campo_atuacao, pratica_liguagem, objeto_conhecimento, unidade_tematica) values (716, 4, 'EF05MA06', true, true, 'Associar as representações 10%, 25%, 50%, 75% e 100% respectivamente à décima parte, quarta parte, metade, três quartos e um inteiro, para calcular porcentagens, utilizando estratégias pessoais, cálculo mental e calculadora, em contextos de educação financeira, entre outros', Null, Null, 'Cálculo de porcentagens e representação fracionária', 'Números');
insert into habilidade (id, id_componente, codigo, bncc, ativo, descricao, campo_atuacao, pratica_liguagem, objeto_conhecimento, unidade_tematica) values (717, 4, 'EF05MA07', true, true, 'Resolver e elaborar problemas de adição e subtração com números naturais e com números racionais, cuja representação decimal seja finita, utilizando estratégias diversas, como cálculo por estimativa, cálculo mental e algoritmos', Null, Null, 'Problemas: adição e subtração de números naturais e números racionais cuja representação decimal é finita', 'Números');
insert into habilidade (id, id_componente, codigo, bncc, ativo, descricao, campo_atuacao, pratica_liguagem, objeto_conhecimento, unidade_tematica) values (718, 4, 'EF05MA08', true, true, 'Resolver e elaborar problemas de multiplicação e divisão com números naturais e com números racionais cuja representação decimal é finita (com multiplicador natural e divisor natural e diferente de zero), utilizando estratégias diversas, como cálculo por estimativa, cálculo mental e algoritmos', Null, Null, 'Problemas: multiplicação e divisão de números racionais cuja representação decimal é finita por números naturais', 'Números');
insert into habilidade (id, id_componente, codigo, bncc, ativo, descricao, campo_atuacao, pratica_liguagem, objeto_conhecimento, unidade_tematica) values (719, 4, 'EF05MA09', true, true, 'Resolver e elaborar problemas simples de contagem envolvendo o princípio multiplicativo, como a determinação do número de agrupamentos possíveis ao se combinar cada elemento de uma coleção com todos os elementos de outra coleção, por meio de diagramas de árvore ou por tabelas', Null, Null, 'Problemas de contagem do tipo: “Se cada objeto de uma coleção A for combinado com todos os elementos de uma coleção B, quantos agrupamentos desse tipo podem ser formados?”', 'Números');
insert into habilidade (id, id_componente, codigo, bncc, ativo, descricao, campo_atuacao, pratica_liguagem, objeto_conhecimento, unidade_tematica) values (720, 4, 'EF05MA10', true, true, 'Concluir, por meio de investigações, que a relação de igualdade existente entre dois membros permanece ao adicionar, subtrair, multiplicar ou dividir cada um desses membros por um mesmo número, para construir a noção de equivalência', Null, Null, 'Propriedades da igualdade e noção de equivalência', 'Álgebra');
insert into habilidade (id, id_componente, codigo, bncc, ativo, descricao, campo_atuacao, pratica_liguagem, objeto_conhecimento, unidade_tematica) values (721, 4, 'EF05MA11', true, true, 'Resolver e elaborar problemas cuja conversão em sentença matemática seja uma igualdade com uma operação em que um dos termos é desconhecido', Null, Null, 'Propriedades da igualdade e noção de equivalência', 'Álgebra');
insert into habilidade (id, id_componente, codigo, bncc, ativo, descricao, campo_atuacao, pratica_liguagem, objeto_conhecimento, unidade_tematica) values (722, 4, 'EF05MA12', true, true, 'Resolver problemas que envolvam variação de proporcionalidade direta entre duas grandezas, para associar a quantidade de um produto ao valor a pagar, alterar as quantidades de ingredientes de receitas, ampliar ou reduzir escala em mapas, entre outros', Null, Null, 'Grandezas diretamente proporcionais Problemas envolvendo a partição de um todo em duas partes proporcionais', 'Álgebra');
insert into habilidade (id, id_componente, codigo, bncc, ativo, descricao, campo_atuacao, pratica_liguagem, objeto_conhecimento, unidade_tematica) values (723, 4, 'EF05MA13', true, true, 'Resolver problemas envolvendo a partilha de uma quantidade em duas partes desiguais, tais como dividir uma quantidade em duas partes, de modo que uma seja o dobro da outra, com compreensão da ideia de razão entre as partes e delas com o todo', Null, Null, 'Grandezas diretamente proporcionais Problemas envolvendo a partição de um todo em duas partes proporcionais', 'Álgebra');
insert into habilidade (id, id_componente, codigo, bncc, ativo, descricao, campo_atuacao, pratica_liguagem, objeto_conhecimento, unidade_tematica) values (724, 4, 'EF05MA14', true, true, 'Utilizar e compreender diferentes representações para a localização de objetos no plano, como mapas, células em planilhas eletrônicas e coordenadas geográficas, a fim de desenvolver as primeiras noções de coordenadas cartesianas', Null, Null, 'Plano cartesiano: coordenadas cartesianas (1º quadrante) e representação de deslocamentos no plano cartesiano', 'Geometria');
insert into habilidade (id, id_componente, codigo, bncc, ativo, descricao, campo_atuacao, pratica_liguagem, objeto_conhecimento, unidade_tematica) values (725, 4, 'EF05MA15', true, true, 'Interpretar, descrever e representar a localização ou movimentação de objetos no plano cartesiano (1º quadrante), utilizando coordenadas cartesianas, indicando mudanças de direção e de sentido e giros', Null, Null, 'Plano cartesiano: coordenadas cartesianas (1º quadrante) e representação de deslocamentos no plano cartesiano', 'Geometria');
insert into habilidade (id, id_componente, codigo, bncc, ativo, descricao, campo_atuacao, pratica_liguagem, objeto_conhecimento, unidade_tematica) values (726, 4, 'EF05MA16', true, true, 'Associar figuras espaciais a suas planificações (prismas, pirâmides, cilindros e cones) e analisar, nomear e comparar seus atributos', Null, Null, 'Figuras geométricas espaciais: reconhecimento, representações, planificações e características', 'Geometria');
insert into habilidade (id, id_componente, codigo, bncc, ativo, descricao, campo_atuacao, pratica_liguagem, objeto_conhecimento, unidade_tematica) values (727, 4, 'EF05MA17', true, true, 'Reconhecer, nomear e comparar polígonos, considerando lados, vértices e ângulos, e desenhá-los, utilizando material de desenho ou tecnologias digitais', Null, Null, 'Figuras geométricas planas: características, representações e ângulos', 'Geometria');
insert into habilidade (id, id_componente, codigo, bncc, ativo, descricao, campo_atuacao, pratica_liguagem, objeto_conhecimento, unidade_tematica) values (728, 4, 'EF05MA18', true, true, 'Reconhecer a congruência dos ângulos e a proporcionalidade entre os lados correspondentes de figuras poligonais em situações de ampliação e de redução em malhas quadriculadas e usando tecnologias digitais', Null, Null, 'Ampliação e redução de figuras poligonais em malhas quadriculadas: reconhecimento da congruência dos ângulos e da proporcionalidade dos lados correspondentes', 'Geometria');
insert into habilidade (id, id_componente, codigo, bncc, ativo, descricao, campo_atuacao, pratica_liguagem, objeto_conhecimento, unidade_tematica) values (729, 4, 'EF05MA19', true, true, 'Resolver e elaborar problemas envolvendo medidas das grandezas comprimento, área, massa, tempo, temperatura e capacidade, recorrendo a transformações entre as unidades mais usuais em contextos socioculturais', Null, Null, 'Medidas de comprimento, área, massa, tempo, temperatura e capacidade: utilização de unidades convencionais e relações entre as unidades de medida mais usuais', 'Grandezas e medidas');
insert into habilidade (id, id_componente, codigo, bncc, ativo, descricao, campo_atuacao, pratica_liguagem, objeto_conhecimento, unidade_tematica) values (730, 4, 'EF05MA20', true, true, 'Concluir, por meio de investigações, que figuras de perímetros iguais podem ter áreas diferentes e que, também, figuras que têm a mesma área podem ter perímetros diferentes', Null, Null, 'Áreas e perímetros de figuras poligonais: algumas relações', 'Grandezas e medidas');
insert into habilidade (id, id_componente, codigo, bncc, ativo, descricao, campo_atuacao, pratica_liguagem, objeto_conhecimento, unidade_tematica) values (731, 4, 'EF05MA21', true, true, 'Reconhecer volume como grandeza associada a sólidos geométricos e medir volumes por meio de empilhamento de cubos, utilizando, preferencialmente, objetos concretos', Null, Null, 'Noção de volume', 'Grandezas e medidas');
insert into habilidade (id, id_componente, codigo, bncc, ativo, descricao, campo_atuacao, pratica_liguagem, objeto_conhecimento, unidade_tematica) values (732, 4, 'EF05MA22', true, true, 'Apresentar todos os possíveis resultados de um experimento aleatório, estimando se esses resultados são igualmente prováveis ou não', Null, Null, 'Espaço amostral: análise de chances de eventos aleatórios', 'Probabilidade e estatística');
insert into habilidade (id, id_componente, codigo, bncc, ativo, descricao, campo_atuacao, pratica_liguagem, objeto_conhecimento, unidade_tematica) values (733, 4, 'EF05MA23', true, true, 'Determinar a probabilidade de ocorrência de um resultado em eventos aleatórios, quando todos os resultados possíveis têm a mesma chance de ocorrer (equiprováveis)', Null, Null, 'Cálculo de probabilidade de eventos equiprováveis', 'Probabilidade e estatística');
insert into habilidade (id, id_componente, codigo, bncc, ativo, descricao, campo_atuacao, pratica_liguagem, objeto_conhecimento, unidade_tematica) values (734, 4, 'EF05MA24', true, true, 'Interpretar dados estatísticos apresentados em textos, tabelas e gráficos (colunas ou linhas), referentes a outras áreas do conhecimento ou a outros contextos, como saúde e trânsito, e produzir textos com o objetivo de sintetizar conclusões', Null, Null, 'Leitura, coleta, classificação interpretação e representação de dados em tabelas de dupla entrada, gráfico de colunas agrupadas, gráficos pictóricos e gráfico de linhas', 'Probabilidade e estatística');
insert into habilidade (id, id_componente, codigo, bncc, ativo, descricao, campo_atuacao, pratica_liguagem, objeto_conhecimento, unidade_tematica) values (735, 4, 'EF05MA25', true, true, 'Realizar pesquisa envolvendo variáveis categóricas e numéricas, organizar dados coletados por meio de tabelas, gráficos de colunas, pictóricos e de linhas, com e sem uso de tecnologias digitais, e apresentar texto escrito sobre a finalidade da pesquisa e a síntese dos resultados', Null, Null, 'Leitura, coleta, classificação interpretação e representação de dados em tabelas de dupla entrada, gráfico de colunas agrupadas, gráficos pictóricos e gráfico de linhas', 'Probabilidade e estatística');
insert into habilidade (id, id_componente, codigo, bncc, ativo, descricao, campo_atuacao, pratica_liguagem, objeto_conhecimento, unidade_tematica) values (736, 4, 'EF06MA01', true, true, 'Comparar, ordenar, ler e escrever números naturais e números racionais cuja representação decimal é finita, fazendo uso da reta numérica', Null, Null, 'Sistema de numeração decimal: características, leitura, escrita e comparação de números naturais e de números racionais representados na forma decimal', 'Números');
insert into habilidade (id, id_componente, codigo, bncc, ativo, descricao, campo_atuacao, pratica_liguagem, objeto_conhecimento, unidade_tematica) values (737, 4, 'EF06MA02', true, true, 'Reconhecer o sistema de numeração decimal, como o que prevaleceu no mundo ocidental, e destacar semelhanças e diferenças com outros sistemas, de modo a sistematizar suas principais características (base, valor posicional e função do zero), utilizando, inclusive, a composição e decomposição de números naturais e números racionais em sua representação decimal', Null, Null, 'Sistema de numeração decimal: características, leitura, escrita e comparação de números naturais e de números racionais representados na forma decimal', 'Números');
insert into habilidade (id, id_componente, codigo, bncc, ativo, descricao, campo_atuacao, pratica_liguagem, objeto_conhecimento, unidade_tematica) values (738, 4, 'EF06MA03', true, true, 'Resolver e elaborar problemas que envolvam cálculos (mentais ou escritos, exatos ou aproximados) com números naturais, por meio de estratégias variadas, com compreensão dos processos neles envolvidos com e sem uso de calculadora', Null, Null, 'Operações (adição, subtração, multiplicação, divisão e potenciação) com números naturais Divisão euclidiana', 'Números');
insert into habilidade (id, id_componente, codigo, bncc, ativo, descricao, campo_atuacao, pratica_liguagem, objeto_conhecimento, unidade_tematica) values (739, 4, 'EF06MA04', true, true, 'Construir algoritmo em linguagem natural e representá-lo por fluxograma que indique a resolução de um problema simples (por exemplo, se um número natural qualquer é par)', Null, Null, 'Fluxograma para determinar a paridade de um número natural Múltiplos e divisores de um número natural Números primos e compostos', 'Números');
insert into habilidade (id, id_componente, codigo, bncc, ativo, descricao, campo_atuacao, pratica_liguagem, objeto_conhecimento, unidade_tematica) values (740, 4, 'EF06MA05', true, true, 'Classificar números naturais em primos e compostos, estabelecer relações entre números, expressas pelos termos “é múltiplo de”, “é divisor de”, “é fator de”, e estabelecer, por meio de investigações, critérios de divisibilidade por 2, 3, 4, 5, 6, 8, 9, 10, 100 e 1000', Null, Null, 'Fluxograma para determinar a paridade de um número natural Múltiplos e divisores de um número natural Números primos e compostos', 'Números');
insert into habilidade (id, id_componente, codigo, bncc, ativo, descricao, campo_atuacao, pratica_liguagem, objeto_conhecimento, unidade_tematica) values (741, 4, 'EF06MA06', true, true, 'Resolver e elaborar problemas que envolvam as ideias de múltiplo e de divisor', Null, Null, 'Fluxograma para determinar a paridade de um número natural Múltiplos e divisores de um número natural Números primos e compostos', 'Números');
insert into habilidade (id, id_componente, codigo, bncc, ativo, descricao, campo_atuacao, pratica_liguagem, objeto_conhecimento, unidade_tematica) values (742, 4, 'EF06MA07', true, true, 'Compreender, comparar e ordenar frações associadas às ideias de partes de inteiros e resultado de divisão, identificando frações equivalentes', Null, Null, 'Frações: significados (parte/todo, quociente), equivalência, comparação, adição e subtração; cálculo da fração de um número natural; adição e subtração de frações', 'Números');
insert into habilidade (id, id_componente, codigo, bncc, ativo, descricao, campo_atuacao, pratica_liguagem, objeto_conhecimento, unidade_tematica) values (743, 4, 'EF06MA08', true, true, 'Reconhecer que os números racionais positivos podem ser expressos nas formas fracionária e decimal, estabelecer relações entre essas representações, passando de uma representação para outra, e relacioná-los a pontos na reta numérica', Null, Null, 'Frações: significados (parte/todo, quociente), equivalência, comparação, adição e subtração; cálculo da fração de um número natural; adição e subtração de frações', 'Números');
insert into habilidade (id, id_componente, codigo, bncc, ativo, descricao, campo_atuacao, pratica_liguagem, objeto_conhecimento, unidade_tematica) values (744, 4, 'EF06MA09', true, true, 'Resolver e elaborar problemas que envolvam o cálculo da fração de uma quantidade e cujo resultado seja um número natural, com e sem uso de calculadora', Null, Null, 'Frações: significados (parte/todo, quociente), equivalência, comparação, adição e subtração; cálculo da fração de um número natural; adição e subtração de frações', 'Números');
insert into habilidade (id, id_componente, codigo, bncc, ativo, descricao, campo_atuacao, pratica_liguagem, objeto_conhecimento, unidade_tematica) values (745, 4, 'EF06MA10', true, true, 'Resolver e elaborar problemas que envolvam adição ou subtração com números racionais positivos na representação fracionária', Null, Null, 'Frações: significados (parte/todo, quociente), equivalência, comparação, adição e subtração; cálculo da fração de um número natural; adição e subtração de frações', 'Números');
insert into habilidade (id, id_componente, codigo, bncc, ativo, descricao, campo_atuacao, pratica_liguagem, objeto_conhecimento, unidade_tematica) values (746, 4, 'EF06MA11', true, true, 'Resolver e elaborar problemas com números racionais positivos na representação decimal, envolvendo as quatro operações fundamentais e a potenciação, por meio de estratégias diversas, utilizando estimativas e arredondamentos para verificar a razoabilidade de respostas, com e sem uso de calculadora', Null, Null, 'Operações (adição, subtração, multiplicação, divisão e potenciação) com números racionais', 'Números');
insert into habilidade (id, id_componente, codigo, bncc, ativo, descricao, campo_atuacao, pratica_liguagem, objeto_conhecimento, unidade_tematica) values (747, 4, 'EF06MA12', true, true, 'Fazer estimativas de quantidades e aproximar números para múltiplos da potência de 10 mais próxima', Null, Null, 'Aproximação de números para múltiplos de potências de 10', 'Números');
insert into habilidade (id, id_componente, codigo, bncc, ativo, descricao, campo_atuacao, pratica_liguagem, objeto_conhecimento, unidade_tematica) values (748, 4, 'EF06MA13', true, true, 'Resolver e elaborar problemas que envolvam porcentagens, com base na ideia de proporcionalidade, sem fazer uso da “regra de três”, utilizando estratégias pessoais, cálculo mental e calculadora, em contextos de educação financeira, entre outros', Null, Null, 'Cálculo de porcentagens por meio de estratégias diversas, sem fazer uso da “regra de três”', 'Números');
insert into habilidade (id, id_componente, codigo, bncc, ativo, descricao, campo_atuacao, pratica_liguagem, objeto_conhecimento, unidade_tematica) values (749, 4, 'EF06MA14', true, true, 'Reconhecer que a relação de igualdade matemática não se altera ao adicionar, subtrair, multiplicar ou dividir os seus dois membros por um mesmo número e utilizar essa noção para determinar valores desconhecidos na resolução de problemas', Null, Null, 'Propriedades da igualdade', 'Álgebra');
insert into habilidade (id, id_componente, codigo, bncc, ativo, descricao, campo_atuacao, pratica_liguagem, objeto_conhecimento, unidade_tematica) values (750, 4, 'EF06MA15', true, true, 'Resolver e elaborar problemas que envolvam a partilha de uma quantidade em duas partes desiguais, envolvendo relações aditivas e multiplicativas, bem como a razão entre as partes e entre uma das partes e o todo', Null, Null, 'Problemas que tratam da partição de um todo em duas partes desiguais, envolvendo razões entre as partes e entre uma das partes e o todo', 'Álgebra');
insert into habilidade (id, id_componente, codigo, bncc, ativo, descricao, campo_atuacao, pratica_liguagem, objeto_conhecimento, unidade_tematica) values (751, 4, 'EF06MA16', true, true, 'Associar pares ordenados de números a pontos do plano cartesiano do 1º quadrante, em situações como a localização dos vértices de um polígono', Null, Null, 'Plano cartesiano: associação dos vértices de um polígono a pares ordenados', 'Geometria');
insert into habilidade (id, id_componente, codigo, bncc, ativo, descricao, campo_atuacao, pratica_liguagem, objeto_conhecimento, unidade_tematica) values (752, 4, 'EF06MA17', true, true, 'Quantificar e estabelecer relações entre o número de vértices, faces e arestas de prismas e pirâmides, em função do seu polígono da base, para resolver problemas e desenvolver a percepção espacial', Null, Null, 'Prismas e pirâmides: planificações e relações entre seus elementos (vértices, faces e arestas)', 'Geometria');
insert into habilidade (id, id_componente, codigo, bncc, ativo, descricao, campo_atuacao, pratica_liguagem, objeto_conhecimento, unidade_tematica) values (753, 4, 'EF06MA18', true, true, 'Reconhecer, nomear e comparar polígonos, considerando lados, vértices e ângulos, e classificá-los em regulares e não regulares, tanto em suas representações no plano como em faces de poliedros', Null, Null, 'Polígonos: classificações quanto ao número de vértices, às medidas de lados e ângulos e ao paralelismo e perpendicularismo dos lados', 'Geometria');
insert into habilidade (id, id_componente, codigo, bncc, ativo, descricao, campo_atuacao, pratica_liguagem, objeto_conhecimento, unidade_tematica) values (754, 4, 'EF06MA19', true, true, 'Identificar características dos triângulos e classificá-los em relação às medidas dos lados e dos ângulos', Null, Null, 'Polígonos: classificações quanto ao número de vértices, às medidas de lados e ângulos e ao paralelismo e perpendicularismo dos lados', 'Geometria');
insert into habilidade (id, id_componente, codigo, bncc, ativo, descricao, campo_atuacao, pratica_liguagem, objeto_conhecimento, unidade_tematica) values (755, 4, 'EF06MA20', true, true, 'Identificar características dos quadriláteros, classificá-los em relação a lados e a ângulos e reconhecer a inclusão e a intersecção de classes entre eles', Null, Null, 'Polígonos: classificações quanto ao número de vértices, às medidas de lados e ângulos e ao paralelismo e perpendicularismo dos lados', 'Geometria');
insert into habilidade (id, id_componente, codigo, bncc, ativo, descricao, campo_atuacao, pratica_liguagem, objeto_conhecimento, unidade_tematica) values (756, 4, 'EF06MA21', true, true, 'Construir figuras planas semelhantes em situações de ampliação e de redução, com o uso de malhas quadriculadas, plano cartesiano ou tecnologias digitais', Null, Null, 'Construção de figuras semelhantes: ampliação e redução de figuras planas em malhas quadriculadas', 'Geometria');
insert into habilidade (id, id_componente, codigo, bncc, ativo, descricao, campo_atuacao, pratica_liguagem, objeto_conhecimento, unidade_tematica) values (757, 4, 'EF06MA22', true, true, 'Utilizar instrumentos, como réguas e esquadros, ou softwares para representações de retas paralelas e perpendiculares e construção de quadriláteros, entre outros', Null, Null, 'Construção de retas paralelas e perpendiculares, fazendo uso de réguas, esquadros e softwares', 'Geometria');
insert into habilidade (id, id_componente, codigo, bncc, ativo, descricao, campo_atuacao, pratica_liguagem, objeto_conhecimento, unidade_tematica) values (758, 4, 'EF06MA23', true, true, 'Construir algoritmo para resolver situações passo a passo (como na construção de dobraduras ou na indicação de deslocamento de um objeto no plano segundo pontos de referência e distâncias fornecidas etc)', Null, Null, 'Construção de retas paralelas e perpendiculares, fazendo uso de réguas, esquadros e softwares', 'Geometria');
insert into habilidade (id, id_componente, codigo, bncc, ativo, descricao, campo_atuacao, pratica_liguagem, objeto_conhecimento, unidade_tematica) values (759, 4, 'EF06MA24', true, true, 'Resolver e elaborar problemas que envolvam as grandezas comprimento, massa, tempo, temperatura, área (triângulos e retângulos), capacidade e volume (sólidos formados por blocos retangulares), sem uso de fórmulas, inseridos, sempre que possível, em contextos oriundos de situações reais e/ou relacionadas às outras áreas do conhecimento', Null, Null, 'Problemas sobre medidas envolvendo grandezas como comprimento, massa, tempo, temperatura, área, capacidade e volume', 'Grandezas e medidas');
insert into habilidade (id, id_componente, codigo, bncc, ativo, descricao, campo_atuacao, pratica_liguagem, objeto_conhecimento, unidade_tematica) values (760, 4, 'EF06MA25', true, true, 'Reconhecer a abertura do ângulo como grandeza associada às figuras geométricas', Null, Null, 'Ângulos: noção, usos e medida', 'Grandezas e medidas');
insert into habilidade (id, id_componente, codigo, bncc, ativo, descricao, campo_atuacao, pratica_liguagem, objeto_conhecimento, unidade_tematica) values (761, 4, 'EF06MA26', true, true, 'Resolver problemas que envolvam a noção de ângulo em diferentes contextos e em situações reais, como ângulo de visão', Null, Null, 'Ângulos: noção, usos e medida', 'Grandezas e medidas');
insert into habilidade (id, id_componente, codigo, bncc, ativo, descricao, campo_atuacao, pratica_liguagem, objeto_conhecimento, unidade_tematica) values (762, 4, 'EF06MA27', true, true, 'Determinar medidas da abertura de ângulos, por meio de transferidor e/ou tecnologias digitais', Null, Null, 'Ângulos: noção, usos e medida', 'Grandezas e medidas');
insert into habilidade (id, id_componente, codigo, bncc, ativo, descricao, campo_atuacao, pratica_liguagem, objeto_conhecimento, unidade_tematica) values (763, 4, 'EF06MA28', true, true, 'Interpretar, descrever e desenhar plantas baixas simples de residências e vistas aéreas', Null, Null, 'Plantas baixas e vistas aéreas', 'Grandezas e medidas');
insert into habilidade (id, id_componente, codigo, bncc, ativo, descricao, campo_atuacao, pratica_liguagem, objeto_conhecimento, unidade_tematica) values (764, 4, 'EF06MA29', true, true, 'Analisar e descrever mudanças que ocorrem no perímetro e na área de um quadrado ao se ampliarem ou reduzirem, igualmente, as medidas de seus lados, para compreender que o perímetro é proporcional à medida do lado, o que não ocorre com a área', Null, Null, 'Perímetro de um quadrado como grandeza proporcional à medida do lado', 'Grandezas e medidas');
insert into habilidade (id, id_componente, codigo, bncc, ativo, descricao, campo_atuacao, pratica_liguagem, objeto_conhecimento, unidade_tematica) values (765, 4, 'EF06MA30', true, true, 'Calcular a probabilidade de um evento aleatório, expressando-a por número racional (forma fracionária, decimal e percentual) e comparar esse número com a probabilidade obtida por meio de experimentos sucessivos', Null, Null, 'Cálculo de probabilidade como a razão entre o número de resultados favoráveis e o total de resultados possíveis em um espaço amostral equiprovável Cálculo de probabilidade por meio de muitas repetições de um experimento (frequências de ocorrências e probabilidade frequentista)', 'Probabilidade e estatística');
insert into habilidade (id, id_componente, codigo, bncc, ativo, descricao, campo_atuacao, pratica_liguagem, objeto_conhecimento, unidade_tematica) values (766, 4, 'EF06MA31', true, true, 'Identificar as variáveis e suas frequências e os elementos constitutivos (título, eixos, legendas, fontes e datas) em diferentes tipos de gráfico', Null, Null, 'Leitura e interpretação de tabelas e gráficos (de colunas ou barras simples ou múltiplas) referentes a variáveis categóricas e variáveis numéricas', 'Probabilidade e estatística');
insert into habilidade (id, id_componente, codigo, bncc, ativo, descricao, campo_atuacao, pratica_liguagem, objeto_conhecimento, unidade_tematica) values (767, 4, 'EF06MA32', true, true, 'Interpretar e resolver situações que envolvam dados de pesquisas sobre contextos ambientais, sustentabilidade, trânsito, consumo responsável, entre outros, apresentadas pela mídia em tabelas e em diferentes tipos de gráficos e redigir textos escritos com o objetivo de sintetizar conclusões', Null, Null, 'Leitura e interpretação de tabelas e gráficos (de colunas ou barras simples ou múltiplas) referentes a variáveis categóricas e variáveis numéricas', 'Probabilidade e estatística');
insert into habilidade (id, id_componente, codigo, bncc, ativo, descricao, campo_atuacao, pratica_liguagem, objeto_conhecimento, unidade_tematica) values (768, 4, 'EF06MA33', true, true, 'Planejar e coletar dados de pesquisa referente a práticas sociais escolhidas pelos alunos e fazer uso de planilhas eletrônicas para registro, representação e interpretação das informações, em tabelas, vários tipos de gráficos e texto', Null, Null, 'Coleta de dados, organização e registro Construção de diferentes tipos de gráficos para representá-los e interpretação das informações', 'Probabilidade e estatística');
insert into habilidade (id, id_componente, codigo, bncc, ativo, descricao, campo_atuacao, pratica_liguagem, objeto_conhecimento, unidade_tematica) values (769, 4, 'EF06MA34', true, true, 'Interpretar e desenvolver fluxogramas simples, identificando as relações entre os objetos representados (por exemplo, posição de cidades considerando as estradas que as unem, hierarquia dos funcionários de uma empresa etc)', Null, Null, 'Diferentes tipos de representação de informações: gráficos e fluxogramas', 'Probabilidade e estatística');
insert into habilidade (id, id_componente, codigo, bncc, ativo, descricao, campo_atuacao, pratica_liguagem, objeto_conhecimento, unidade_tematica) values (770, 4, 'EF07MA01', true, true, 'Resolver e elaborar problemas com números naturais, envolvendo as noções de divisor e de múltiplo, podendo incluir máximo divisor comum ou mínimo múltiplo comum, por meio de estratégias diversas, sem a aplicação de algoritmos', Null, Null, 'Múltiplos e divisores de um número natural', 'Números');
insert into habilidade (id, id_componente, codigo, bncc, ativo, descricao, campo_atuacao, pratica_liguagem, objeto_conhecimento, unidade_tematica) values (771, 4, 'EF07MA02', true, true, 'Resolver e elaborar problemas que envolvam porcentagens, como os que lidam com acréscimos e decréscimos simples, utilizando estratégias pessoais, cálculo mental e calculadora, no contexto de educação financeira, entre outros', Null, Null, 'Cálculo de porcentagens e de acréscimos e decréscimos simples', 'Números');
insert into habilidade (id, id_componente, codigo, bncc, ativo, descricao, campo_atuacao, pratica_liguagem, objeto_conhecimento, unidade_tematica) values (772, 4, 'EF07MA03', true, true, 'Comparar e ordenar números inteiros em diferentes contextos, incluindo o histórico, associá-los a pontos da reta numérica e utilizá-los em situações que envolvam adição e subtração', Null, Null, 'Números inteiros: usos, história, ordenação, associação com pontos da reta numérica e operações', 'Números');
insert into habilidade (id, id_componente, codigo, bncc, ativo, descricao, campo_atuacao, pratica_liguagem, objeto_conhecimento, unidade_tematica) values (773, 4, 'EF07MA04', true, true, 'Resolver e elaborar problemas que envolvam operações com números inteiros', Null, Null, 'Números inteiros: usos, história, ordenação, associação com pontos da reta numérica e operações', 'Números');
insert into habilidade (id, id_componente, codigo, bncc, ativo, descricao, campo_atuacao, pratica_liguagem, objeto_conhecimento, unidade_tematica) values (774, 4, 'EF07MA05', true, true, 'Resolver um mesmo problema utilizando diferentes algoritmos', Null, Null, 'Fração e seus significados: como parte de inteiros, resultado da divisão, razão e operador', 'Números');
insert into habilidade (id, id_componente, codigo, bncc, ativo, descricao, campo_atuacao, pratica_liguagem, objeto_conhecimento, unidade_tematica) values (775, 4, 'EF07MA06', true, true, 'Reconhecer que as resoluções de um grupo de problemas que têm a mesma estrutura podem ser obtidas utilizando os mesmos procedimentos', Null, Null, 'Fração e seus significados: como parte de inteiros, resultado da divisão, razão e operador', 'Números');
insert into habilidade (id, id_componente, codigo, bncc, ativo, descricao, campo_atuacao, pratica_liguagem, objeto_conhecimento, unidade_tematica) values (776, 4, 'EF07MA07', true, true, 'Representar por meio de um fluxograma os passos utilizados para resolver um grupo de problemas', Null, Null, 'Fração e seus significados: como parte de inteiros, resultado da divisão, razão e operador', 'Números');
insert into habilidade (id, id_componente, codigo, bncc, ativo, descricao, campo_atuacao, pratica_liguagem, objeto_conhecimento, unidade_tematica) values (777, 4, 'EF07MA08', true, true, 'Comparar e ordenar frações associadas às ideias de partes de inteiros, resultado da divisão, razão e operador', Null, Null, 'Fração e seus significados: como parte de inteiros, resultado da divisão, razão e operador', 'Números');
insert into habilidade (id, id_componente, codigo, bncc, ativo, descricao, campo_atuacao, pratica_liguagem, objeto_conhecimento, unidade_tematica) values (778, 4, 'EF07MA09', true, true, 'Utilizar, na resolução de problemas, a associação entre razão e fração, como a fração 2/3 para expressar a razão de duas partes de uma grandeza para três partes da mesma ou três partes de outra grandeza', Null, Null, 'Fração e seus significados: como parte de inteiros, resultado da divisão, razão e operador', 'Números');
insert into habilidade (id, id_componente, codigo, bncc, ativo, descricao, campo_atuacao, pratica_liguagem, objeto_conhecimento, unidade_tematica) values (779, 4, 'EF07MA10', true, true, 'Comparar e ordenar números racionais em diferentes contextos e associá-los a pontos da reta numérica', Null, Null, 'Números racionais na representação fracionária e na decimal: usos, ordenação e associação com pontos da reta numérica e operações', 'Números');
insert into habilidade (id, id_componente, codigo, bncc, ativo, descricao, campo_atuacao, pratica_liguagem, objeto_conhecimento, unidade_tematica) values (780, 4, 'EF07MA11', true, true, 'Compreender e utilizar a multiplicação e a divisão de números racionais, a relação entre elas e suas propriedades operatórias', Null, Null, 'Números racionais na representação fracionária e na decimal: usos, ordenação e associação com pontos da reta numérica e operações', 'Números');
insert into habilidade (id, id_componente, codigo, bncc, ativo, descricao, campo_atuacao, pratica_liguagem, objeto_conhecimento, unidade_tematica) values (781, 4, 'EF07MA12', true, true, 'Resolver e elaborar problemas que envolvam as operações com números racionais', Null, Null, 'Números racionais na representação fracionária e na decimal: usos, ordenação e associação com pontos da reta numérica e operações', 'Números');
insert into habilidade (id, id_componente, codigo, bncc, ativo, descricao, campo_atuacao, pratica_liguagem, objeto_conhecimento, unidade_tematica) values (782, 4, 'EF07MA13', true, true, 'Compreender a ideia de variável, representada por letra ou símbolo, para expressar relação entre duas grandezas, diferenciando-a da ideia de incógnita', Null, Null, 'Linguagem algébrica: variável e incógnita', 'Álgebra');
insert into habilidade (id, id_componente, codigo, bncc, ativo, descricao, campo_atuacao, pratica_liguagem, objeto_conhecimento, unidade_tematica) values (783, 4, 'EF07MA14', true, true, 'Classificar sequências em recursivas e não recursivas, reconhecendo que o conceito de recursão está presente não apenas na matemática, mas também nas artes e na literatura', Null, Null, 'Linguagem algébrica: variável e incógnita', 'Álgebra');
insert into habilidade (id, id_componente, codigo, bncc, ativo, descricao, campo_atuacao, pratica_liguagem, objeto_conhecimento, unidade_tematica) values (784, 4, 'EF07MA15', true, true, 'Utilizar a simbologia algébrica para expressar regularidades encontradas em sequências numéricas', Null, Null, 'Linguagem algébrica: variável e incógnita', 'Álgebra');
insert into habilidade (id, id_componente, codigo, bncc, ativo, descricao, campo_atuacao, pratica_liguagem, objeto_conhecimento, unidade_tematica) values (785, 4, 'EF07MA16', true, true, 'Reconhecer se duas expressões algébricas obtidas para descrever a regularidade de uma mesma sequência numérica são ou não equivalentes', Null, Null, 'Equivalência de expressões algébricas: identificação da regularidade de uma sequência numérica', 'Álgebra');
insert into habilidade (id, id_componente, codigo, bncc, ativo, descricao, campo_atuacao, pratica_liguagem, objeto_conhecimento, unidade_tematica) values (786, 4, 'EF07MA17', true, true, 'Resolver e elaborar problemas que envolvam variação de proporcionalidade direta e de proporcionalidade inversa entre duas grandezas, utilizando sentença algébrica para expressar a relação entre elas', Null, Null, 'Problemas envolvendo grandezas diretamente proporcionais e grandezas inversamente proporcionais', 'Álgebra');
insert into habilidade (id, id_componente, codigo, bncc, ativo, descricao, campo_atuacao, pratica_liguagem, objeto_conhecimento, unidade_tematica) values (787, 4, 'EF07MA18', true, true, 'Resolver e elaborar problemas que possam ser representados por equações polinomiais de 1º grau, redutíveis à forma ax + b = c, fazendo uso das propriedades da igualdade', Null, Null, 'Equações polinomiais do 1º grau', 'Álgebra');
insert into habilidade (id, id_componente, codigo, bncc, ativo, descricao, campo_atuacao, pratica_liguagem, objeto_conhecimento, unidade_tematica) values (788, 4, 'EF07MA19', true, true, 'Realizar transformações de polígonos representados no plano cartesiano, decorrentes da multiplicação das coordenadas de seus vértices por um número inteiro', Null, Null, 'Transformações geométricas de polígonos no plano cartesiano: multiplicação das coordenadas por um número inteiro e obtenção de simétricos em relação aos eixos e à origem', 'Geometria');
insert into habilidade (id, id_componente, codigo, bncc, ativo, descricao, campo_atuacao, pratica_liguagem, objeto_conhecimento, unidade_tematica) values (789, 4, 'EF07MA20', true, true, 'Reconhecer e representar, no plano cartesiano, o simétrico de figuras em relação aos eixos e à origem', Null, Null, 'Transformações geométricas de polígonos no plano cartesiano: multiplicação das coordenadas por um número inteiro e obtenção de simétricos em relação aos eixos e à origem', 'Geometria');
insert into habilidade (id, id_componente, codigo, bncc, ativo, descricao, campo_atuacao, pratica_liguagem, objeto_conhecimento, unidade_tematica) values (790, 4, 'EF07MA21', true, true, 'Reconhecer e construir figuras obtidas por simetrias de translação, rotação e reflexão, usando instrumentos de desenho ou softwares de geometria dinâmica e vincular esse estudo a representações planas de obras de arte, elementos arquitetônicos, entre outros', Null, Null, 'Simetrias de translação, rotação e reflexão', 'Geometria');
insert into habilidade (id, id_componente, codigo, bncc, ativo, descricao, campo_atuacao, pratica_liguagem, objeto_conhecimento, unidade_tematica) values (791, 4, 'EF07MA22', true, true, 'Construir circunferências, utilizando compasso, reconhecê-las como lugar geométrico e utilizá-las para fazer composições artísticas e resolver problemas que envolvam objetos equidistantes', Null, Null, 'A circunferência como lugar geométrico', 'Geometria');
insert into habilidade (id, id_componente, codigo, bncc, ativo, descricao, campo_atuacao, pratica_liguagem, objeto_conhecimento, unidade_tematica) values (792, 4, 'EF07MA23', true, true, 'Verificar relações entre os ângulos formados por retas paralelas cortadas por uma transversal, com e sem uso de softwares de geometria dinâmica', Null, Null, 'Relações entre os ângulos formados por retas paralelas intersectadas por uma transversal', 'Geometria');
insert into habilidade (id, id_componente, codigo, bncc, ativo, descricao, campo_atuacao, pratica_liguagem, objeto_conhecimento, unidade_tematica) values (793, 4, 'EF07MA24', true, true, 'Construir triângulos, usando régua e compasso, reconhecer a condição de existência do triângulo quanto à medida dos lados e verificar que a soma das medidas dos ângulos internos de um triângulo é 180°', Null, Null, 'Triângulos: construção, condição de existência e soma das medidas dos ângulos internos', 'Geometria');
insert into habilidade (id, id_componente, codigo, bncc, ativo, descricao, campo_atuacao, pratica_liguagem, objeto_conhecimento, unidade_tematica) values (794, 4, 'EF07MA25', true, true, 'Reconhecer a rigidez geométrica dos triângulos e suas aplicações, como na construção de estruturas arquitetônicas (telhados, estruturas metálicas e outras) ou nas artes plásticas', Null, Null, 'Triângulos: construção, condição de existência e soma das medidas dos ângulos internos', 'Geometria');
insert into habilidade (id, id_componente, codigo, bncc, ativo, descricao, campo_atuacao, pratica_liguagem, objeto_conhecimento, unidade_tematica) values (795, 4, 'EF07MA26', true, true, 'Descrever, por escrito e por meio de um fluxograma, um algoritmo para a construção de um triângulo qualquer, conhecidas as medidas dos três lados', Null, Null, 'Triângulos: construção, condição de existência e soma das medidas dos ângulos internos', 'Geometria');
insert into habilidade (id, id_componente, codigo, bncc, ativo, descricao, campo_atuacao, pratica_liguagem, objeto_conhecimento, unidade_tematica) values (796, 4, 'EF07MA27', true, true, 'Calcular medidas de ângulos internos de polígonos regulares, sem o uso de fórmulas, e estabelecer relações entre ângulos internos e externos de polígonos, preferencialmente vinculadas à construção de mosaicos e de ladrilhamentos', Null, Null, 'Polígonos regulares: quadrado e triângulo equilátero', 'Geometria');
insert into habilidade (id, id_componente, codigo, bncc, ativo, descricao, campo_atuacao, pratica_liguagem, objeto_conhecimento, unidade_tematica) values (797, 4, 'EF07MA28', true, true, 'Descrever, por escrito e por meio de um fluxograma, um algoritmo para a construção de um polígono regular (como quadrado e triângulo equilátero), conhecida a medida de seu lado', Null, Null, 'Polígonos regulares: quadrado e triângulo equilátero', 'Geometria');
insert into habilidade (id, id_componente, codigo, bncc, ativo, descricao, campo_atuacao, pratica_liguagem, objeto_conhecimento, unidade_tematica) values (798, 4, 'EF07MA29', true, true, 'Resolver e elaborar problemas que envolvam medidas de grandezas inseridos em contextos oriundos de situações cotidianas ou de outras áreas do conhecimento, reconhecendo que toda medida empírica é aproximada', Null, Null, 'Problemas envolvendo medições', 'Grandezas e medidas');
insert into habilidade (id, id_componente, codigo, bncc, ativo, descricao, campo_atuacao, pratica_liguagem, objeto_conhecimento, unidade_tematica) values (799, 4, 'EF07MA30', true, true, 'Resolver e elaborar problemas de cálculo de medida do volume de blocos retangulares, envolvendo as unidades usuais (metro cúbico, decímetro cúbico e centímetro cúbico)', Null, Null, 'Cálculo de volume de blocos retangulares, utilizando unidades de medida convencionais mais usuais', 'Grandezas e medidas');
insert into habilidade (id, id_componente, codigo, bncc, ativo, descricao, campo_atuacao, pratica_liguagem, objeto_conhecimento, unidade_tematica) values (800, 4, 'EF07MA31', true, true, 'Estabelecer expressões de cálculo de área de triângulos e de quadriláteros', Null, Null, 'Equivalência de área de figuras planas: cálculo de áreas de figuras que podem ser decompostas por outras, cujas áreas podem ser facilmente determinadas como triângulos e quadriláteros', 'Grandezas e medidas');
insert into habilidade (id, id_componente, codigo, bncc, ativo, descricao, campo_atuacao, pratica_liguagem, objeto_conhecimento, unidade_tematica) values (801, 4, 'EF07MA32', true, true, 'Resolver e elaborar problemas de cálculo de medida de área de figuras planas que podem ser decompostas por quadrados, retângulos e/ou triângulos, utilizando a equivalência entre áreas', Null, Null, 'Equivalência de área de figuras planas: cálculo de áreas de figuras que podem ser decompostas por outras, cujas áreas podem ser facilmente determinadas como triângulos e quadriláteros', 'Grandezas e medidas');
insert into habilidade (id, id_componente, codigo, bncc, ativo, descricao, campo_atuacao, pratica_liguagem, objeto_conhecimento, unidade_tematica) values (802, 4, 'EF07MA33', true, true, 'Estabelecer o número π como a razão entre a medida de uma circunferência e seu diâmetro, para compreender e resolver problemas, inclusive os de natureza histórica', Null, Null, 'Medida do comprimento da circunferência', 'Grandezas e medidas');
insert into habilidade (id, id_componente, codigo, bncc, ativo, descricao, campo_atuacao, pratica_liguagem, objeto_conhecimento, unidade_tematica) values (803, 4, 'EF07MA34', true, true, 'Planejar e realizar experimentos aleatórios ou simulações que envolvem cálculo de probabilidades ou estimativas por meio de frequência de ocorrências', Null, Null, 'Experimentos aleatórios: espaço amostral e estimativa de probabilidade por meio de frequência de ocorrências', 'Probabilidade e estatística');
insert into habilidade (id, id_componente, codigo, bncc, ativo, descricao, campo_atuacao, pratica_liguagem, objeto_conhecimento, unidade_tematica) values (804, 4, 'EF07MA35', true, true, 'Compreender, em contextos significativos, o significado de média estatística como indicador da tendência de uma pesquisa, calcular seu valor e relacioná-lo, intuitivamente, com a amplitude do conjunto de dados', Null, Null, 'Estatística: média e amplitude de um conjunto de dados', 'Probabilidade e estatística');
insert into habilidade (id, id_componente, codigo, bncc, ativo, descricao, campo_atuacao, pratica_liguagem, objeto_conhecimento, unidade_tematica) values (805, 4, 'EF07MA36', true, true, 'Planejar e realizar pesquisa envolvendo tema da realidade social, identificando a necessidade de ser censitária ou de usar amostra, e interpretar os dados para comunicá-los por meio de relatório escrito, tabelas e gráficos, com o apoio de planilhas eletrônicas', Null, Null, 'Pesquisa amostral e pesquisa censitária Planejamento de pesquisa, coleta e organização dos dados, construção de tabelas e gráficos e interpretação das informações', 'Probabilidade e estatística');
insert into habilidade (id, id_componente, codigo, bncc, ativo, descricao, campo_atuacao, pratica_liguagem, objeto_conhecimento, unidade_tematica) values (806, 4, 'EF07MA37', true, true, 'Interpretar e analisar dados apresentados em gráfico de setores divulgados pela mídia e compreender quando é possível ou conveniente sua utilização', Null, Null, 'Gráficos de setores: interpretação, pertinência e construção para representar conjunto de dados', 'Probabilidade e estatística');
insert into habilidade (id, id_componente, codigo, bncc, ativo, descricao, campo_atuacao, pratica_liguagem, objeto_conhecimento, unidade_tematica) values (807, 4, 'EF08MA01', true, true, 'Efetuar cálculos com potências de expoentes inteiros e aplicar esse conhecimento na representação de números em notação científica', Null, Null, 'Notação científica', 'Números');
insert into habilidade (id, id_componente, codigo, bncc, ativo, descricao, campo_atuacao, pratica_liguagem, objeto_conhecimento, unidade_tematica) values (808, 4, 'EF08MA02', true, true, 'Resolver e elaborar problemas usando a relação entre potenciação e radiciação, para representar uma raiz como potência de expoente fracionário', Null, Null, 'Potenciação e radiciação', 'Números');
insert into habilidade (id, id_componente, codigo, bncc, ativo, descricao, campo_atuacao, pratica_liguagem, objeto_conhecimento, unidade_tematica) values (809, 4, 'EF08MA03', true, true, 'Resolver e elaborar problemas de contagem cuja resolução envolva a aplicação do princípio multiplicativo', Null, Null, 'O princípio multiplicativo da contagem', 'Números');
insert into habilidade (id, id_componente, codigo, bncc, ativo, descricao, campo_atuacao, pratica_liguagem, objeto_conhecimento, unidade_tematica) values (810, 4, 'EF08MA04', true, true, 'Resolver e elaborar problemas, envolvendo cálculo de porcentagens, incluindo o uso de tecnologias digitais', Null, Null, 'Porcentagens', 'Números');
insert into habilidade (id, id_componente, codigo, bncc, ativo, descricao, campo_atuacao, pratica_liguagem, objeto_conhecimento, unidade_tematica) values (811, 4, 'EF08MA05', true, true, 'Reconhecer e utilizar procedimentos para a obtenção de uma fração geratriz para uma dízima periódica', Null, Null, 'Dízimas periódicas: fração geratriz', 'Números');
insert into habilidade (id, id_componente, codigo, bncc, ativo, descricao, campo_atuacao, pratica_liguagem, objeto_conhecimento, unidade_tematica) values (812, 4, 'EF08MA06', true, true, 'Resolver e elaborar problemas que envolvam cálculo do valor numérico de expressões algébricas, utilizando as propriedades das operações', Null, Null, 'Valor numérico de expressões algébricas', 'Álgebra');
insert into habilidade (id, id_componente, codigo, bncc, ativo, descricao, campo_atuacao, pratica_liguagem, objeto_conhecimento, unidade_tematica) values (813, 4, 'EF08MA07', true, true, 'Associar uma equação linear de 1º grau com duas incógnitas a uma reta no plano cartesiano', Null, Null, 'Associação de uma equação linear de 1º grau a uma reta no plano cartesiano', 'Álgebra');
insert into habilidade (id, id_componente, codigo, bncc, ativo, descricao, campo_atuacao, pratica_liguagem, objeto_conhecimento, unidade_tematica) values (814, 4, 'EF08MA08', true, true, 'Resolver e elaborar problemas relacionados ao seu contexto próximo, que possam ser representados por sistemas de equações de 1º grau com duas incógnitas e interpretá-los, utilizando, inclusive, o plano cartesiano como recurso', Null, Null, 'Sistema de equações polinomiais de 1º grau: resolução algébrica e representação no plano cartesiano', 'Álgebra');
insert into habilidade (id, id_componente, codigo, bncc, ativo, descricao, campo_atuacao, pratica_liguagem, objeto_conhecimento, unidade_tematica) values (815, 4, 'EF08MA09', true, true, 'Resolver e elaborar, com e sem uso de tecnologias, problemas que possam ser representados por equações polinomiais de 2º grau do tipo ax2 = b', Null, Null, 'Equação polinomial de 2º grau do tipo ax2 = b', 'Álgebra');
insert into habilidade (id, id_componente, codigo, bncc, ativo, descricao, campo_atuacao, pratica_liguagem, objeto_conhecimento, unidade_tematica) values (816, 4, 'EF08MA10', true, true, 'Identificar a regularidade de uma sequência numérica ou figural não recursiva e construir um algoritmo por meio de um fluxograma que permita indicar os números ou as figuras seguintes', Null, Null, 'Sequências recursivas e não recursivas', 'Álgebra');
insert into habilidade (id, id_componente, codigo, bncc, ativo, descricao, campo_atuacao, pratica_liguagem, objeto_conhecimento, unidade_tematica) values (817, 4, 'EF08MA11', true, true, 'Identificar a regularidade de uma sequência numérica recursiva e construir um algoritmo por meio de um fluxograma que permita indicar os números seguintes', Null, Null, 'Sequências recursivas e não recursivas', 'Álgebra');
insert into habilidade (id, id_componente, codigo, bncc, ativo, descricao, campo_atuacao, pratica_liguagem, objeto_conhecimento, unidade_tematica) values (818, 4, 'EF08MA12', true, true, 'Identificar a natureza da variação de duas grandezas, diretamente, inversamente proporcionais ou não proporcionais, expressando a relação existente por meio de sentença algébrica e representá-la no plano cartesiano', Null, Null, 'Variação de grandezas: diretamente proporcionais, inversamente proporcionais ou não proporcionais', 'Álgebra');
insert into habilidade (id, id_componente, codigo, bncc, ativo, descricao, campo_atuacao, pratica_liguagem, objeto_conhecimento, unidade_tematica) values (819, 4, 'EF08MA13', true, true, 'Resolver e elaborar problemas que envolvam grandezas diretamente ou inversamente proporcionais, por meio de estratégias variadas', Null, Null, 'Variação de grandezas: diretamente proporcionais, inversamente proporcionais ou não proporcionais', 'Álgebra');
insert into habilidade (id, id_componente, codigo, bncc, ativo, descricao, campo_atuacao, pratica_liguagem, objeto_conhecimento, unidade_tematica) values (820, 4, 'EF08MA14', true, true, 'Demonstrar propriedades de quadriláteros por meio da identificação da congruência de triângulos', Null, Null, 'Congruência de triângulos e demonstrações de propriedades de quadriláteros', 'Geometria');
insert into habilidade (id, id_componente, codigo, bncc, ativo, descricao, campo_atuacao, pratica_liguagem, objeto_conhecimento, unidade_tematica) values (821, 4, 'EF08MA15', true, true, 'Construir, utilizando instrumentos de desenho ou softwares de geometria dinâmica, mediatriz, bissetriz, ângulos de 90°, 60°, 45° e 30° e polígonos regulares', Null, Null, 'Construções geométricas: ângulos de 90°, 60°, 45° e 30° e polígonos regulares', 'Geometria');
insert into habilidade (id, id_componente, codigo, bncc, ativo, descricao, campo_atuacao, pratica_liguagem, objeto_conhecimento, unidade_tematica) values (822, 4, 'EF08MA16', true, true, 'Descrever, por escrito e por meio de um fluxograma, um algoritmo para a construção de um hexágono regular de qualquer área, a partir da medida do ângulo central e da utilização de esquadros e compasso', Null, Null, 'Construções geométricas: ângulos de 90°, 60°, 45° e 30° e polígonos regulares', 'Geometria');
insert into habilidade (id, id_componente, codigo, bncc, ativo, descricao, campo_atuacao, pratica_liguagem, objeto_conhecimento, unidade_tematica) values (823, 4, 'EF08MA17', true, true, 'Aplicar os conceitos de mediatriz e bissetriz como lugares geométricos na resolução de problemas', Null, Null, 'Mediatriz e bissetriz como lugares geométricos: construção e problemas', 'Geometria');
insert into habilidade (id, id_componente, codigo, bncc, ativo, descricao, campo_atuacao, pratica_liguagem, objeto_conhecimento, unidade_tematica) values (824, 4, 'EF08MA18', true, true, 'Reconhecer e construir figuras obtidas por composições de transformações geométricas (translação, reflexão e rotação), com o uso de instrumentos de desenho ou de softwares de geometria dinâmica', Null, Null, 'Transformações geométricas: simetrias de translação, reflexão e rotação', 'Geometria');
insert into habilidade (id, id_componente, codigo, bncc, ativo, descricao, campo_atuacao, pratica_liguagem, objeto_conhecimento, unidade_tematica) values (825, 4, 'EF08MA19', true, true, 'Resolver e elaborar problemas que envolvam medidas de área de figuras geométricas, utilizando expressões de cálculo de área (quadriláteros, triângulos e círculos), em situações como determinar medida de terrenos', Null, Null, 'Área de figuras planas Área do círculo e comprimento de sua circunferência', 'Grandezas e medidas');
insert into habilidade (id, id_componente, codigo, bncc, ativo, descricao, campo_atuacao, pratica_liguagem, objeto_conhecimento, unidade_tematica) values (826, 4, 'EF08MA20', true, true, 'Reconhecer a relação entre um litro e um decímetro cúbico e a relação entre litro e metro cúbico, para resolver problemas de cálculo de capacidade de recipientes', Null, Null, 'Volume de bloco retangular Medidas de capacidade', 'Grandezas e medidas');
insert into habilidade (id, id_componente, codigo, bncc, ativo, descricao, campo_atuacao, pratica_liguagem, objeto_conhecimento, unidade_tematica) values (827, 4, 'EF08MA21', true, true, 'Resolver e elaborar problemas que envolvam o cálculo do volume de recipiente cujo formato é o de um bloco retangular', Null, Null, 'Volume de bloco retangular Medidas de capacidade', 'Grandezas e medidas');
insert into habilidade (id, id_componente, codigo, bncc, ativo, descricao, campo_atuacao, pratica_liguagem, objeto_conhecimento, unidade_tematica) values (828, 4, 'EF08MA22', true, true, 'Calcular a probabilidade de eventos, com base na construção do espaço amostral, utilizando o princípio multiplicativo, e reconhecer que a soma das probabilidades de todos os elementos do espaço amostral é igual a 1', Null, Null, 'Princípio multiplicativo da contagem Soma das probabilidades de todos os elementos de um espaço amostral', 'Probabilidade e estatística');
insert into habilidade (id, id_componente, codigo, bncc, ativo, descricao, campo_atuacao, pratica_liguagem, objeto_conhecimento, unidade_tematica) values (829, 4, 'EF08MA23', true, true, 'Avaliar a adequação de diferentes tipos de gráficos para representar um conjunto de dados de uma pesquisa', Null, Null, 'Gráficos de barras, colunas, linhas ou setores e seus elementos constitutivos e adequação para determinado conjunto de dados', 'Probabilidade e estatística');
insert into habilidade (id, id_componente, codigo, bncc, ativo, descricao, campo_atuacao, pratica_liguagem, objeto_conhecimento, unidade_tematica) values (830, 4, 'EF08MA24', true, true, 'Classificar as frequências de uma variável contínua de uma pesquisa em classes, de modo que resumam os dados de maneira adequada para a tomada de decisões', Null, Null, 'Organização dos dados de uma variável contínua em classes', 'Probabilidade e estatística');
insert into habilidade (id, id_componente, codigo, bncc, ativo, descricao, campo_atuacao, pratica_liguagem, objeto_conhecimento, unidade_tematica) values (831, 4, 'EF08MA25', true, true, 'Obter os valores de medidas de tendência central de uma pesquisa estatística (média, moda e mediana) com a compreensão de seus significados e relacioná-los com a dispersão de dados, indicada pela amplitude', Null, Null, 'Medidas de tendência central e de dispersão', 'Probabilidade e estatística');
insert into habilidade (id, id_componente, codigo, bncc, ativo, descricao, campo_atuacao, pratica_liguagem, objeto_conhecimento, unidade_tematica) values (832, 4, 'EF08MA26', true, true, 'Selecionar razões, de diferentes naturezas (física, ética ou econômica), que justificam a realização de pesquisas amostrais e não censitárias, e reconhecer que a seleção da amostra pode ser feita de diferentes maneiras (amostra casual simples, sistemática e estratificada)', Null, Null, 'Pesquisas censitária ou amostral Planejamento e execução de pesquisa amostral', 'Probabilidade e estatística');
insert into habilidade (id, id_componente, codigo, bncc, ativo, descricao, campo_atuacao, pratica_liguagem, objeto_conhecimento, unidade_tematica) values (833, 4, 'EF08MA27', true, true, 'Planejar e executar pesquisa amostral, selecionando uma técnica de amostragem adequada, e escrever relatório que contenha os gráficos apropriados para representar os conjuntos de dados, destacando aspectos como as medidas de tendência central, a amplitude e as conclusões', Null, Null, 'Pesquisas censitária ou amostral Planejamento e execução de pesquisa amostral', 'Probabilidade e estatística');
insert into habilidade (id, id_componente, codigo, bncc, ativo, descricao, campo_atuacao, pratica_liguagem, objeto_conhecimento, unidade_tematica) values (834, 4, 'EF09MA01', true, true, 'Reconhecer que, uma vez fixada uma unidade de comprimento, existem segmentos de reta cujo comprimento não é expresso por número racional (como as medidas de diagonais de um polígono e alturas de um triângulo, quando se toma a medida de cada lado como unidade)', Null, Null, 'Necessidade dos números reais para medir qualquer segmento de reta Números irracionais: reconhecimento e localização de alguns na reta numérica', 'Números');
insert into habilidade (id, id_componente, codigo, bncc, ativo, descricao, campo_atuacao, pratica_liguagem, objeto_conhecimento, unidade_tematica) values (835, 4, 'EF09MA02', true, true, 'Reconhecer um número irracional como um número real cuja representação decimal é infinita e não periódica, e estimar a localização de alguns deles na reta numérica', Null, Null, 'Necessidade dos números reais para medir qualquer segmento de reta Números irracionais: reconhecimento e localização de alguns na reta numérica', 'Números');
insert into habilidade (id, id_componente, codigo, bncc, ativo, descricao, campo_atuacao, pratica_liguagem, objeto_conhecimento, unidade_tematica) values (836, 4, 'EF09MA03', true, true, 'Efetuar cálculos com números reais, inclusive potências com expoentes fracionários', Null, Null, 'Potências com expoentes negativos e fracionários', 'Números');
insert into habilidade (id, id_componente, codigo, bncc, ativo, descricao, campo_atuacao, pratica_liguagem, objeto_conhecimento, unidade_tematica) values (837, 4, 'EF09MA04', true, true, 'Resolver e elaborar problemas com números reais, inclusive em notação científica, envolvendo diferentes operações', Null, Null, 'Números reais: notação científica e problemas', 'Números');
insert into habilidade (id, id_componente, codigo, bncc, ativo, descricao, campo_atuacao, pratica_liguagem, objeto_conhecimento, unidade_tematica) values (838, 4, 'EF09MA05', true, true, 'Resolver e elaborar problemas que envolvam porcentagens, com a ideia de aplicação de percentuais sucessivos e a determinação das taxas percentuais, preferencialmente com o uso de tecnologias digitais, no contexto da educação financeira', Null, Null, 'Porcentagens: problemas que envolvem cálculo de percentuais sucessivos', 'Números');
insert into habilidade (id, id_componente, codigo, bncc, ativo, descricao, campo_atuacao, pratica_liguagem, objeto_conhecimento, unidade_tematica) values (839, 4, 'EF09MA06', true, true, 'Compreender as funções como relações de dependência unívoca entre duas variáveis e suas representações numérica, algébrica e gráfica e utilizar esse conceito para analisar situações que envolvam relações funcionais entre duas variáveis', Null, Null, 'Funções: representações numérica, algébrica e gráfica', 'Álgebra');
insert into habilidade (id, id_componente, codigo, bncc, ativo, descricao, campo_atuacao, pratica_liguagem, objeto_conhecimento, unidade_tematica) values (840, 4, 'EF09MA07', true, true, 'Resolver problemas que envolvam a razão entre duas grandezas de espécies diferentes, como velocidade e densidade demográfica', Null, Null, 'Razão entre grandezas de espécies diferentes', 'Álgebra');
insert into habilidade (id, id_componente, codigo, bncc, ativo, descricao, campo_atuacao, pratica_liguagem, objeto_conhecimento, unidade_tematica) values (841, 4, 'EF09MA08', true, true, 'Resolver e elaborar problemas que envolvam relações de proporcionalidade direta e inversa entre duas ou mais grandezas, inclusive escalas, divisão em partes proporcionais e taxa de variação, em contextos socioculturais, ambientais e de outras áreas', Null, Null, 'Grandezas diretamente proporcionais e grandezas inversamente proporcionais', 'Álgebra');
insert into habilidade (id, id_componente, codigo, bncc, ativo, descricao, campo_atuacao, pratica_liguagem, objeto_conhecimento, unidade_tematica) values (842, 4, 'EF09MA09', true, true, 'Compreender os processos de fatoração de expressões algébricas, com base em suas relações com os produtos notáveis, para resolver e elaborar problemas que possam ser representados por equações polinomiais do 2º grau', Null, Null, 'Expressões algébricas: fatoração e produtos notáveis Resolução de equações polinomiais do 2º grau por meio de fatorações', 'Álgebra');
insert into habilidade (id, id_componente, codigo, bncc, ativo, descricao, campo_atuacao, pratica_liguagem, objeto_conhecimento, unidade_tematica) values (843, 4, 'EF09MA10', true, true, 'Demonstrar relações simples entre os ângulos formados por retas paralelas cortadas por uma transversal', Null, Null, 'Demonstrações de relações entre os ângulos formados por retas paralelas intersectadas por uma transversal', 'Geometria');
insert into habilidade (id, id_componente, codigo, bncc, ativo, descricao, campo_atuacao, pratica_liguagem, objeto_conhecimento, unidade_tematica) values (844, 4, 'EF09MA11', true, true, 'Resolver problemas por meio do estabelecimento de relações entre arcos, ângulos centrais e ângulos inscritos na circunferência, fazendo uso, inclusive, de softwares de geometria dinâmica', Null, Null, 'Relações entre arcos e ângulos na circunferência de um círculo', 'Geometria');
insert into habilidade (id, id_componente, codigo, bncc, ativo, descricao, campo_atuacao, pratica_liguagem, objeto_conhecimento, unidade_tematica) values (845, 4, 'EF09MA12', true, true, 'Reconhecer as condições necessárias e suficientes para que dois triângulos sejam semelhantes', Null, Null, 'Semelhança de triângulos', 'Geometria');
insert into habilidade (id, id_componente, codigo, bncc, ativo, descricao, campo_atuacao, pratica_liguagem, objeto_conhecimento, unidade_tematica) values (846, 4, 'EF09MA13', true, true, 'Demonstrar relações métricas do triângulo retângulo, entre elas o teorema de Pitágoras, utilizando, inclusive, a semelhança de triângulos', Null, Null, 'Relações métricas no triângulo retângulo Teorema de Pitágoras: verificações experimentais e demonstração Retas paralelas cortadas por transversais: teoremas de proporcionalidade e verificações experimentais', 'Geometria');
insert into habilidade (id, id_componente, codigo, bncc, ativo, descricao, campo_atuacao, pratica_liguagem, objeto_conhecimento, unidade_tematica) values (847, 4, 'EF09MA14', true, true, 'Resolver e elaborar problemas de aplicação do teorema de Pitágoras ou das relações de proporcionalidade envolvendo retas paralelas cortadas por secantes', Null, Null, 'Relações métricas no triângulo retângulo Teorema de Pitágoras: verificações experimentais e demonstração Retas paralelas cortadas por transversais: teoremas de proporcionalidade e verificações experimentais', 'Geometria');
insert into habilidade (id, id_componente, codigo, bncc, ativo, descricao, campo_atuacao, pratica_liguagem, objeto_conhecimento, unidade_tematica) values (848, 4, 'EF09MA15', true, true, 'Descrever, por escrito e por meio de um fluxograma, um algoritmo para a construção de um polígono regular cuja medida do lado é conhecida, utilizando régua e compasso, como também softwares', Null, Null, 'Polígonos regulares', 'Geometria');
insert into habilidade (id, id_componente, codigo, bncc, ativo, descricao, campo_atuacao, pratica_liguagem, objeto_conhecimento, unidade_tematica) values (849, 4, 'EF09MA16', true, true, 'Determinar o ponto médio de um segmento de reta e a distância entre dois pontos quaisquer, dadas as coordenadas desses pontos no plano cartesiano, sem o uso de fórmulas, e utilizar esse conhecimento para calcular, por exemplo, medidas de perímetros e áreas de figuras planas construídas no plano', Null, Null, 'Distância entre pontos no plano cartesiano', 'Geometria');
insert into habilidade (id, id_componente, codigo, bncc, ativo, descricao, campo_atuacao, pratica_liguagem, objeto_conhecimento, unidade_tematica) values (850, 4, 'EF09MA17', true, true, 'Reconhecer vistas ortogonais de figuras espaciais e aplicar esse conhecimento para desenhar objetos em perspectiva', Null, Null, 'Vistas ortogonais de figuras espaciais', 'Geometria');
insert into habilidade (id, id_componente, codigo, bncc, ativo, descricao, campo_atuacao, pratica_liguagem, objeto_conhecimento, unidade_tematica) values (851, 4, 'EF09MA18', true, true, 'Reconhecer e empregar unidades usadas para expressar medidas muito grandes ou muito pequenas, tais como distância entre planetas e sistemas solares, tamanho de vírus ou de células, capacidade de armazenamento de computadores, entre outros', Null, Null, 'Unidades de medida para medir distâncias muito grandes e muito pequenas Unidades de medida utilizadas na informática', 'Grandezas e medidas');
insert into habilidade (id, id_componente, codigo, bncc, ativo, descricao, campo_atuacao, pratica_liguagem, objeto_conhecimento, unidade_tematica) values (852, 4, 'EF09MA19', true, true, 'Resolver e elaborar problemas que envolvam medidas de volumes de prismas e de cilindros retos, inclusive com uso de expressões de cálculo, em situações cotidianas', Null, Null, 'Volume de prismas e cilindros', 'Grandezas e medidas');
insert into habilidade (id, id_componente, codigo, bncc, ativo, descricao, campo_atuacao, pratica_liguagem, objeto_conhecimento, unidade_tematica) values (853, 4, 'EF09MA20', true, true, 'Reconhecer, em experimentos aleatórios, eventos independentes e dependentes e calcular a probabilidade de sua ocorrência, nos dois casos', Null, Null, 'Análise de probabilidade de eventos aleatórios: eventos dependentes e independentes', 'Probabilidade e estatística');
insert into habilidade (id, id_componente, codigo, bncc, ativo, descricao, campo_atuacao, pratica_liguagem, objeto_conhecimento, unidade_tematica) values (854, 4, 'EF09MA21', true, true, 'Analisar e identificar, em gráficos divulgados pela mídia, os elementos que podem induzir, às vezes propositadamente, erros de leitura, como escalas inapropriadas, legendas não explicitadas corretamente, omissão de informações importantes (fontes e datas), entre outros', Null, Null, 'Análise de gráficos divulgados pela mídia: elementos que podem induzir a erros de leitura ou de interpretação', 'Probabilidade e estatística');
insert into habilidade (id, id_componente, codigo, bncc, ativo, descricao, campo_atuacao, pratica_liguagem, objeto_conhecimento, unidade_tematica) values (855, 4, 'EF09MA22', true, true, 'Escolher e construir o gráfico mais adequado (colunas, setores, linhas), com ou sem uso de planilhas eletrônicas, para apresentar um determinado conjunto de dados, destacando aspectos como as medidas de tendência central', Null, Null, 'Leitura, interpretação e representação de dados de pesquisa expressos em tabelas de dupla entrada, gráficos de colunas simples e agrupadas, gráficos de barras e de setores e gráficos pictóricos', 'Probabilidade e estatística');
insert into habilidade (id, id_componente, codigo, bncc, ativo, descricao, campo_atuacao, pratica_liguagem, objeto_conhecimento, unidade_tematica) values (856, 4, 'EF09MA23', true, true, 'Planejar e executar pesquisa amostral envolvendo tema da realidade social e comunicar os resultados por meio de relatório contendo avaliação de medidas de tendência central e da amplitude, tabelas e gráficos adequados, construídos com o apoio de planilhas eletrônicas', Null, Null, 'Planejamento e execução de pesquisa amostral e apresentação de relatório', 'Probabilidade e estatística');

insert into habilidade_faixa_ano (id_habilidade, id_faixa_ano) values (610, 4);
insert into habilidade_faixa_ano (id_habilidade, id_faixa_ano) values (611, 4);
insert into habilidade_faixa_ano (id_habilidade, id_faixa_ano) values (612, 4);
insert into habilidade_faixa_ano (id_habilidade, id_faixa_ano) values (613, 4);
insert into habilidade_faixa_ano (id_habilidade, id_faixa_ano) values (614, 4);
insert into habilidade_faixa_ano (id_habilidade, id_faixa_ano) values (615, 4);
insert into habilidade_faixa_ano (id_habilidade, id_faixa_ano) values (616, 4);
insert into habilidade_faixa_ano (id_habilidade, id_faixa_ano) values (617, 4);
insert into habilidade_faixa_ano (id_habilidade, id_faixa_ano) values (618, 4);
insert into habilidade_faixa_ano (id_habilidade, id_faixa_ano) values (619, 4);
insert into habilidade_faixa_ano (id_habilidade, id_faixa_ano) values (620, 4);
insert into habilidade_faixa_ano (id_habilidade, id_faixa_ano) values (621, 4);
insert into habilidade_faixa_ano (id_habilidade, id_faixa_ano) values (622, 4);
insert into habilidade_faixa_ano (id_habilidade, id_faixa_ano) values (623, 4);
insert into habilidade_faixa_ano (id_habilidade, id_faixa_ano) values (624, 4);
insert into habilidade_faixa_ano (id_habilidade, id_faixa_ano) values (625, 4);
insert into habilidade_faixa_ano (id_habilidade, id_faixa_ano) values (626, 4);
insert into habilidade_faixa_ano (id_habilidade, id_faixa_ano) values (627, 4);
insert into habilidade_faixa_ano (id_habilidade, id_faixa_ano) values (628, 4);
insert into habilidade_faixa_ano (id_habilidade, id_faixa_ano) values (629, 4);
insert into habilidade_faixa_ano (id_habilidade, id_faixa_ano) values (630, 4);
insert into habilidade_faixa_ano (id_habilidade, id_faixa_ano) values (631, 4);
insert into habilidade_faixa_ano (id_habilidade, id_faixa_ano) values (632, 5);
insert into habilidade_faixa_ano (id_habilidade, id_faixa_ano) values (633, 5);
insert into habilidade_faixa_ano (id_habilidade, id_faixa_ano) values (634, 5);
insert into habilidade_faixa_ano (id_habilidade, id_faixa_ano) values (635, 5);
insert into habilidade_faixa_ano (id_habilidade, id_faixa_ano) values (636, 5);
insert into habilidade_faixa_ano (id_habilidade, id_faixa_ano) values (637, 5);
insert into habilidade_faixa_ano (id_habilidade, id_faixa_ano) values (638, 5);
insert into habilidade_faixa_ano (id_habilidade, id_faixa_ano) values (639, 5);
insert into habilidade_faixa_ano (id_habilidade, id_faixa_ano) values (640, 5);
insert into habilidade_faixa_ano (id_habilidade, id_faixa_ano) values (641, 5);
insert into habilidade_faixa_ano (id_habilidade, id_faixa_ano) values (642, 5);
insert into habilidade_faixa_ano (id_habilidade, id_faixa_ano) values (643, 5);
insert into habilidade_faixa_ano (id_habilidade, id_faixa_ano) values (644, 5);
insert into habilidade_faixa_ano (id_habilidade, id_faixa_ano) values (645, 5);
insert into habilidade_faixa_ano (id_habilidade, id_faixa_ano) values (646, 5);
insert into habilidade_faixa_ano (id_habilidade, id_faixa_ano) values (647, 5);
insert into habilidade_faixa_ano (id_habilidade, id_faixa_ano) values (648, 5);
insert into habilidade_faixa_ano (id_habilidade, id_faixa_ano) values (649, 5);
insert into habilidade_faixa_ano (id_habilidade, id_faixa_ano) values (650, 5);
insert into habilidade_faixa_ano (id_habilidade, id_faixa_ano) values (651, 5);
insert into habilidade_faixa_ano (id_habilidade, id_faixa_ano) values (652, 5);
insert into habilidade_faixa_ano (id_habilidade, id_faixa_ano) values (653, 5);
insert into habilidade_faixa_ano (id_habilidade, id_faixa_ano) values (654, 5);
insert into habilidade_faixa_ano (id_habilidade, id_faixa_ano) values (655, 6);
insert into habilidade_faixa_ano (id_habilidade, id_faixa_ano) values (656, 6);
insert into habilidade_faixa_ano (id_habilidade, id_faixa_ano) values (657, 6);
insert into habilidade_faixa_ano (id_habilidade, id_faixa_ano) values (658, 6);
insert into habilidade_faixa_ano (id_habilidade, id_faixa_ano) values (659, 6);
insert into habilidade_faixa_ano (id_habilidade, id_faixa_ano) values (660, 6);
insert into habilidade_faixa_ano (id_habilidade, id_faixa_ano) values (661, 6);
insert into habilidade_faixa_ano (id_habilidade, id_faixa_ano) values (662, 6);
insert into habilidade_faixa_ano (id_habilidade, id_faixa_ano) values (663, 6);
insert into habilidade_faixa_ano (id_habilidade, id_faixa_ano) values (664, 6);
insert into habilidade_faixa_ano (id_habilidade, id_faixa_ano) values (665, 6);
insert into habilidade_faixa_ano (id_habilidade, id_faixa_ano) values (666, 6);
insert into habilidade_faixa_ano (id_habilidade, id_faixa_ano) values (667, 6);
insert into habilidade_faixa_ano (id_habilidade, id_faixa_ano) values (668, 6);
insert into habilidade_faixa_ano (id_habilidade, id_faixa_ano) values (669, 6);
insert into habilidade_faixa_ano (id_habilidade, id_faixa_ano) values (670, 6);
insert into habilidade_faixa_ano (id_habilidade, id_faixa_ano) values (671, 6);
insert into habilidade_faixa_ano (id_habilidade, id_faixa_ano) values (672, 6);
insert into habilidade_faixa_ano (id_habilidade, id_faixa_ano) values (673, 6);
insert into habilidade_faixa_ano (id_habilidade, id_faixa_ano) values (674, 6);
insert into habilidade_faixa_ano (id_habilidade, id_faixa_ano) values (675, 6);
insert into habilidade_faixa_ano (id_habilidade, id_faixa_ano) values (676, 6);
insert into habilidade_faixa_ano (id_habilidade, id_faixa_ano) values (677, 6);
insert into habilidade_faixa_ano (id_habilidade, id_faixa_ano) values (678, 6);
insert into habilidade_faixa_ano (id_habilidade, id_faixa_ano) values (679, 6);
insert into habilidade_faixa_ano (id_habilidade, id_faixa_ano) values (680, 6);
insert into habilidade_faixa_ano (id_habilidade, id_faixa_ano) values (681, 6);
insert into habilidade_faixa_ano (id_habilidade, id_faixa_ano) values (682, 6);
insert into habilidade_faixa_ano (id_habilidade, id_faixa_ano) values (683, 7);
insert into habilidade_faixa_ano (id_habilidade, id_faixa_ano) values (684, 7);
insert into habilidade_faixa_ano (id_habilidade, id_faixa_ano) values (685, 7);
insert into habilidade_faixa_ano (id_habilidade, id_faixa_ano) values (686, 7);
insert into habilidade_faixa_ano (id_habilidade, id_faixa_ano) values (687, 7);
insert into habilidade_faixa_ano (id_habilidade, id_faixa_ano) values (688, 7);
insert into habilidade_faixa_ano (id_habilidade, id_faixa_ano) values (689, 7);
insert into habilidade_faixa_ano (id_habilidade, id_faixa_ano) values (690, 7);
insert into habilidade_faixa_ano (id_habilidade, id_faixa_ano) values (691, 7);
insert into habilidade_faixa_ano (id_habilidade, id_faixa_ano) values (692, 7);
insert into habilidade_faixa_ano (id_habilidade, id_faixa_ano) values (693, 7);
insert into habilidade_faixa_ano (id_habilidade, id_faixa_ano) values (694, 7);
insert into habilidade_faixa_ano (id_habilidade, id_faixa_ano) values (695, 7);
insert into habilidade_faixa_ano (id_habilidade, id_faixa_ano) values (696, 7);
insert into habilidade_faixa_ano (id_habilidade, id_faixa_ano) values (697, 7);
insert into habilidade_faixa_ano (id_habilidade, id_faixa_ano) values (698, 7);
insert into habilidade_faixa_ano (id_habilidade, id_faixa_ano) values (699, 7);
insert into habilidade_faixa_ano (id_habilidade, id_faixa_ano) values (700, 7);
insert into habilidade_faixa_ano (id_habilidade, id_faixa_ano) values (701, 7);
insert into habilidade_faixa_ano (id_habilidade, id_faixa_ano) values (702, 7);
insert into habilidade_faixa_ano (id_habilidade, id_faixa_ano) values (703, 7);
insert into habilidade_faixa_ano (id_habilidade, id_faixa_ano) values (704, 7);
insert into habilidade_faixa_ano (id_habilidade, id_faixa_ano) values (705, 7);
insert into habilidade_faixa_ano (id_habilidade, id_faixa_ano) values (706, 7);
insert into habilidade_faixa_ano (id_habilidade, id_faixa_ano) values (707, 7);
insert into habilidade_faixa_ano (id_habilidade, id_faixa_ano) values (708, 7);
insert into habilidade_faixa_ano (id_habilidade, id_faixa_ano) values (709, 7);
insert into habilidade_faixa_ano (id_habilidade, id_faixa_ano) values (710, 7);
insert into habilidade_faixa_ano (id_habilidade, id_faixa_ano) values (711, 8);
insert into habilidade_faixa_ano (id_habilidade, id_faixa_ano) values (712, 8);
insert into habilidade_faixa_ano (id_habilidade, id_faixa_ano) values (713, 8);
insert into habilidade_faixa_ano (id_habilidade, id_faixa_ano) values (714, 8);
insert into habilidade_faixa_ano (id_habilidade, id_faixa_ano) values (715, 8);
insert into habilidade_faixa_ano (id_habilidade, id_faixa_ano) values (716, 8);
insert into habilidade_faixa_ano (id_habilidade, id_faixa_ano) values (717, 8);
insert into habilidade_faixa_ano (id_habilidade, id_faixa_ano) values (718, 8);
insert into habilidade_faixa_ano (id_habilidade, id_faixa_ano) values (719, 8);
insert into habilidade_faixa_ano (id_habilidade, id_faixa_ano) values (720, 8);
insert into habilidade_faixa_ano (id_habilidade, id_faixa_ano) values (721, 8);
insert into habilidade_faixa_ano (id_habilidade, id_faixa_ano) values (722, 8);
insert into habilidade_faixa_ano (id_habilidade, id_faixa_ano) values (723, 8);
insert into habilidade_faixa_ano (id_habilidade, id_faixa_ano) values (724, 8);
insert into habilidade_faixa_ano (id_habilidade, id_faixa_ano) values (725, 8);
insert into habilidade_faixa_ano (id_habilidade, id_faixa_ano) values (726, 8);
insert into habilidade_faixa_ano (id_habilidade, id_faixa_ano) values (727, 8);
insert into habilidade_faixa_ano (id_habilidade, id_faixa_ano) values (728, 8);
insert into habilidade_faixa_ano (id_habilidade, id_faixa_ano) values (729, 8);
insert into habilidade_faixa_ano (id_habilidade, id_faixa_ano) values (730, 8);
insert into habilidade_faixa_ano (id_habilidade, id_faixa_ano) values (731, 8);
insert into habilidade_faixa_ano (id_habilidade, id_faixa_ano) values (732, 8);
insert into habilidade_faixa_ano (id_habilidade, id_faixa_ano) values (733, 8);
insert into habilidade_faixa_ano (id_habilidade, id_faixa_ano) values (734, 8);
insert into habilidade_faixa_ano (id_habilidade, id_faixa_ano) values (735, 8);
insert into habilidade_faixa_ano (id_habilidade, id_faixa_ano) values (736, 9);
insert into habilidade_faixa_ano (id_habilidade, id_faixa_ano) values (737, 9);
insert into habilidade_faixa_ano (id_habilidade, id_faixa_ano) values (738, 9);
insert into habilidade_faixa_ano (id_habilidade, id_faixa_ano) values (739, 9);
insert into habilidade_faixa_ano (id_habilidade, id_faixa_ano) values (740, 9);
insert into habilidade_faixa_ano (id_habilidade, id_faixa_ano) values (741, 9);
insert into habilidade_faixa_ano (id_habilidade, id_faixa_ano) values (742, 9);
insert into habilidade_faixa_ano (id_habilidade, id_faixa_ano) values (743, 9);
insert into habilidade_faixa_ano (id_habilidade, id_faixa_ano) values (744, 9);
insert into habilidade_faixa_ano (id_habilidade, id_faixa_ano) values (745, 9);
insert into habilidade_faixa_ano (id_habilidade, id_faixa_ano) values (746, 9);
insert into habilidade_faixa_ano (id_habilidade, id_faixa_ano) values (747, 9);
insert into habilidade_faixa_ano (id_habilidade, id_faixa_ano) values (748, 9);
insert into habilidade_faixa_ano (id_habilidade, id_faixa_ano) values (749, 9);
insert into habilidade_faixa_ano (id_habilidade, id_faixa_ano) values (750, 9);
insert into habilidade_faixa_ano (id_habilidade, id_faixa_ano) values (751, 9);
insert into habilidade_faixa_ano (id_habilidade, id_faixa_ano) values (752, 9);
insert into habilidade_faixa_ano (id_habilidade, id_faixa_ano) values (753, 9);
insert into habilidade_faixa_ano (id_habilidade, id_faixa_ano) values (754, 9);
insert into habilidade_faixa_ano (id_habilidade, id_faixa_ano) values (755, 9);
insert into habilidade_faixa_ano (id_habilidade, id_faixa_ano) values (756, 9);
insert into habilidade_faixa_ano (id_habilidade, id_faixa_ano) values (757, 9);
insert into habilidade_faixa_ano (id_habilidade, id_faixa_ano) values (758, 9);
insert into habilidade_faixa_ano (id_habilidade, id_faixa_ano) values (759, 9);
insert into habilidade_faixa_ano (id_habilidade, id_faixa_ano) values (760, 9);
insert into habilidade_faixa_ano (id_habilidade, id_faixa_ano) values (761, 9);
insert into habilidade_faixa_ano (id_habilidade, id_faixa_ano) values (762, 9);
insert into habilidade_faixa_ano (id_habilidade, id_faixa_ano) values (763, 9);
insert into habilidade_faixa_ano (id_habilidade, id_faixa_ano) values (764, 9);
insert into habilidade_faixa_ano (id_habilidade, id_faixa_ano) values (765, 9);
insert into habilidade_faixa_ano (id_habilidade, id_faixa_ano) values (766, 9);
insert into habilidade_faixa_ano (id_habilidade, id_faixa_ano) values (767, 9);
insert into habilidade_faixa_ano (id_habilidade, id_faixa_ano) values (768, 9);
insert into habilidade_faixa_ano (id_habilidade, id_faixa_ano) values (769, 9);
insert into habilidade_faixa_ano (id_habilidade, id_faixa_ano) values (770, 10);
insert into habilidade_faixa_ano (id_habilidade, id_faixa_ano) values (771, 10);
insert into habilidade_faixa_ano (id_habilidade, id_faixa_ano) values (772, 10);
insert into habilidade_faixa_ano (id_habilidade, id_faixa_ano) values (773, 10);
insert into habilidade_faixa_ano (id_habilidade, id_faixa_ano) values (774, 10);
insert into habilidade_faixa_ano (id_habilidade, id_faixa_ano) values (775, 10);
insert into habilidade_faixa_ano (id_habilidade, id_faixa_ano) values (776, 10);
insert into habilidade_faixa_ano (id_habilidade, id_faixa_ano) values (777, 10);
insert into habilidade_faixa_ano (id_habilidade, id_faixa_ano) values (778, 10);
insert into habilidade_faixa_ano (id_habilidade, id_faixa_ano) values (779, 10);
insert into habilidade_faixa_ano (id_habilidade, id_faixa_ano) values (780, 10);
insert into habilidade_faixa_ano (id_habilidade, id_faixa_ano) values (781, 10);
insert into habilidade_faixa_ano (id_habilidade, id_faixa_ano) values (782, 10);
insert into habilidade_faixa_ano (id_habilidade, id_faixa_ano) values (783, 10);
insert into habilidade_faixa_ano (id_habilidade, id_faixa_ano) values (784, 10);
insert into habilidade_faixa_ano (id_habilidade, id_faixa_ano) values (785, 10);
insert into habilidade_faixa_ano (id_habilidade, id_faixa_ano) values (786, 10);
insert into habilidade_faixa_ano (id_habilidade, id_faixa_ano) values (787, 10);
insert into habilidade_faixa_ano (id_habilidade, id_faixa_ano) values (788, 10);
insert into habilidade_faixa_ano (id_habilidade, id_faixa_ano) values (789, 10);
insert into habilidade_faixa_ano (id_habilidade, id_faixa_ano) values (790, 10);
insert into habilidade_faixa_ano (id_habilidade, id_faixa_ano) values (791, 10);
insert into habilidade_faixa_ano (id_habilidade, id_faixa_ano) values (792, 10);
insert into habilidade_faixa_ano (id_habilidade, id_faixa_ano) values (793, 10);
insert into habilidade_faixa_ano (id_habilidade, id_faixa_ano) values (794, 10);
insert into habilidade_faixa_ano (id_habilidade, id_faixa_ano) values (795, 10);
insert into habilidade_faixa_ano (id_habilidade, id_faixa_ano) values (796, 10);
insert into habilidade_faixa_ano (id_habilidade, id_faixa_ano) values (797, 10);
insert into habilidade_faixa_ano (id_habilidade, id_faixa_ano) values (798, 10);
insert into habilidade_faixa_ano (id_habilidade, id_faixa_ano) values (799, 10);
insert into habilidade_faixa_ano (id_habilidade, id_faixa_ano) values (800, 10);
insert into habilidade_faixa_ano (id_habilidade, id_faixa_ano) values (801, 10);
insert into habilidade_faixa_ano (id_habilidade, id_faixa_ano) values (802, 10);
insert into habilidade_faixa_ano (id_habilidade, id_faixa_ano) values (803, 10);
insert into habilidade_faixa_ano (id_habilidade, id_faixa_ano) values (804, 10);
insert into habilidade_faixa_ano (id_habilidade, id_faixa_ano) values (805, 10);
insert into habilidade_faixa_ano (id_habilidade, id_faixa_ano) values (806, 10);
insert into habilidade_faixa_ano (id_habilidade, id_faixa_ano) values (807, 11);
insert into habilidade_faixa_ano (id_habilidade, id_faixa_ano) values (808, 11);
insert into habilidade_faixa_ano (id_habilidade, id_faixa_ano) values (809, 11);
insert into habilidade_faixa_ano (id_habilidade, id_faixa_ano) values (810, 11);
insert into habilidade_faixa_ano (id_habilidade, id_faixa_ano) values (811, 11);
insert into habilidade_faixa_ano (id_habilidade, id_faixa_ano) values (812, 11);
insert into habilidade_faixa_ano (id_habilidade, id_faixa_ano) values (813, 11);
insert into habilidade_faixa_ano (id_habilidade, id_faixa_ano) values (814, 11);
insert into habilidade_faixa_ano (id_habilidade, id_faixa_ano) values (815, 11);
insert into habilidade_faixa_ano (id_habilidade, id_faixa_ano) values (816, 11);
insert into habilidade_faixa_ano (id_habilidade, id_faixa_ano) values (817, 11);
insert into habilidade_faixa_ano (id_habilidade, id_faixa_ano) values (818, 11);
insert into habilidade_faixa_ano (id_habilidade, id_faixa_ano) values (819, 11);
insert into habilidade_faixa_ano (id_habilidade, id_faixa_ano) values (820, 11);
insert into habilidade_faixa_ano (id_habilidade, id_faixa_ano) values (821, 11);
insert into habilidade_faixa_ano (id_habilidade, id_faixa_ano) values (822, 11);
insert into habilidade_faixa_ano (id_habilidade, id_faixa_ano) values (823, 11);
insert into habilidade_faixa_ano (id_habilidade, id_faixa_ano) values (824, 11);
insert into habilidade_faixa_ano (id_habilidade, id_faixa_ano) values (825, 11);
insert into habilidade_faixa_ano (id_habilidade, id_faixa_ano) values (826, 11);
insert into habilidade_faixa_ano (id_habilidade, id_faixa_ano) values (827, 11);
insert into habilidade_faixa_ano (id_habilidade, id_faixa_ano) values (828, 11);
insert into habilidade_faixa_ano (id_habilidade, id_faixa_ano) values (829, 11);
insert into habilidade_faixa_ano (id_habilidade, id_faixa_ano) values (830, 11);
insert into habilidade_faixa_ano (id_habilidade, id_faixa_ano) values (831, 11);
insert into habilidade_faixa_ano (id_habilidade, id_faixa_ano) values (832, 11);
insert into habilidade_faixa_ano (id_habilidade, id_faixa_ano) values (833, 11);
insert into habilidade_faixa_ano (id_habilidade, id_faixa_ano) values (834, 12);
insert into habilidade_faixa_ano (id_habilidade, id_faixa_ano) values (835, 12);
insert into habilidade_faixa_ano (id_habilidade, id_faixa_ano) values (836, 12);
insert into habilidade_faixa_ano (id_habilidade, id_faixa_ano) values (837, 12);
insert into habilidade_faixa_ano (id_habilidade, id_faixa_ano) values (838, 12);
insert into habilidade_faixa_ano (id_habilidade, id_faixa_ano) values (839, 12);
insert into habilidade_faixa_ano (id_habilidade, id_faixa_ano) values (840, 12);
insert into habilidade_faixa_ano (id_habilidade, id_faixa_ano) values (841, 12);
insert into habilidade_faixa_ano (id_habilidade, id_faixa_ano) values (842, 12);
insert into habilidade_faixa_ano (id_habilidade, id_faixa_ano) values (843, 12);
insert into habilidade_faixa_ano (id_habilidade, id_faixa_ano) values (844, 12);
insert into habilidade_faixa_ano (id_habilidade, id_faixa_ano) values (845, 12);
insert into habilidade_faixa_ano (id_habilidade, id_faixa_ano) values (846, 12);
insert into habilidade_faixa_ano (id_habilidade, id_faixa_ano) values (847, 12);
insert into habilidade_faixa_ano (id_habilidade, id_faixa_ano) values (848, 12);
insert into habilidade_faixa_ano (id_habilidade, id_faixa_ano) values (849, 12);
insert into habilidade_faixa_ano (id_habilidade, id_faixa_ano) values (850, 12);
insert into habilidade_faixa_ano (id_habilidade, id_faixa_ano) values (851, 12);
insert into habilidade_faixa_ano (id_habilidade, id_faixa_ano) values (852, 12);
insert into habilidade_faixa_ano (id_habilidade, id_faixa_ano) values (853, 12);
insert into habilidade_faixa_ano (id_habilidade, id_faixa_ano) values (854, 12);
insert into habilidade_faixa_ano (id_habilidade, id_faixa_ano) values (855, 12);
insert into habilidade_faixa_ano (id_habilidade, id_faixa_ano) values (856, 12);

insert into habilidade (id, id_componente, codigo, bncc, ativo, descricao, campo_atuacao, pratica_liguagem, objeto_conhecimento, unidade_tematica) values (857, 5, 'EF01CI01', true, true, 'Comparar características de diferentes materiais presentes em objetos de uso cotidiano, discutindo sua origem, os modos como são descartados e como podem ser usados de forma mais consciente', Null, Null, 'Características dos materiais', 'Matéria e energia');
insert into habilidade (id, id_componente, codigo, bncc, ativo, descricao, campo_atuacao, pratica_liguagem, objeto_conhecimento, unidade_tematica) values (858, 5, 'EF01CI02', true, true, 'Localizar, nomear e representar graficamente (por meio de desenhos) partes do corpo humano e explicar suas funções', Null, Null, 'Corpo humano Respeito à diversidade', 'Vida e evolução');
insert into habilidade (id, id_componente, codigo, bncc, ativo, descricao, campo_atuacao, pratica_liguagem, objeto_conhecimento, unidade_tematica) values (859, 5, 'EF01CI03', true, true, 'Discutir as razões pelas quais os hábitos de higiene do corpo (lavar as mãos antes de comer, escovar os dentes, limpar os olhos, o nariz e as orelhas etc) são necessários para a manutenção da saúde', Null, Null, 'Corpo humano Respeito à diversidade', 'Vida e evolução');
insert into habilidade (id, id_componente, codigo, bncc, ativo, descricao, campo_atuacao, pratica_liguagem, objeto_conhecimento, unidade_tematica) values (860, 5, 'EF01CI04', true, true, 'Comparar características físicas entre os colegas, reconhecendo a diversidade e a importância da valorização, do acolhimento e do respeito às diferenças', Null, Null, 'Corpo humano Respeito à diversidade', 'Vida e evolução');
insert into habilidade (id, id_componente, codigo, bncc, ativo, descricao, campo_atuacao, pratica_liguagem, objeto_conhecimento, unidade_tematica) values (861, 5, 'EF01CI05', true, true, 'Identificar e nomear diferentes escalas de tempo: os períodos diários (manhã, tarde, noite) e a sucessão de dias, semanas, meses e anos', Null, Null, 'Escalas de tempo', 'Terra e Universo');
insert into habilidade (id, id_componente, codigo, bncc, ativo, descricao, campo_atuacao, pratica_liguagem, objeto_conhecimento, unidade_tematica) values (862, 5, 'EF01CI06', true, true, 'Selecionar exemplos de como a sucessão de dias e noites orienta o ritmo de atividades diárias de seres humanos e de outros seres vivos', Null, Null, 'Escalas de tempo', 'Terra e Universo');
insert into habilidade (id, id_componente, codigo, bncc, ativo, descricao, campo_atuacao, pratica_liguagem, objeto_conhecimento, unidade_tematica) values (863, 5, 'EF02CI01', true, true, 'Identificar de que materiais (metais, madeira, vidro etc) são feitos os objetos que fazem parte da vida cotidiana, como esses objetos são utilizados e com quais materiais eram produzidos no passado', Null, Null, 'Propriedades e usos dos materiais Prevenção de acidentes domésticos', 'Matéria e energia');
insert into habilidade (id, id_componente, codigo, bncc, ativo, descricao, campo_atuacao, pratica_liguagem, objeto_conhecimento, unidade_tematica) values (864, 5, 'EF02CI02', true, true, 'Propor o uso de diferentes materiais para a construção de objetos de uso cotidiano, tendo em vista algumas propriedades desses materiais (flexibilidade, dureza, transparência etc)', Null, Null, 'Propriedades e usos dos materiais Prevenção de acidentes domésticos', 'Matéria e energia');
insert into habilidade (id, id_componente, codigo, bncc, ativo, descricao, campo_atuacao, pratica_liguagem, objeto_conhecimento, unidade_tematica) values (865, 5, 'EF02CI03', true, true, 'Discutir os cuidados necessários à prevenção de acidentes domésticos (objetos cortantes e inflamáveis, eletricidade, produtos de limpeza, medicamentos etc)', Null, Null, 'Propriedades e usos dos materiais Prevenção de acidentes domésticos', 'Matéria e energia');
insert into habilidade (id, id_componente, codigo, bncc, ativo, descricao, campo_atuacao, pratica_liguagem, objeto_conhecimento, unidade_tematica) values (866, 5, 'EF02CI04', true, true, 'Descrever características de plantas e animais (tamanho, forma, cor, fase da vida, local onde se desenvolvem etc) que fazem parte de seu cotidiano e relacioná-las ao ambiente em que eles vivem', Null, Null, 'Seres vivos no ambiente Plantas', 'Vida e evolução');
insert into habilidade (id, id_componente, codigo, bncc, ativo, descricao, campo_atuacao, pratica_liguagem, objeto_conhecimento, unidade_tematica) values (867, 5, 'EF02CI05', true, true, 'Investigar a importância da água e da luz para a manutenção da vida de plantas em geral', Null, Null, 'Seres vivos no ambiente Plantas', 'Vida e evolução');
insert into habilidade (id, id_componente, codigo, bncc, ativo, descricao, campo_atuacao, pratica_liguagem, objeto_conhecimento, unidade_tematica) values (868, 5, 'EF02CI06', true, true, 'Identificar as principais partes de uma planta (raiz, caule, folhas, flores e frutos) e a função desempenhada por cada uma delas, e analisar as relações entre as plantas, o ambiente e os demais seres vivos', Null, Null, 'Seres vivos no ambiente Plantas', 'Vida e evolução');
insert into habilidade (id, id_componente, codigo, bncc, ativo, descricao, campo_atuacao, pratica_liguagem, objeto_conhecimento, unidade_tematica) values (869, 5, 'EF02CI07', true, true, 'Descrever as posições do Sol em diversos horários do dia e associá-las ao tamanho da sombra projetada', Null, Null, 'Movimento aparente do Sol no céu O Sol como fonte de luz e calor', 'Terra e Universo');
insert into habilidade (id, id_componente, codigo, bncc, ativo, descricao, campo_atuacao, pratica_liguagem, objeto_conhecimento, unidade_tematica) values (870, 5, 'EF02CI08', true, true, 'Comparar o efeito da radiação solar (aquecimento e reflexão) em diferentes tipos de superfície (água, areia, solo, superfícies escura, clara e metálica etc)', Null, Null, 'Movimento aparente do Sol no céu O Sol como fonte de luz e calor', 'Terra e Universo');
insert into habilidade (id, id_componente, codigo, bncc, ativo, descricao, campo_atuacao, pratica_liguagem, objeto_conhecimento, unidade_tematica) values (871, 5, 'EF03CI01', true, true, 'Produzir diferentes sons a partir da vibração de variados objetos e identificar variáveis que influem nesse fenômeno', Null, Null, 'Produção de som Efeitos da luz nos materiais Saúde auditiva e visual', 'Matéria e energia');
insert into habilidade (id, id_componente, codigo, bncc, ativo, descricao, campo_atuacao, pratica_liguagem, objeto_conhecimento, unidade_tematica) values (872, 5, 'EF03CI02', true, true, 'Experimentar e relatar o que ocorre com a passagem da luz através de objetos transparentes (copos, janelas de vidro, lentes, prismas, água etc), no contato com superfícies polidas (espelhos) e na intersecção com objetos opacos (paredes, pratos, pessoas e outros objetos de uso cotidiano)', Null, Null, 'Produção de som Efeitos da luz nos materiais Saúde auditiva e visual', 'Matéria e energia');
insert into habilidade (id, id_componente, codigo, bncc, ativo, descricao, campo_atuacao, pratica_liguagem, objeto_conhecimento, unidade_tematica) values (873, 5, 'EF03CI03', true, true, 'Discutir hábitos necessários para a manutenção da saúde auditiva e visual considerando as condições do ambiente em termos de som e luz', Null, Null, 'Produção de som Efeitos da luz nos materiais Saúde auditiva e visual', 'Matéria e energia');
insert into habilidade (id, id_componente, codigo, bncc, ativo, descricao, campo_atuacao, pratica_liguagem, objeto_conhecimento, unidade_tematica) values (874, 5, 'EF03CI04', true, true, 'Identificar características sobre o modo de vida (o que comem, como se reproduzem, como se deslocam etc) dos animais mais comuns no ambiente próximo', Null, Null, 'Características e desenvolvimento dos animais', 'Vida e evolução');
insert into habilidade (id, id_componente, codigo, bncc, ativo, descricao, campo_atuacao, pratica_liguagem, objeto_conhecimento, unidade_tematica) values (875, 5, 'EF03CI05', true, true, 'Descrever e comunicar as alterações que ocorrem desde o nascimento em animais de diferentes meios terrestres ou aquáticos, inclusive o homem', Null, Null, 'Características e desenvolvimento dos animais', 'Vida e evolução');
insert into habilidade (id, id_componente, codigo, bncc, ativo, descricao, campo_atuacao, pratica_liguagem, objeto_conhecimento, unidade_tematica) values (876, 5, 'EF03CI06', true, true, 'Comparar alguns animais e organizar grupos com base em características externas comuns (presença de penas, pelos, escamas, bico, garras, antenas, patas etc)', Null, Null, 'Características e desenvolvimento dos animais', 'Vida e evolução');
insert into habilidade (id, id_componente, codigo, bncc, ativo, descricao, campo_atuacao, pratica_liguagem, objeto_conhecimento, unidade_tematica) values (877, 5, 'EF03CI07', true, true, 'Identificar características da Terra (como seu formato esférico, a presença de água, solo etc), com base na observação, manipulação e comparação de diferentes formas de representação do planeta (mapas, globos, fotografias etc)', Null, Null, 'Características da Terra Observação do céu Usos do solo', 'Terra e Universo');
insert into habilidade (id, id_componente, codigo, bncc, ativo, descricao, campo_atuacao, pratica_liguagem, objeto_conhecimento, unidade_tematica) values (878, 5, 'EF03CI08', true, true, 'Observar, identificar e registrar os períodos diários (dia e/ou noite) em que o Sol, demais estrelas, Lua e planetas estão visíveis no céu', Null, Null, 'Características da Terra Observação do céu Usos do solo', 'Terra e Universo');
insert into habilidade (id, id_componente, codigo, bncc, ativo, descricao, campo_atuacao, pratica_liguagem, objeto_conhecimento, unidade_tematica) values (879, 5, 'EF03CI09', true, true, 'Comparar diferentes amostras de solo do entorno da escola com base em características como cor, textura, cheiro, tamanho das partículas, permeabilidade etc', Null, Null, 'Características da Terra Observação do céu Usos do solo', 'Terra e Universo');
insert into habilidade (id, id_componente, codigo, bncc, ativo, descricao, campo_atuacao, pratica_liguagem, objeto_conhecimento, unidade_tematica) values (880, 5, 'EF03CI10', true, true, 'Identificar os diferentes usos do solo (plantação e extração de materiais, dentre outras possibilidades), reconhecendo a importância do solo para a agricultura e para a vida', Null, Null, 'Características da Terra Observação do céu Usos do solo', 'Terra e Universo');
insert into habilidade (id, id_componente, codigo, bncc, ativo, descricao, campo_atuacao, pratica_liguagem, objeto_conhecimento, unidade_tematica) values (881, 5, 'EF04CI01', true, true, 'Identificar misturas na vida diária, com base em suas propriedades físicas observáveis, reconhecendo sua composição', Null, Null, 'Misturas Transformações reversíveis e não reversíveis', 'Matéria e energia');
insert into habilidade (id, id_componente, codigo, bncc, ativo, descricao, campo_atuacao, pratica_liguagem, objeto_conhecimento, unidade_tematica) values (882, 5, 'EF04CI02', true, true, 'Testar e relatar transformações nos materiais do dia a dia quando expostos a diferentes condições (aquecimento, resfriamento, luz e umidade)', Null, Null, 'Misturas Transformações reversíveis e não reversíveis', 'Matéria e energia');
insert into habilidade (id, id_componente, codigo, bncc, ativo, descricao, campo_atuacao, pratica_liguagem, objeto_conhecimento, unidade_tematica) values (883, 5, 'EF04CI03', true, true, 'Concluir que algumas mudanças causadas por aquecimento ou resfriamento são reversíveis (como as mudanças de estado físico da água) e outras não (como o cozimento do ovo, a queima do papel etc)', Null, Null, 'Misturas Transformações reversíveis e não reversíveis', 'Matéria e energia');
insert into habilidade (id, id_componente, codigo, bncc, ativo, descricao, campo_atuacao, pratica_liguagem, objeto_conhecimento, unidade_tematica) values (884, 5, 'EF04CI04', true, true, 'Analisar e construir cadeias alimentares simples, reconhecendo a posição ocupada pelos seres vivos nessas cadeias e o papel do Sol como fonte primária de energia na produção de alimentos', Null, Null, 'Cadeias alimentares simples Microrganismos', 'Vida e evolução');
insert into habilidade (id, id_componente, codigo, bncc, ativo, descricao, campo_atuacao, pratica_liguagem, objeto_conhecimento, unidade_tematica) values (885, 5, 'EF04CI05', true, true, 'Descrever e destacar semelhanças e diferenças entre o ciclo da matéria e o fluxo de energia entre os componentes vivos e não vivos de um ecossistema', Null, Null, 'Cadeias alimentares simples Microrganismos', 'Vida e evolução');
insert into habilidade (id, id_componente, codigo, bncc, ativo, descricao, campo_atuacao, pratica_liguagem, objeto_conhecimento, unidade_tematica) values (886, 5, 'EF04CI06', true, true, 'Relacionar a participação de fungos e bactérias no processo de decomposição, reconhecendo a importância ambiental desse processo', Null, Null, 'Cadeias alimentares simples Microrganismos', 'Vida e evolução');
insert into habilidade (id, id_componente, codigo, bncc, ativo, descricao, campo_atuacao, pratica_liguagem, objeto_conhecimento, unidade_tematica) values (887, 5, 'EF04CI07', true, true, 'Verificar a participação de microrganismos na produção de alimentos, combustíveis, medicamentos, entre outros', Null, Null, 'Cadeias alimentares simples Microrganismos', 'Vida e evolução');
insert into habilidade (id, id_componente, codigo, bncc, ativo, descricao, campo_atuacao, pratica_liguagem, objeto_conhecimento, unidade_tematica) values (888, 5, 'EF04CI08', true, true, 'Propor, a partir do conhecimento das formas de transmissão de alguns microrganismos (vírus, bactérias e protozoários), atitudes e medidas adequadas para prevenção de doenças a eles associadas', Null, Null, 'Cadeias alimentares simples Microrganismos', 'Vida e evolução');
insert into habilidade (id, id_componente, codigo, bncc, ativo, descricao, campo_atuacao, pratica_liguagem, objeto_conhecimento, unidade_tematica) values (889, 5, 'EF04CI09', true, true, 'Identificar os pontos cardeais, com base no registro de diferentes posições relativas do Sol e da sombra de uma vara (gnômon)', Null, Null, 'Pontos cardeais Calendários, fenômenos cíclicos e cultura', 'Terra e Universo');
insert into habilidade (id, id_componente, codigo, bncc, ativo, descricao, campo_atuacao, pratica_liguagem, objeto_conhecimento, unidade_tematica) values (890, 5, 'EF04CI10', true, true, 'Comparar as indicações dos pontos cardeais resultantes da observação das sombras de uma vara (gnômon) com aquelas obtidas por meio de uma bússola', Null, Null, 'Pontos cardeais Calendários, fenômenos cíclicos e cultura', 'Terra e Universo');
insert into habilidade (id, id_componente, codigo, bncc, ativo, descricao, campo_atuacao, pratica_liguagem, objeto_conhecimento, unidade_tematica) values (891, 5, 'EF04CI11', true, true, 'Associar os movimentos cíclicos da Lua e da Terra a períodos de tempo regulares e ao uso desse conhecimento para a construção de calendários em diferentes culturas', Null, Null, 'Pontos cardeais Calendários, fenômenos cíclicos e cultura', 'Terra e Universo');
insert into habilidade (id, id_componente, codigo, bncc, ativo, descricao, campo_atuacao, pratica_liguagem, objeto_conhecimento, unidade_tematica) values (892, 5, 'EF05CI01', true, true, 'Explorar fenômenos da vida cotidiana que evidenciem propriedades físicas dos materiais – como densidade, condutibilidade térmica e elétrica, respostas a forças magnéticas, solubilidade, respostas a forças mecânicas (dureza, elasticidade etc), entre outras', Null, Null, 'Propriedades físicas dos materiais Ciclo hidrológico Consumo consciente  Reciclagem', 'Matéria e energia');
insert into habilidade (id, id_componente, codigo, bncc, ativo, descricao, campo_atuacao, pratica_liguagem, objeto_conhecimento, unidade_tematica) values (893, 5, 'EF05CI02', true, true, 'Aplicar os conhecimentos sobre as mudanças de estado físico da água para explicar o ciclo hidrológico e analisar suas implicações na agricultura, no clima, na geração de energia elétrica, no provimento de água potável e no equilíbrio dos ecossistemas regionais (ou locais)', Null, Null, 'Propriedades físicas dos materiais Ciclo hidrológico Consumo consciente  Reciclagem', 'Matéria e energia');
insert into habilidade (id, id_componente, codigo, bncc, ativo, descricao, campo_atuacao, pratica_liguagem, objeto_conhecimento, unidade_tematica) values (894, 5, 'EF05CI03', true, true, 'Selecionar argumentos que justifiquem a importância da cobertura vegetal para a manutenção do ciclo da água, a conservação dos solos, dos cursos de água e da qualidade do ar atmosférico', Null, Null, 'Propriedades físicas dos materiais Ciclo hidrológico Consumo consciente  Reciclagem', 'Matéria e energia');
insert into habilidade (id, id_componente, codigo, bncc, ativo, descricao, campo_atuacao, pratica_liguagem, objeto_conhecimento, unidade_tematica) values (895, 5, 'EF05CI04', true, true, 'Identificar os principais usos da água e de outros materiais nas atividades cotidianas para discutir e propor formas sustentáveis de utilização desses recursos', Null, Null, 'Propriedades físicas dos materiais Ciclo hidrológico Consumo consciente  Reciclagem', 'Matéria e energia');
insert into habilidade (id, id_componente, codigo, bncc, ativo, descricao, campo_atuacao, pratica_liguagem, objeto_conhecimento, unidade_tematica) values (896, 5, 'EF05CI05', true, true, 'Construir propostas coletivas para um consumo mais consciente e criar soluções tecnológicas para o descarte adequado e a reutilização ou reciclagem de materiais consumidos na escola e/ou na vida cotidiana', Null, Null, 'Propriedades físicas dos materiais Ciclo hidrológico Consumo consciente  Reciclagem', 'Matéria e energia');
insert into habilidade (id, id_componente, codigo, bncc, ativo, descricao, campo_atuacao, pratica_liguagem, objeto_conhecimento, unidade_tematica) values (897, 5, 'EF05CI06', true, true, 'Selecionar argumentos que justifiquem por que os sistemas digestório e respiratório são considerados corresponsáveis pelo processo de nutrição do organismo, com base na identificação das funções desses sistemas', Null, Null, 'Nutrição do organismo Hábitos alimentares Integração entre os sistemas digestório, respiratório e circulatório', 'Vida e evolução');
insert into habilidade (id, id_componente, codigo, bncc, ativo, descricao, campo_atuacao, pratica_liguagem, objeto_conhecimento, unidade_tematica) values (898, 5, 'EF05CI07', true, true, 'Justificar a relação entre o funcionamento do sistema circulatório, a distribuição dos nutrientes pelo organismo e a eliminação dos resíduos produzidos', Null, Null, 'Nutrição do organismo Hábitos alimentares Integração entre os sistemas digestório, respiratório e circulatório', 'Vida e evolução');
insert into habilidade (id, id_componente, codigo, bncc, ativo, descricao, campo_atuacao, pratica_liguagem, objeto_conhecimento, unidade_tematica) values (899, 5, 'EF05CI08', true, true, 'Organizar um cardápio equilibrado com base nas características dos grupos alimentares (nutrientes e calorias) e nas necessidades individuais (atividades realizadas, idade, sexo etc) para a manutenção da saúde do organismo', Null, Null, 'Nutrição do organismo Hábitos alimentares Integração entre os sistemas digestório, respiratório e circulatório', 'Vida e evolução');
insert into habilidade (id, id_componente, codigo, bncc, ativo, descricao, campo_atuacao, pratica_liguagem, objeto_conhecimento, unidade_tematica) values (900, 5, 'EF05CI09', true, true, 'Discutir a ocorrência de distúrbios nutricionais (como obesidade, subnutrição etc) entre crianças e jovens a partir da análise de seus hábitos (tipos e quantidade de alimento ingerido, prática de atividade física etc)', Null, Null, 'Nutrição do organismo Hábitos alimentares Integração entre os sistemas digestório, respiratório e circulatório', 'Vida e evolução');
insert into habilidade (id, id_componente, codigo, bncc, ativo, descricao, campo_atuacao, pratica_liguagem, objeto_conhecimento, unidade_tematica) values (901, 5, 'EF05CI10', true, true, 'Identificar algumas constelações no céu, com o apoio de recursos (como mapas celestes e aplicativos digitais, entre outros), e os períodos do ano em que elas são visíveis no início da noite', Null, Null, 'Constelações e mapas celestes Movimento de rotação da Terra Periodicidade das fases da Lua Instrumentos óticos', 'Terra e Universo');
insert into habilidade (id, id_componente, codigo, bncc, ativo, descricao, campo_atuacao, pratica_liguagem, objeto_conhecimento, unidade_tematica) values (902, 5, 'EF05CI11', true, true, 'Associar o movimento diário do Sol e das demais estrelas no céu ao movimento de rotação da Terra', Null, Null, 'Constelações e mapas celestes Movimento de rotação da Terra Periodicidade das fases da Lua Instrumentos óticos', 'Terra e Universo');
insert into habilidade (id, id_componente, codigo, bncc, ativo, descricao, campo_atuacao, pratica_liguagem, objeto_conhecimento, unidade_tematica) values (903, 5, 'EF05CI12', true, true, 'Concluir sobre a periodicidade das fases da Lua, com base na observação e no registro das formas aparentes da Lua no céu ao longo de, pelo menos, dois meses', Null, Null, 'Constelações e mapas celestes Movimento de rotação da Terra Periodicidade das fases da Lua Instrumentos óticos', 'Terra e Universo');
insert into habilidade (id, id_componente, codigo, bncc, ativo, descricao, campo_atuacao, pratica_liguagem, objeto_conhecimento, unidade_tematica) values (904, 5, 'EF05CI13', true, true, 'Projetar e construir dispositivos para observação à distância (luneta, periscópio etc), para observação ampliada de objetos (lupas, microscópios) ou para registro de imagens (máquinas fotográficas) e discutir usos sociais desses dispositivos', Null, Null, 'Constelações e mapas celestes Movimento de rotação da Terra Periodicidade das fases da Lua Instrumentos óticos', 'Terra e Universo');
insert into habilidade (id, id_componente, codigo, bncc, ativo, descricao, campo_atuacao, pratica_liguagem, objeto_conhecimento, unidade_tematica) values (905, 5, 'EF06CI01', true, true, 'Classificar como homogênea ou heterogênea a mistura de dois ou mais materiais (água e sal, água e óleo, água e areia etc)', Null, Null, 'Misturas homogêneas e heterogêneas Separação de materiais Materiais sintéticos Transformações químicas', 'Matéria e energia');
insert into habilidade (id, id_componente, codigo, bncc, ativo, descricao, campo_atuacao, pratica_liguagem, objeto_conhecimento, unidade_tematica) values (906, 5, 'EF06CI02', true, true, 'Identificar evidências de transformações químicas a partir do resultado de misturas de materiais que originam produtos diferentes dos que foram misturados (mistura de ingredientes para fazer um bolo, mistura de vinagre com bicarbonato de sódio etc)', Null, Null, 'Misturas homogêneas e heterogêneas Separação de materiais Materiais sintéticos Transformações químicas', 'Matéria e energia');
insert into habilidade (id, id_componente, codigo, bncc, ativo, descricao, campo_atuacao, pratica_liguagem, objeto_conhecimento, unidade_tematica) values (907, 5, 'EF06CI03', true, true, 'Selecionar métodos mais adequados para a separação de diferentes sistemas heterogêneos a partir da identificação de processos de separação de materiais (como a produção de sal de cozinha, a destilação de petróleo, entre outros)', Null, Null, 'Misturas homogêneas e heterogêneas Separação de materiais Materiais sintéticos Transformações químicas', 'Matéria e energia');
insert into habilidade (id, id_componente, codigo, bncc, ativo, descricao, campo_atuacao, pratica_liguagem, objeto_conhecimento, unidade_tematica) values (908, 5, 'EF06CI04', true, true, 'Associar a produção de medicamentos e outros materiais sintéticos ao desenvolvimento científico e tecnológico, reconhecendo benefícios e avaliando impactos socioambientais', Null, Null, 'Misturas homogêneas e heterogêneas Separação de materiais Materiais sintéticos Transformações químicas', 'Matéria e energia');
insert into habilidade (id, id_componente, codigo, bncc, ativo, descricao, campo_atuacao, pratica_liguagem, objeto_conhecimento, unidade_tematica) values (909, 5, 'EF06CI05', true, true, 'Explicar a organização básica das células e seu papel como unidade estrutural e funcional dos seres vivos', Null, Null, 'Célula como unidade da vida Interação entre os sistemas locomotor e nervoso Lentes corretivas', 'Vida e evolução');
insert into habilidade (id, id_componente, codigo, bncc, ativo, descricao, campo_atuacao, pratica_liguagem, objeto_conhecimento, unidade_tematica) values (910, 5, 'EF06CI06', true, true, 'Concluir, com base na análise de ilustrações e/ou modelos (físicos ou digitais), que os organismos são um complexo arranjo de sistemas com diferentes níveis de organização', Null, Null, 'Célula como unidade da vida Interação entre os sistemas locomotor e nervoso Lentes corretivas', 'Vida e evolução');
insert into habilidade (id, id_componente, codigo, bncc, ativo, descricao, campo_atuacao, pratica_liguagem, objeto_conhecimento, unidade_tematica) values (911, 5, 'EF06CI07', true, true, 'Justificar o papel do sistema nervoso na coordenação das ações motoras e sensoriais do corpo, com base na análise de suas estruturas básicas e respectivas funções', Null, Null, 'Célula como unidade da vida Interação entre os sistemas locomotor e nervoso Lentes corretivas', 'Vida e evolução');
insert into habilidade (id, id_componente, codigo, bncc, ativo, descricao, campo_atuacao, pratica_liguagem, objeto_conhecimento, unidade_tematica) values (912, 5, 'EF06CI08', true, true, 'Explicar a importância da visão (captação e interpretação das imagens) na interação do organismo com o meio e, com base no funcionamento do olho humano, selecionar lentes adequadas para a correção de diferentes defeitos da visão', Null, Null, 'Célula como unidade da vida Interação entre os sistemas locomotor e nervoso Lentes corretivas', 'Vida e evolução');
insert into habilidade (id, id_componente, codigo, bncc, ativo, descricao, campo_atuacao, pratica_liguagem, objeto_conhecimento, unidade_tematica) values (913, 5, 'EF06CI09', true, true, 'Deduzir que a estrutura, a sustentação e a movimentação dos animais resultam da interação entre os sistemas muscular, ósseo e nervoso', Null, Null, 'Célula como unidade da vida Interação entre os sistemas locomotor e nervoso Lentes corretivas', 'Vida e evolução');
insert into habilidade (id, id_componente, codigo, bncc, ativo, descricao, campo_atuacao, pratica_liguagem, objeto_conhecimento, unidade_tematica) values (914, 5, 'EF06CI10', true, true, 'Explicar como o funcionamento do sistema nervoso pode ser afetado por substâncias psicoativas', Null, Null, 'Célula como unidade da vida Interação entre os sistemas locomotor e nervoso Lentes corretivas', 'Vida e evolução');
insert into habilidade (id, id_componente, codigo, bncc, ativo, descricao, campo_atuacao, pratica_liguagem, objeto_conhecimento, unidade_tematica) values (915, 5, 'EF06CI11', true, true, 'Identificar as diferentes camadas que estruturam o planeta Terra (da estrutura interna à atmosfera) e suas principais características', Null, Null, 'Forma, estrutura e movimentos da Terra', 'Terra e Universo');
insert into habilidade (id, id_componente, codigo, bncc, ativo, descricao, campo_atuacao, pratica_liguagem, objeto_conhecimento, unidade_tematica) values (916, 5, 'EF06CI12', true, true, 'Identificar diferentes tipos de rocha, relacionando a formação de fósseis a rochas sedimentares em diferentes períodos geológicos', Null, Null, 'Forma, estrutura e movimentos da Terra', 'Terra e Universo');
insert into habilidade (id, id_componente, codigo, bncc, ativo, descricao, campo_atuacao, pratica_liguagem, objeto_conhecimento, unidade_tematica) values (917, 5, 'EF06CI13', true, true, 'Selecionar argumentos e evidências que demonstrem a esfericidade da Terra', Null, Null, 'Forma, estrutura e movimentos da Terra', 'Terra e Universo');
insert into habilidade (id, id_componente, codigo, bncc, ativo, descricao, campo_atuacao, pratica_liguagem, objeto_conhecimento, unidade_tematica) values (918, 5, 'EF06CI14', true, true, 'Inferir que as mudanças na sombra de uma vara (gnômon) ao longo do dia em diferentes períodos do ano são uma evidência dos movimentos relativos entre a Terra e o Sol, que podem ser explicados por meio dos movimentos de rotação e translação da Terra e da inclinação de seu eixo de rotação em relação ao plano de sua órbita em torno do Sol', Null, Null, 'Forma, estrutura e movimentos da Terra', 'Terra e Universo');
insert into habilidade (id, id_componente, codigo, bncc, ativo, descricao, campo_atuacao, pratica_liguagem, objeto_conhecimento, unidade_tematica) values (919, 5, 'EF07CI01', true, true, 'Discutir a aplicação, ao longo da história, das máquinas simples e propor soluções e invenções para a realização de tarefas mecânicas cotidianas', Null, Null, 'Máquinas simples Formas de propagação do calor Equilíbrio termodinâmico e vida na Terra História dos combustíveis e das máquinas térmicas', 'Matéria e energia');
insert into habilidade (id, id_componente, codigo, bncc, ativo, descricao, campo_atuacao, pratica_liguagem, objeto_conhecimento, unidade_tematica) values (920, 5, 'EF07CI02', true, true, 'Diferenciar temperatura, calor e sensação térmica nas diferentes situações de equilíbrio termodinâmico cotidianas', Null, Null, 'Máquinas simples Formas de propagação do calor Equilíbrio termodinâmico e vida na Terra História dos combustíveis e das máquinas térmicas', 'Matéria e energia');
insert into habilidade (id, id_componente, codigo, bncc, ativo, descricao, campo_atuacao, pratica_liguagem, objeto_conhecimento, unidade_tematica) values (921, 5, 'EF07CI03', true, true, 'Utilizar o conhecimento das formas de propagação do calor para justificar a utilização de determinados materiais (condutores e isolantes) na vida cotidiana, explicar o princípio de funcionamento de alguns equipamentos (garrafa térmica, coletor solar etc) e/ou construir soluções tecnológicas a partir desse conhecimento', Null, Null, 'Máquinas simples Formas de propagação do calor Equilíbrio termodinâmico e vida na Terra História dos combustíveis e das máquinas térmicas', 'Matéria e energia');
insert into habilidade (id, id_componente, codigo, bncc, ativo, descricao, campo_atuacao, pratica_liguagem, objeto_conhecimento, unidade_tematica) values (922, 5, 'EF07CI04', true, true, 'Avaliar o papel do equilíbrio termodinâmico para a manutenção da vida na Terra, para o funcionamento de máquinas térmicas e em outras situações cotidianas', Null, Null, 'Máquinas simples Formas de propagação do calor Equilíbrio termodinâmico e vida na Terra História dos combustíveis e das máquinas térmicas', 'Matéria e energia');
insert into habilidade (id, id_componente, codigo, bncc, ativo, descricao, campo_atuacao, pratica_liguagem, objeto_conhecimento, unidade_tematica) values (923, 5, 'EF07CI05', true, true, 'Discutir o uso de diferentes tipos de combustível e máquinas térmicas ao longo do tempo, para avaliar avanços, questões econômicas e problemas socioambientais causados pela produção e uso desses materiais e máquinas', Null, Null, 'Máquinas simples Formas de propagação do calor Equilíbrio termodinâmico e vida na Terra História dos combustíveis e das máquinas térmicas', 'Matéria e energia');
insert into habilidade (id, id_componente, codigo, bncc, ativo, descricao, campo_atuacao, pratica_liguagem, objeto_conhecimento, unidade_tematica) values (924, 5, 'EF07CI06', true, true, 'Discutir e avaliar mudanças econômicas, culturais e sociais, tanto na vida cotidiana quanto no mundo do trabalho, decorrentes do desenvolvimento de novos materiais e tecnologias (como automação e informatização)', Null, Null, 'Máquinas simples Formas de propagação do calor Equilíbrio termodinâmico e vida na Terra História dos combustíveis e das máquinas térmicas', 'Matéria e energia');
insert into habilidade (id, id_componente, codigo, bncc, ativo, descricao, campo_atuacao, pratica_liguagem, objeto_conhecimento, unidade_tematica) values (925, 5, 'EF07CI07', true, true, 'Caracterizar os principais ecossistemas brasileiros quanto à paisagem, à quantidade de água, ao tipo de solo, à disponibilidade de luz solar, à temperatura etc, correlacionando essas características à flora e fauna específicas', Null, Null, 'Diversidade de ecossistemas Fenômenos naturais e impactos ambientais Programas e indicadores de saúde pública', 'Vida e evolução');
insert into habilidade (id, id_componente, codigo, bncc, ativo, descricao, campo_atuacao, pratica_liguagem, objeto_conhecimento, unidade_tematica) values (926, 5, 'EF07CI08', true, true, 'Avaliar como os impactos provocados por catástrofes naturais ou mudanças nos componentes físicos, biológicos ou sociais de um ecossistema afetam suas populações, podendo ameaçar ou provocar a extinção de espécies, alteração de hábitos, migração etc', Null, Null, 'Diversidade de ecossistemas Fenômenos naturais e impactos ambientais Programas e indicadores de saúde pública', 'Vida e evolução');
insert into habilidade (id, id_componente, codigo, bncc, ativo, descricao, campo_atuacao, pratica_liguagem, objeto_conhecimento, unidade_tematica) values (927, 5, 'EF07CI09', true, true, 'Interpretar as condições de saúde da comunidade, cidade ou estado, com base na análise e comparação de indicadores de saúde (como taxa de mortalidade infantil, cobertura de saneamento básico e incidência de doenças de veiculação hídrica, atmosférica entre outras) e dos resultados de políticas públicas destinadas à saúde', Null, Null, 'Diversidade de ecossistemas Fenômenos naturais e impactos ambientais Programas e indicadores de saúde pública', 'Vida e evolução');
insert into habilidade (id, id_componente, codigo, bncc, ativo, descricao, campo_atuacao, pratica_liguagem, objeto_conhecimento, unidade_tematica) values (928, 5, 'EF07CI10', true, true, 'Argumentar sobre a importância da vacinação para a saúde pública, com base em informações sobre a maneira como a vacina atua no organismo e o papel histórico da vacinação para a manutenção da saúde individual e coletiva e para a erradicação de doenças', Null, Null, 'Diversidade de ecossistemas Fenômenos naturais e impactos ambientais Programas e indicadores de saúde pública', 'Vida e evolução');
insert into habilidade (id, id_componente, codigo, bncc, ativo, descricao, campo_atuacao, pratica_liguagem, objeto_conhecimento, unidade_tematica) values (929, 5, 'EF07CI11', true, true, 'Analisar historicamente o uso da tecnologia, incluindo a digital, nas diferentes dimensões da vida humana, considerando indicadores ambientais e de qualidade de vida', Null, Null, 'Diversidade de ecossistemas Fenômenos naturais e impactos ambientais Programas e indicadores de saúde pública', 'Vida e evolução');
insert into habilidade (id, id_componente, codigo, bncc, ativo, descricao, campo_atuacao, pratica_liguagem, objeto_conhecimento, unidade_tematica) values (930, 5, 'EF07CI12', true, true, 'Demonstrar que o ar é uma mistura de gases, identificando sua composição, e discutir fenômenos naturais ou antrópicos que podem alterar essa composição', Null, Null, 'Composição do ar Efeito estufa Camada de ozônio Fenômenos naturais (vulcões, terremotos e tsunamis) Placas tectônicas e deriva continental', 'Terra e Universo');
insert into habilidade (id, id_componente, codigo, bncc, ativo, descricao, campo_atuacao, pratica_liguagem, objeto_conhecimento, unidade_tematica) values (931, 5, 'EF07CI13', true, true, 'Descrever o mecanismo natural do efeito estufa, seu papel fundamental para o desenvolvimento da vida na Terra, discutir as ações humanas responsáveis pelo seu aumento artificial (queima dos combustíveis fósseis, desmatamento, queimadas etc) e selecionar e implementar propostas para a reversão ou controle desse quadro', Null, Null, 'Composição do ar Efeito estufa Camada de ozônio Fenômenos naturais (vulcões, terremotos e tsunamis) Placas tectônicas e deriva continental', 'Terra e Universo');
insert into habilidade (id, id_componente, codigo, bncc, ativo, descricao, campo_atuacao, pratica_liguagem, objeto_conhecimento, unidade_tematica) values (932, 5, 'EF07CI14', true, true, 'Justificar a importância da camada de ozônio para a vida na Terra, identificando os fatores que aumentam ou diminuem sua presença na atmosfera, e discutir propostas individuais e coletivas para sua preservação', Null, Null, 'Composição do ar Efeito estufa Camada de ozônio Fenômenos naturais (vulcões, terremotos e tsunamis) Placas tectônicas e deriva continental', 'Terra e Universo');
insert into habilidade (id, id_componente, codigo, bncc, ativo, descricao, campo_atuacao, pratica_liguagem, objeto_conhecimento, unidade_tematica) values (933, 5, 'EF07CI15', true, true, 'Interpretar fenômenos naturais (como vulcões, terremotos e tsunamis) e justificar a rara ocorrência desses fenômenos no Brasil, com base no modelo das placas tectônicas', Null, Null, 'Composição do ar Efeito estufa Camada de ozônio Fenômenos naturais (vulcões, terremotos e tsunamis) Placas tectônicas e deriva continental', 'Terra e Universo');
insert into habilidade (id, id_componente, codigo, bncc, ativo, descricao, campo_atuacao, pratica_liguagem, objeto_conhecimento, unidade_tematica) values (934, 5, 'EF07CI16', true, true, 'Justificar o formato das costas brasileira e africana com base na teoria da deriva dos continentes', Null, Null, 'Composição do ar Efeito estufa Camada de ozônio Fenômenos naturais (vulcões, terremotos e tsunamis) Placas tectônicas e deriva continental', 'Terra e Universo');
insert into habilidade (id, id_componente, codigo, bncc, ativo, descricao, campo_atuacao, pratica_liguagem, objeto_conhecimento, unidade_tematica) values (935, 5, 'EF08CI01', true, true, 'Identificar e classificar diferentes fontes (renováveis e não renováveis) e tipos de energia utilizados em residências, comunidades ou cidades', Null, Null, 'Fontes e tipos de energia Transformação de energia Cálculo de consumo de energia elétrica Circuitos elétricos Uso consciente de energia elétrica', 'Matéria e energia');
insert into habilidade (id, id_componente, codigo, bncc, ativo, descricao, campo_atuacao, pratica_liguagem, objeto_conhecimento, unidade_tematica) values (936, 5, 'EF08CI02', true, true, 'Construir circuitos elétricos com pilha/bateria, fios e lâmpada ou outros dispositivos e compará-los a circuitos elétricos residenciais', Null, Null, 'Fontes e tipos de energia Transformação de energia Cálculo de consumo de energia elétrica Circuitos elétricos Uso consciente de energia elétrica', 'Matéria e energia');
insert into habilidade (id, id_componente, codigo, bncc, ativo, descricao, campo_atuacao, pratica_liguagem, objeto_conhecimento, unidade_tematica) values (937, 5, 'EF08CI03', true, true, 'Classificar equipamentos elétricos residenciais (chuveiro, ferro, lâmpadas, TV, rádio, geladeira etc) de acordo com o tipo de transformação de energia (da energia elétrica para a térmica, luminosa, sonora e mecânica, por exemplo)', Null, Null, 'Fontes e tipos de energia Transformação de energia Cálculo de consumo de energia elétrica Circuitos elétricos Uso consciente de energia elétrica', 'Matéria e energia');
insert into habilidade (id, id_componente, codigo, bncc, ativo, descricao, campo_atuacao, pratica_liguagem, objeto_conhecimento, unidade_tematica) values (938, 5, 'EF08CI04', true, true, 'Calcular o consumo de eletrodomésticos a partir dos dados de potência (descritos no próprio equipamento) e tempo médio de uso para avaliar o impacto de cada equipamento no consumo doméstico mensal', Null, Null, 'Fontes e tipos de energia Transformação de energia Cálculo de consumo de energia elétrica Circuitos elétricos Uso consciente de energia elétrica', 'Matéria e energia');
insert into habilidade (id, id_componente, codigo, bncc, ativo, descricao, campo_atuacao, pratica_liguagem, objeto_conhecimento, unidade_tematica) values (939, 5, 'EF08CI05', true, true, 'Propor ações coletivas para otimizar o uso de energia elétrica em sua escola e/ou comunidade, com base na seleção de equipamentos segundo critérios de sustentabilidade (consumo de energia e eficiência energética) e hábitos de consumo responsável', Null, Null, 'Fontes e tipos de energia Transformação de energia Cálculo de consumo de energia elétrica Circuitos elétricos Uso consciente de energia elétrica', 'Matéria e energia');
insert into habilidade (id, id_componente, codigo, bncc, ativo, descricao, campo_atuacao, pratica_liguagem, objeto_conhecimento, unidade_tematica) values (940, 5, 'EF08CI06', true, true, 'Discutir e avaliar usinas de geração de energia elétrica (termelétricas, hidrelétricas, eólicas etc), suas semelhanças e diferenças, seus impactos socioambientais, e como essa energia chega e é usada em sua cidade, comunidade, casa ou escola', Null, Null, 'Fontes e tipos de energia Transformação de energia Cálculo de consumo de energia elétrica Circuitos elétricos Uso consciente de energia elétrica', 'Matéria e energia');
insert into habilidade (id, id_componente, codigo, bncc, ativo, descricao, campo_atuacao, pratica_liguagem, objeto_conhecimento, unidade_tematica) values (941, 5, 'EF08CI07', true, true, 'Comparar diferentes processos reprodutivos em plantas e animais em relação aos mecanismos adaptativos e evolutivos', Null, Null, 'Mecanismos reprodutivos Sexualidade', 'Vida e evolução');
insert into habilidade (id, id_componente, codigo, bncc, ativo, descricao, campo_atuacao, pratica_liguagem, objeto_conhecimento, unidade_tematica) values (942, 5, 'EF08CI08', true, true, 'Analisar e explicar as transformações que ocorrem na puberdade considerando a atuação dos hormônios sexuais e do sistema nervoso', Null, Null, 'Mecanismos reprodutivos Sexualidade', 'Vida e evolução');
insert into habilidade (id, id_componente, codigo, bncc, ativo, descricao, campo_atuacao, pratica_liguagem, objeto_conhecimento, unidade_tematica) values (943, 5, 'EF08CI09', true, true, 'Comparar o modo de ação e a eficácia dos diversos métodos contraceptivos e justificar a necessidade de compartilhar a responsabilidade na escolha e na utilização do método mais adequado à prevenção da gravidez precoce e indesejada e de Doenças Sexualmente Transmissíveis (DST)', Null, Null, 'Mecanismos reprodutivos Sexualidade', 'Vida e evolução');
insert into habilidade (id, id_componente, codigo, bncc, ativo, descricao, campo_atuacao, pratica_liguagem, objeto_conhecimento, unidade_tematica) values (944, 5, 'EF08CI10', true, true, 'Identificar os principais sintomas, modos de transmissão e tratamento de algumas DST (com ênfase na AIDS), e discutir estratégias e métodos de prevenção', Null, Null, 'Mecanismos reprodutivos Sexualidade', 'Vida e evolução');
insert into habilidade (id, id_componente, codigo, bncc, ativo, descricao, campo_atuacao, pratica_liguagem, objeto_conhecimento, unidade_tematica) values (945, 5, 'EF08CI11', true, true, 'Selecionar argumentos que evidenciem as múltiplas dimensões da sexualidade humana (biológica, sociocultural, afetiva e ética)', Null, Null, 'Mecanismos reprodutivos Sexualidade', 'Vida e evolução');
insert into habilidade (id, id_componente, codigo, bncc, ativo, descricao, campo_atuacao, pratica_liguagem, objeto_conhecimento, unidade_tematica) values (946, 5, 'EF08CI12', true, true, 'Justificar, por meio da construção de modelos e da observação da Lua no céu, a ocorrência das fases da Lua e dos eclipses, com base nas posições relativas entre Sol, Terra e Lua', Null, Null, 'Sistema Sol, Terra e Lua Clima', 'Terra e Universo');
insert into habilidade (id, id_componente, codigo, bncc, ativo, descricao, campo_atuacao, pratica_liguagem, objeto_conhecimento, unidade_tematica) values (947, 5, 'EF08CI13', true, true, 'Representar os movimentos de rotação e translação da Terra e analisar o papel da inclinação do eixo de rotação da Terra em relação à sua órbita na ocorrência das estações do ano, com a utilização de modelos tridimensionais', Null, Null, 'Sistema Sol, Terra e Lua Clima', 'Terra e Universo');
insert into habilidade (id, id_componente, codigo, bncc, ativo, descricao, campo_atuacao, pratica_liguagem, objeto_conhecimento, unidade_tematica) values (948, 5, 'EF08CI14', true, true, 'Relacionar climas regionais aos padrões de circulação atmosférica e oceânica e ao aquecimento desigual causado pela forma e pelos movimentos da Terra', Null, Null, 'Sistema Sol, Terra e Lua Clima', 'Terra e Universo');
insert into habilidade (id, id_componente, codigo, bncc, ativo, descricao, campo_atuacao, pratica_liguagem, objeto_conhecimento, unidade_tematica) values (949, 5, 'EF08CI15', true, true, 'Identificar as principais variáveis envolvidas na previsão do tempo e simular situações nas quais elas possam ser medidas', Null, Null, 'Sistema Sol, Terra e Lua Clima', 'Terra e Universo');
insert into habilidade (id, id_componente, codigo, bncc, ativo, descricao, campo_atuacao, pratica_liguagem, objeto_conhecimento, unidade_tematica) values (950, 5, 'EF08CI16', true, true, 'Discutir iniciativas que contribuam para restabelecer o equilíbrio ambiental a partir da identificação de alterações climáticas regionais e globais provocadas pela intervenção humana', Null, Null, 'Sistema Sol, Terra e Lua Clima', 'Terra e Universo');
insert into habilidade (id, id_componente, codigo, bncc, ativo, descricao, campo_atuacao, pratica_liguagem, objeto_conhecimento, unidade_tematica) values (951, 5, 'EF09CI01', true, true, 'Investigar as mudanças de estado físico da matéria e explicar essas transformações com base no modelo de constituição submicroscópica', Null, Null, 'Aspectos quantitativos das transformações químicas Estrutura da matéria Radiações e suas aplicações na saúde', 'Matéria e energia');
insert into habilidade (id, id_componente, codigo, bncc, ativo, descricao, campo_atuacao, pratica_liguagem, objeto_conhecimento, unidade_tematica) values (952, 5, 'EF09CI02', true, true, 'Comparar quantidades de reagentes e produtos envolvidos em transformações químicas, estabelecendo a proporção entre as suas massas', Null, Null, 'Aspectos quantitativos das transformações químicas Estrutura da matéria Radiações e suas aplicações na saúde', 'Matéria e energia');
insert into habilidade (id, id_componente, codigo, bncc, ativo, descricao, campo_atuacao, pratica_liguagem, objeto_conhecimento, unidade_tematica) values (953, 5, 'EF09CI03', true, true, 'Identificar modelos que descrevem a estrutura da matéria (constituição do átomo e composição de moléculas simples) e reconhecer sua evolução histórica', Null, Null, 'Aspectos quantitativos das transformações químicas Estrutura da matéria Radiações e suas aplicações na saúde', 'Matéria e energia');
insert into habilidade (id, id_componente, codigo, bncc, ativo, descricao, campo_atuacao, pratica_liguagem, objeto_conhecimento, unidade_tematica) values (954, 5, 'EF09CI04', true, true, 'Planejar e executar experimentos que evidenciem que todas as cores de luz podem ser formadas pela composição das três cores primárias da luz e que a cor de um objeto está relacionada também à cor da luz que o ilumina', Null, Null, 'Aspectos quantitativos das transformações químicas Estrutura da matéria Radiações e suas aplicações na saúde', 'Matéria e energia');
insert into habilidade (id, id_componente, codigo, bncc, ativo, descricao, campo_atuacao, pratica_liguagem, objeto_conhecimento, unidade_tematica) values (955, 5, 'EF09CI05', true, true, 'Investigar os principais mecanismos envolvidos na transmissão e recepção de imagem e som que revolucionaram os sistemas de comunicação humana', Null, Null, 'Aspectos quantitativos das transformações químicas Estrutura da matéria Radiações e suas aplicações na saúde', 'Matéria e energia');
insert into habilidade (id, id_componente, codigo, bncc, ativo, descricao, campo_atuacao, pratica_liguagem, objeto_conhecimento, unidade_tematica) values (956, 5, 'EF09CI06', true, true, 'Classificar as radiações eletromagnéticas por suas frequências, fontes e aplicações, discutindo e avaliando as implicações de seu uso em controle remoto, telefone celular, raio X, forno de micro-ondas, fotocélulas etc', Null, Null, 'Aspectos quantitativos das transformações químicas Estrutura da matéria Radiações e suas aplicações na saúde', 'Matéria e energia');
insert into habilidade (id, id_componente, codigo, bncc, ativo, descricao, campo_atuacao, pratica_liguagem, objeto_conhecimento, unidade_tematica) values (957, 5, 'EF09CI07', true, true, 'Discutir o papel do avanço tecnológico na aplicação das radiações na medicina diagnóstica (raio X, ultrassom, ressonância nuclear magnética) e no tratamento de doenças (radioterapia, cirurgia ótica a laser, infravermelho, ultravioleta etc)', Null, Null, 'Aspectos quantitativos das transformações químicas Estrutura da matéria Radiações e suas aplicações na saúde', 'Matéria e energia');
insert into habilidade (id, id_componente, codigo, bncc, ativo, descricao, campo_atuacao, pratica_liguagem, objeto_conhecimento, unidade_tematica) values (958, 5, 'EF09CI08', true, true, 'Associar os gametas à transmissão das características hereditárias, estabelecendo relações entre ancestrais e descendentes', Null, Null, 'Hereditariedade Ideias evolucionistas Preservação da biodiversidade', 'Vida e evolução');
insert into habilidade (id, id_componente, codigo, bncc, ativo, descricao, campo_atuacao, pratica_liguagem, objeto_conhecimento, unidade_tematica) values (959, 5, 'EF09CI09', true, true, 'Discutir as ideias de Mendel sobre hereditariedade (fatores hereditários, segregação, gametas, fecundação), considerando-as para resolver problemas envolvendo a transmissão de características hereditárias em diferentes organismos', Null, Null, 'Hereditariedade Ideias evolucionistas Preservação da biodiversidade', 'Vida e evolução');
insert into habilidade (id, id_componente, codigo, bncc, ativo, descricao, campo_atuacao, pratica_liguagem, objeto_conhecimento, unidade_tematica) values (960, 5, 'EF09CI10', true, true, 'Comparar as ideias evolucionistas de Lamarck e Darwin apresentadas em textos científicos e históricos, identificando semelhanças e diferenças entre essas ideias e sua importância para explicar a diversidade biológica', Null, Null, 'Hereditariedade Ideias evolucionistas Preservação da biodiversidade', 'Vida e evolução');
insert into habilidade (id, id_componente, codigo, bncc, ativo, descricao, campo_atuacao, pratica_liguagem, objeto_conhecimento, unidade_tematica) values (961, 5, 'EF09CI11', true, true, 'Discutir a evolução e a diversidade das espécies com base na atuação da seleção natural sobre as variantes de uma mesma espécie, resultantes de processo reprodutivo', Null, Null, 'Hereditariedade Ideias evolucionistas Preservação da biodiversidade', 'Vida e evolução');
insert into habilidade (id, id_componente, codigo, bncc, ativo, descricao, campo_atuacao, pratica_liguagem, objeto_conhecimento, unidade_tematica) values (962, 5, 'EF09CI12', true, true, 'Justificar a importância das unidades de conservação para a preservação da biodiversidade e do patrimônio nacional, considerando os diferentes tipos de unidades (parques, reservas e florestas nacionais), as populações humanas e as atividades a eles relacionados', Null, Null, 'Hereditariedade Ideias evolucionistas Preservação da biodiversidade', 'Vida e evolução');
insert into habilidade (id, id_componente, codigo, bncc, ativo, descricao, campo_atuacao, pratica_liguagem, objeto_conhecimento, unidade_tematica) values (963, 5, 'EF09CI13', true, true, 'Propor iniciativas individuais e coletivas para a solução de problemas ambientais da cidade ou da comunidade, com base na análise de ações de consumo consciente e de sustentabilidade bem-sucedidas', Null, Null, 'Hereditariedade Ideias evolucionistas Preservação da biodiversidade', 'Vida e evolução');
insert into habilidade (id, id_componente, codigo, bncc, ativo, descricao, campo_atuacao, pratica_liguagem, objeto_conhecimento, unidade_tematica) values (964, 5, 'EF09CI14', true, true, 'Descrever a composição e a estrutura do Sistema Solar (Sol, planetas rochosos, planetas gigantes gasosos e corpos menores), assim como a localização do Sistema Solar na nossa Galáxia (a Via Láctea) e dela no Universo (apenas uma galáxia dentre bilhões)', Null, Null, 'Composição, estrutura e localização do Sistema Solar no Universo Astronomia e cultura Vida humana fora da Terra Ordem de grandeza astronômica Evolução estelar', 'Terra e Universo');
insert into habilidade (id, id_componente, codigo, bncc, ativo, descricao, campo_atuacao, pratica_liguagem, objeto_conhecimento, unidade_tematica) values (965, 5, 'EF09CI15', true, true, 'Relacionar diferentes leituras do céu e explicações sobre a origem da Terra, do Sol ou do Sistema Solar às necessidades de distintas culturas (agricultura, caça, mito, orientação espacial e temporal etc)', Null, Null, 'Composição, estrutura e localização do Sistema Solar no Universo Astronomia e cultura Vida humana fora da Terra Ordem de grandeza astronômica Evolução estelar', 'Terra e Universo');
insert into habilidade (id, id_componente, codigo, bncc, ativo, descricao, campo_atuacao, pratica_liguagem, objeto_conhecimento, unidade_tematica) values (966, 5, 'EF09CI16', true, true, 'Selecionar argumentos sobre a viabilidade da sobrevivência humana fora da Terra, com base nas condições necessárias à vida, nas características dos planetas e nas distâncias e nos tempos envolvidos em viagens interplanetárias e interestelares', Null, Null, 'Composição, estrutura e localização do Sistema Solar no Universo Astronomia e cultura Vida humana fora da Terra Ordem de grandeza astronômica Evolução estelar', 'Terra e Universo');
insert into habilidade (id, id_componente, codigo, bncc, ativo, descricao, campo_atuacao, pratica_liguagem, objeto_conhecimento, unidade_tematica) values (967, 5, 'EF09CI17', true, true, 'Analisar o ciclo evolutivo do Sol (nascimento, vida e morte) baseado no conhecimento das etapas de evolução de estrelas de diferentes dimensões e os efeitos desse processo no nosso planeta', Null, Null, 'Composição, estrutura e localização do Sistema Solar no Universo Astronomia e cultura Vida humana fora da Terra Ordem de grandeza astronômica Evolução estelar', 'Terra e Universo');

insert into habilidade_faixa_ano (id_habilidade, id_faixa_ano) values (857, 4);
insert into habilidade_faixa_ano (id_habilidade, id_faixa_ano) values (858, 4);
insert into habilidade_faixa_ano (id_habilidade, id_faixa_ano) values (859, 4);
insert into habilidade_faixa_ano (id_habilidade, id_faixa_ano) values (860, 4);
insert into habilidade_faixa_ano (id_habilidade, id_faixa_ano) values (861, 4);
insert into habilidade_faixa_ano (id_habilidade, id_faixa_ano) values (862, 4);
insert into habilidade_faixa_ano (id_habilidade, id_faixa_ano) values (863, 5);
insert into habilidade_faixa_ano (id_habilidade, id_faixa_ano) values (864, 5);
insert into habilidade_faixa_ano (id_habilidade, id_faixa_ano) values (865, 5);
insert into habilidade_faixa_ano (id_habilidade, id_faixa_ano) values (866, 5);
insert into habilidade_faixa_ano (id_habilidade, id_faixa_ano) values (867, 5);
insert into habilidade_faixa_ano (id_habilidade, id_faixa_ano) values (868, 5);
insert into habilidade_faixa_ano (id_habilidade, id_faixa_ano) values (869, 5);
insert into habilidade_faixa_ano (id_habilidade, id_faixa_ano) values (870, 5);
insert into habilidade_faixa_ano (id_habilidade, id_faixa_ano) values (871, 6);
insert into habilidade_faixa_ano (id_habilidade, id_faixa_ano) values (872, 6);
insert into habilidade_faixa_ano (id_habilidade, id_faixa_ano) values (873, 6);
insert into habilidade_faixa_ano (id_habilidade, id_faixa_ano) values (874, 6);
insert into habilidade_faixa_ano (id_habilidade, id_faixa_ano) values (875, 6);
insert into habilidade_faixa_ano (id_habilidade, id_faixa_ano) values (876, 6);
insert into habilidade_faixa_ano (id_habilidade, id_faixa_ano) values (877, 6);
insert into habilidade_faixa_ano (id_habilidade, id_faixa_ano) values (878, 6);
insert into habilidade_faixa_ano (id_habilidade, id_faixa_ano) values (879, 6);
insert into habilidade_faixa_ano (id_habilidade, id_faixa_ano) values (880, 6);
insert into habilidade_faixa_ano (id_habilidade, id_faixa_ano) values (881, 7);
insert into habilidade_faixa_ano (id_habilidade, id_faixa_ano) values (882, 7);
insert into habilidade_faixa_ano (id_habilidade, id_faixa_ano) values (883, 7);
insert into habilidade_faixa_ano (id_habilidade, id_faixa_ano) values (884, 7);
insert into habilidade_faixa_ano (id_habilidade, id_faixa_ano) values (885, 7);
insert into habilidade_faixa_ano (id_habilidade, id_faixa_ano) values (886, 7);
insert into habilidade_faixa_ano (id_habilidade, id_faixa_ano) values (887, 7);
insert into habilidade_faixa_ano (id_habilidade, id_faixa_ano) values (888, 7);
insert into habilidade_faixa_ano (id_habilidade, id_faixa_ano) values (889, 7);
insert into habilidade_faixa_ano (id_habilidade, id_faixa_ano) values (890, 7);
insert into habilidade_faixa_ano (id_habilidade, id_faixa_ano) values (891, 7);
insert into habilidade_faixa_ano (id_habilidade, id_faixa_ano) values (892, 8);
insert into habilidade_faixa_ano (id_habilidade, id_faixa_ano) values (893, 8);
insert into habilidade_faixa_ano (id_habilidade, id_faixa_ano) values (894, 8);
insert into habilidade_faixa_ano (id_habilidade, id_faixa_ano) values (895, 8);
insert into habilidade_faixa_ano (id_habilidade, id_faixa_ano) values (896, 8);
insert into habilidade_faixa_ano (id_habilidade, id_faixa_ano) values (897, 8);
insert into habilidade_faixa_ano (id_habilidade, id_faixa_ano) values (898, 8);
insert into habilidade_faixa_ano (id_habilidade, id_faixa_ano) values (899, 8);
insert into habilidade_faixa_ano (id_habilidade, id_faixa_ano) values (900, 8);
insert into habilidade_faixa_ano (id_habilidade, id_faixa_ano) values (901, 8);
insert into habilidade_faixa_ano (id_habilidade, id_faixa_ano) values (902, 8);
insert into habilidade_faixa_ano (id_habilidade, id_faixa_ano) values (903, 8);
insert into habilidade_faixa_ano (id_habilidade, id_faixa_ano) values (904, 8);
insert into habilidade_faixa_ano (id_habilidade, id_faixa_ano) values (905, 9);
insert into habilidade_faixa_ano (id_habilidade, id_faixa_ano) values (906, 9);
insert into habilidade_faixa_ano (id_habilidade, id_faixa_ano) values (907, 9);
insert into habilidade_faixa_ano (id_habilidade, id_faixa_ano) values (908, 9);
insert into habilidade_faixa_ano (id_habilidade, id_faixa_ano) values (909, 9);
insert into habilidade_faixa_ano (id_habilidade, id_faixa_ano) values (910, 9);
insert into habilidade_faixa_ano (id_habilidade, id_faixa_ano) values (911, 9);
insert into habilidade_faixa_ano (id_habilidade, id_faixa_ano) values (912, 9);
insert into habilidade_faixa_ano (id_habilidade, id_faixa_ano) values (913, 9);
insert into habilidade_faixa_ano (id_habilidade, id_faixa_ano) values (914, 9);
insert into habilidade_faixa_ano (id_habilidade, id_faixa_ano) values (915, 9);
insert into habilidade_faixa_ano (id_habilidade, id_faixa_ano) values (916, 9);
insert into habilidade_faixa_ano (id_habilidade, id_faixa_ano) values (917, 9);
insert into habilidade_faixa_ano (id_habilidade, id_faixa_ano) values (918, 9);
insert into habilidade_faixa_ano (id_habilidade, id_faixa_ano) values (919, 10);
insert into habilidade_faixa_ano (id_habilidade, id_faixa_ano) values (920, 10);
insert into habilidade_faixa_ano (id_habilidade, id_faixa_ano) values (921, 10);
insert into habilidade_faixa_ano (id_habilidade, id_faixa_ano) values (922, 10);
insert into habilidade_faixa_ano (id_habilidade, id_faixa_ano) values (923, 10);
insert into habilidade_faixa_ano (id_habilidade, id_faixa_ano) values (924, 10);
insert into habilidade_faixa_ano (id_habilidade, id_faixa_ano) values (925, 10);
insert into habilidade_faixa_ano (id_habilidade, id_faixa_ano) values (926, 10);
insert into habilidade_faixa_ano (id_habilidade, id_faixa_ano) values (927, 10);
insert into habilidade_faixa_ano (id_habilidade, id_faixa_ano) values (928, 10);
insert into habilidade_faixa_ano (id_habilidade, id_faixa_ano) values (929, 10);
insert into habilidade_faixa_ano (id_habilidade, id_faixa_ano) values (930, 10);
insert into habilidade_faixa_ano (id_habilidade, id_faixa_ano) values (931, 10);
insert into habilidade_faixa_ano (id_habilidade, id_faixa_ano) values (932, 10);
insert into habilidade_faixa_ano (id_habilidade, id_faixa_ano) values (933, 10);
insert into habilidade_faixa_ano (id_habilidade, id_faixa_ano) values (934, 10);
insert into habilidade_faixa_ano (id_habilidade, id_faixa_ano) values (935, 11);
insert into habilidade_faixa_ano (id_habilidade, id_faixa_ano) values (936, 11);
insert into habilidade_faixa_ano (id_habilidade, id_faixa_ano) values (937, 11);
insert into habilidade_faixa_ano (id_habilidade, id_faixa_ano) values (938, 11);
insert into habilidade_faixa_ano (id_habilidade, id_faixa_ano) values (939, 11);
insert into habilidade_faixa_ano (id_habilidade, id_faixa_ano) values (940, 11);
insert into habilidade_faixa_ano (id_habilidade, id_faixa_ano) values (941, 11);
insert into habilidade_faixa_ano (id_habilidade, id_faixa_ano) values (942, 11);
insert into habilidade_faixa_ano (id_habilidade, id_faixa_ano) values (943, 11);
insert into habilidade_faixa_ano (id_habilidade, id_faixa_ano) values (944, 11);
insert into habilidade_faixa_ano (id_habilidade, id_faixa_ano) values (945, 11);
insert into habilidade_faixa_ano (id_habilidade, id_faixa_ano) values (946, 11);
insert into habilidade_faixa_ano (id_habilidade, id_faixa_ano) values (947, 11);
insert into habilidade_faixa_ano (id_habilidade, id_faixa_ano) values (948, 11);
insert into habilidade_faixa_ano (id_habilidade, id_faixa_ano) values (949, 11);
insert into habilidade_faixa_ano (id_habilidade, id_faixa_ano) values (950, 11);
insert into habilidade_faixa_ano (id_habilidade, id_faixa_ano) values (951, 12);
insert into habilidade_faixa_ano (id_habilidade, id_faixa_ano) values (952, 12);
insert into habilidade_faixa_ano (id_habilidade, id_faixa_ano) values (953, 12);
insert into habilidade_faixa_ano (id_habilidade, id_faixa_ano) values (954, 12);
insert into habilidade_faixa_ano (id_habilidade, id_faixa_ano) values (955, 12);
insert into habilidade_faixa_ano (id_habilidade, id_faixa_ano) values (956, 12);
insert into habilidade_faixa_ano (id_habilidade, id_faixa_ano) values (957, 12);
insert into habilidade_faixa_ano (id_habilidade, id_faixa_ano) values (958, 12);
insert into habilidade_faixa_ano (id_habilidade, id_faixa_ano) values (959, 12);
insert into habilidade_faixa_ano (id_habilidade, id_faixa_ano) values (960, 12);
insert into habilidade_faixa_ano (id_habilidade, id_faixa_ano) values (961, 12);
insert into habilidade_faixa_ano (id_habilidade, id_faixa_ano) values (962, 12);
insert into habilidade_faixa_ano (id_habilidade, id_faixa_ano) values (963, 12);
insert into habilidade_faixa_ano (id_habilidade, id_faixa_ano) values (964, 12);
insert into habilidade_faixa_ano (id_habilidade, id_faixa_ano) values (965, 12);
insert into habilidade_faixa_ano (id_habilidade, id_faixa_ano) values (966, 12);
insert into habilidade_faixa_ano (id_habilidade, id_faixa_ano) values (967, 12);

insert into habilidade (id, id_componente, codigo, bncc, ativo, descricao, campo_atuacao, pratica_liguagem, objeto_conhecimento, unidade_tematica) values (968, 10, 'EF01GE01', true, true, 'Descrever características observadas de seus lugares de vivência (moradia, escola etc) e identificar semelhanças e diferenças entre esses lugares', Null, Null, 'O modo de vida das crianças em diferentes lugares', 'O sujeito e seu lugar no mundo');
insert into habilidade (id, id_componente, codigo, bncc, ativo, descricao, campo_atuacao, pratica_liguagem, objeto_conhecimento, unidade_tematica) values (969, 10, 'EF01GE02', true, true, 'Identificar semelhanças e diferenças entre jogos e brincadeiras de diferentes épocas e lugares', Null, Null, 'O modo de vida das crianças em diferentes lugares', 'O sujeito e seu lugar no mundo');
insert into habilidade (id, id_componente, codigo, bncc, ativo, descricao, campo_atuacao, pratica_liguagem, objeto_conhecimento, unidade_tematica) values (970, 10, 'EF01GE03', true, true, 'Identificar e relatar semelhanças e diferenças de usos do espaço público (praças, parques) para o lazer e diferentes manifestações', Null, Null, 'Situações de convívio em diferentes lugares', 'O sujeito e seu lugar no mundo');
insert into habilidade (id, id_componente, codigo, bncc, ativo, descricao, campo_atuacao, pratica_liguagem, objeto_conhecimento, unidade_tematica) values (971, 10, 'EF01GE04', true, true, 'Discutir e elaborar, coletivamente, regras de convívio em diferentes espaços (sala de aula, escola etc)', Null, Null, 'Situações de convívio em diferentes lugares', 'O sujeito e seu lugar no mundo');
insert into habilidade (id, id_componente, codigo, bncc, ativo, descricao, campo_atuacao, pratica_liguagem, objeto_conhecimento, unidade_tematica) values (972, 10, 'EF01GE05', true, true, 'Observar e descrever ritmos naturais (dia e noite, variação de temperatura e umidade etc) em diferentes escalas espaciais e temporais, comparando a sua realidade com outras', Null, Null, 'Ciclos naturais e a vida cotidiana', 'Conexões e escalas');
insert into habilidade (id, id_componente, codigo, bncc, ativo, descricao, campo_atuacao, pratica_liguagem, objeto_conhecimento, unidade_tematica) values (973, 10, 'EF01GE06', true, true, 'Descrever e comparar diferentes tipos de moradia ou objetos de uso cotidiano (brinquedos, roupas, mobiliários), considerando técnicas e materiais utilizados em sua produção', Null, Null, 'Diferentes tipos de trabalho existentes no seu dia a dia', 'Mundo do trabalho');
insert into habilidade (id, id_componente, codigo, bncc, ativo, descricao, campo_atuacao, pratica_liguagem, objeto_conhecimento, unidade_tematica) values (974, 10, 'EF01GE07', true, true, 'Descrever atividades de trabalho relacionadas com o dia a dia da sua comunidade', Null, Null, 'Diferentes tipos de trabalho existentes no seu dia a dia', 'Mundo do trabalho');
insert into habilidade (id, id_componente, codigo, bncc, ativo, descricao, campo_atuacao, pratica_liguagem, objeto_conhecimento, unidade_tematica) values (975, 10, 'EF01GE08', true, true, 'Criar mapas mentais e desenhos com base em itinerários, contos literários, histórias inventadas e brincadeiras', Null, Null, 'Pontos de referência', 'Formas de representação e pensamento espacial');
insert into habilidade (id, id_componente, codigo, bncc, ativo, descricao, campo_atuacao, pratica_liguagem, objeto_conhecimento, unidade_tematica) values (976, 10, 'EF01GE09', true, true, 'Elaborar e utilizar mapas simples para localizar elementos do local de vivência, considerando referenciais espaciais (frente e atrás, esquerda e direita, em cima e embaixo, dentro e fora) e tendo o corpo como referência', Null, Null, 'Pontos de referência', 'Formas de representação e pensamento espacial');
insert into habilidade (id, id_componente, codigo, bncc, ativo, descricao, campo_atuacao, pratica_liguagem, objeto_conhecimento, unidade_tematica) values (977, 10, 'EF01GE10', true, true, 'Descrever características de seus lugares de vivência relacionadas aos ritmos da natureza (chuva, vento, calor etc)', Null, Null, 'Condições de vida nos lugares de vivência', 'Natureza, ambientes e qualidade de vida');
insert into habilidade (id, id_componente, codigo, bncc, ativo, descricao, campo_atuacao, pratica_liguagem, objeto_conhecimento, unidade_tematica) values (978, 10, 'EF01GE11', true, true, 'Associar mudanças de vestuário e hábitos alimentares em sua comunidade ao longo do ano, decorrentes da variação de temperatura e umidade no ambiente', Null, Null, 'Condições de vida nos lugares de vivência', 'Natureza, ambientes e qualidade de vida');
insert into habilidade (id, id_componente, codigo, bncc, ativo, descricao, campo_atuacao, pratica_liguagem, objeto_conhecimento, unidade_tematica) values (979, 10, 'EF02GE01', true, true, 'Descrever a história das migrações no bairro ou comunidade em que vive', Null, Null, 'Convivência e interações entre pessoas na comunidade', 'O sujeito e seu lugar no mundo');
insert into habilidade (id, id_componente, codigo, bncc, ativo, descricao, campo_atuacao, pratica_liguagem, objeto_conhecimento, unidade_tematica) values (980, 10, 'EF02GE02', true, true, 'Comparar costumes e tradições de diferentes populações inseridas no bairro ou comunidade em que vive, reconhecendo a importância do respeito às diferenças', Null, Null, 'Convivência e interações entre pessoas na comunidade', 'O sujeito e seu lugar no mundo');
insert into habilidade (id, id_componente, codigo, bncc, ativo, descricao, campo_atuacao, pratica_liguagem, objeto_conhecimento, unidade_tematica) values (981, 10, 'EF02GE03', true, true, 'Comparar diferentes meios de transporte e de comunicação, indicando o seu papel na conexão entre lugares, e discutir os riscos para a vida e para o ambiente e seu uso responsável', Null, Null, 'Riscos e cuidados nos meios de transporte e de comunicação', 'O sujeito e seu lugar no mundo');
insert into habilidade (id, id_componente, codigo, bncc, ativo, descricao, campo_atuacao, pratica_liguagem, objeto_conhecimento, unidade_tematica) values (982, 10, 'EF02GE04', true, true, 'Reconhecer semelhanças e diferenças nos hábitos, nas relações com a natureza e no modo de viver de pessoas em diferentes lugares', Null, Null, 'Experiências da comunidade no tempo e no espaço', 'Conexões e escalas');
insert into habilidade (id, id_componente, codigo, bncc, ativo, descricao, campo_atuacao, pratica_liguagem, objeto_conhecimento, unidade_tematica) values (983, 10, 'EF02GE05', true, true, 'Analisar mudanças e permanências, comparando imagens de um mesmo lugar em diferentes tempos', Null, Null, 'Mudanças e permanências', 'Conexões e escalas');
insert into habilidade (id, id_componente, codigo, bncc, ativo, descricao, campo_atuacao, pratica_liguagem, objeto_conhecimento, unidade_tematica) values (984, 10, 'EF02GE06', true, true, 'Relacionar o dia e a noite a diferentes tipos de atividades sociais (horário escolar, comercial, sono etc)', Null, Null, 'Tipos de trabalho em lugares e tempos diferentes', 'Mundo do trabalho');
insert into habilidade (id, id_componente, codigo, bncc, ativo, descricao, campo_atuacao, pratica_liguagem, objeto_conhecimento, unidade_tematica) values (985, 10, 'EF02GE07', true, true, 'Descrever as atividades extrativas (minerais, agropecuárias e industriais) de diferentes lugares, identificando os impactos ambientais', Null, Null, 'Tipos de trabalho em lugares e tempos diferentes', 'Mundo do trabalho');
insert into habilidade (id, id_componente, codigo, bncc, ativo, descricao, campo_atuacao, pratica_liguagem, objeto_conhecimento, unidade_tematica) values (986, 10, 'EF02GE08', true, true, 'Identificar e elaborar diferentes formas de representação (desenhos, mapas mentais, maquetes) para representar componentes da paisagem dos lugares de vivência', Null, Null, 'Localização, orientação e representação espacial', 'Formas de representação e pensamento espacial');
insert into habilidade (id, id_componente, codigo, bncc, ativo, descricao, campo_atuacao, pratica_liguagem, objeto_conhecimento, unidade_tematica) values (987, 10, 'EF02GE09', true, true, 'Identificar objetos e lugares de vivência (escola e moradia) em imagens aéreas e mapas (visão vertical) e fotografias (visão oblíqua)', Null, Null, 'Localização, orientação e representação espacial', 'Formas de representação e pensamento espacial');
insert into habilidade (id, id_componente, codigo, bncc, ativo, descricao, campo_atuacao, pratica_liguagem, objeto_conhecimento, unidade_tematica) values (988, 10, 'EF02GE10', true, true, 'Aplicar princípios de localização e posição de objetos (referenciais espaciais, como frente e atrás, esquerda e direita, em cima e embaixo, dentro e fora) por meio de representações espaciais da sala de aula e da escola', Null, Null, 'Localização, orientação e representação espacial', 'Formas de representação e pensamento espacial');
insert into habilidade (id, id_componente, codigo, bncc, ativo, descricao, campo_atuacao, pratica_liguagem, objeto_conhecimento, unidade_tematica) values (989, 10, 'EF02GE11', true, true, 'Reconhecer a importância do solo e da água para a vida, identificando seus diferentes usos (plantação e extração de materiais, entre outras possibilidades) e os impactos desses usos no cotidiano da cidade e do campo', Null, Null, 'Os usos dos recursos naturais: solo e água no campo e na cidade', 'Natureza, ambientes e qualidade de vida');
insert into habilidade (id, id_componente, codigo, bncc, ativo, descricao, campo_atuacao, pratica_liguagem, objeto_conhecimento, unidade_tematica) values (990, 10, 'EF03GE01', true, true, 'Identificar e comparar aspectos culturais dos grupos sociais de seus lugares de vivência, seja na cidade, seja no campo', Null, Null, 'A cidade e o campo: aproximações e diferenças', 'O sujeito e seu lugar no mundo');
insert into habilidade (id, id_componente, codigo, bncc, ativo, descricao, campo_atuacao, pratica_liguagem, objeto_conhecimento, unidade_tematica) values (991, 10, 'EF03GE02', true, true, 'Identificar, em seus lugares de vivência, marcas de contribuição cultural e econômica de grupos de diferentes origens', Null, Null, 'A cidade e o campo: aproximações e diferenças', 'O sujeito e seu lugar no mundo');
insert into habilidade (id, id_componente, codigo, bncc, ativo, descricao, campo_atuacao, pratica_liguagem, objeto_conhecimento, unidade_tematica) values (992, 10, 'EF03GE03', true, true, 'Reconhecer os diferentes modos de vida de povos e comunidades tradicionais em distintos lugares', Null, Null, 'A cidade e o campo: aproximações e diferenças', 'O sujeito e seu lugar no mundo');
insert into habilidade (id, id_componente, codigo, bncc, ativo, descricao, campo_atuacao, pratica_liguagem, objeto_conhecimento, unidade_tematica) values (993, 10, 'EF03GE04', true, true, 'Explicar como os processos naturais e históricos atuam na produção e na mudança das paisagens naturais e antrópicas nos seus lugares de vivência, comparando-os a outros lugares', Null, Null, 'Paisagens naturais e antrópicas em transformação', 'Conexões e escalas');
insert into habilidade (id, id_componente, codigo, bncc, ativo, descricao, campo_atuacao, pratica_liguagem, objeto_conhecimento, unidade_tematica) values (994, 10, 'EF03GE05', true, true, 'Identificar alimentos, minerais e outros produtos cultivados e extraídos da natureza, comparando as atividades de trabalho em diferentes lugares', Null, Null, 'Matéria-prima e indústria', 'Mundo do trabalho');
insert into habilidade (id, id_componente, codigo, bncc, ativo, descricao, campo_atuacao, pratica_liguagem, objeto_conhecimento, unidade_tematica) values (995, 10, 'EF03GE06', true, true, 'Identificar e interpretar imagens bidimensionais e tridimensionais em diferentes tipos de representação cartográfica', Null, Null, 'Representações cartográficas', 'Formas de representação e pensamento espacial');
insert into habilidade (id, id_componente, codigo, bncc, ativo, descricao, campo_atuacao, pratica_liguagem, objeto_conhecimento, unidade_tematica) values (996, 10, 'EF03GE07', true, true, 'Reconhecer e elaborar legendas com símbolos de diversos tipos de representações em diferentes escalas cartográficas', Null, Null, 'Representações cartográficas', 'Formas de representação e pensamento espacial');
insert into habilidade (id, id_componente, codigo, bncc, ativo, descricao, campo_atuacao, pratica_liguagem, objeto_conhecimento, unidade_tematica) values (997, 10, 'EF03GE08', true, true, 'Relacionar a produção de lixo doméstico ou da escola aos problemas causados pelo consumo excessivo e construir propostas para o consumo consciente, considerando a ampliação de hábitos de redução, reúso e reciclagem/ descarte de materiais consumidos em casa, na escola e/ou no entorno', Null, Null, 'Produção, circulação e consumo', 'Natureza, ambientes e qualidade de vida');
insert into habilidade (id, id_componente, codigo, bncc, ativo, descricao, campo_atuacao, pratica_liguagem, objeto_conhecimento, unidade_tematica) values (998, 10, 'EF03GE09', true, true, 'Investigar os usos dos recursos naturais, com destaque para os usos da água em atividades cotidianas (alimentação, higiene, cultivo de plantas etc), e discutir os problemas ambientais provocados por esses usos', Null, Null, 'Impactos das atividades humanas', 'Natureza, ambientes e qualidade de vida');
insert into habilidade (id, id_componente, codigo, bncc, ativo, descricao, campo_atuacao, pratica_liguagem, objeto_conhecimento, unidade_tematica) values (999, 10, 'EF03GE10', true, true, 'Identificar os cuidados necessários para utilização da água na agricultura e na geração de energia de modo a garantir a manutenção do provimento de água potável', Null, Null, 'Impactos das atividades humanas', 'Natureza, ambientes e qualidade de vida');
insert into habilidade (id, id_componente, codigo, bncc, ativo, descricao, campo_atuacao, pratica_liguagem, objeto_conhecimento, unidade_tematica) values (1000, 10, 'EF03GE11', true, true, 'Comparar impactos das atividades econômicas urbanas e rurais sobre o ambiente físico natural, assim como os riscos provenientes do uso de ferramentas e máquinas', Null, Null, 'Impactos das atividades humanas', 'Natureza, ambientes e qualidade de vida');
insert into habilidade (id, id_componente, codigo, bncc, ativo, descricao, campo_atuacao, pratica_liguagem, objeto_conhecimento, unidade_tematica) values (1001, 10, 'EF04GE01', true, true, 'Selecionar, em seus lugares de vivência e em suas histórias familiares e/ou da comunidade, elementos de distintas culturas (indígenas, afro-brasileiras, de outras regiões do país, latino-americanas, europeias, asiáticas etc), valorizando o que é próprio em cada uma delas e sua contribuição para a formação da cultura local, regional e brasileira', Null, Null, 'Território e diversidade cultural', 'O sujeito e seu lugar no mundo');
insert into habilidade (id, id_componente, codigo, bncc, ativo, descricao, campo_atuacao, pratica_liguagem, objeto_conhecimento, unidade_tematica) values (1002, 10, 'EF04GE02', true, true, 'Descrever processos migratórios e suas contribuições para a formação da sociedade brasileira', Null, Null, 'Processos migratórios no Brasil', 'O sujeito e seu lugar no mundo');
insert into habilidade (id, id_componente, codigo, bncc, ativo, descricao, campo_atuacao, pratica_liguagem, objeto_conhecimento, unidade_tematica) values (1003, 10, 'EF04GE03', true, true, 'Distinguir funções e papéis dos órgãos do poder público municipal e canais de participação social na gestão do Município, incluindo a Câmara de Vereadores e Conselhos Municipais', Null, Null, 'Instâncias do poder público e canais de participação social', 'O sujeito e seu lugar no mundo');
insert into habilidade (id, id_componente, codigo, bncc, ativo, descricao, campo_atuacao, pratica_liguagem, objeto_conhecimento, unidade_tematica) values (1004, 10, 'EF04GE04', true, true, 'Reconhecer especificidades e analisar a interdependência do campo e da cidade, considerando fluxos econômicos, de informações, de ideias e de pessoas', Null, Null, 'Relação campo e cidade', 'Conexões e escalas');
insert into habilidade (id, id_componente, codigo, bncc, ativo, descricao, campo_atuacao, pratica_liguagem, objeto_conhecimento, unidade_tematica) values (1005, 10, 'EF04GE05', true, true, 'Distinguir unidades político-administrativas oficiais nacionais (Distrito, Município, Unidade da Federação e grande região), suas fronteiras e sua hierarquia, localizando seus lugares de vivência', Null, Null, 'Unidades político-administrativas do Brasil', 'Conexões e escalas');
insert into habilidade (id, id_componente, codigo, bncc, ativo, descricao, campo_atuacao, pratica_liguagem, objeto_conhecimento, unidade_tematica) values (1006, 10, 'EF04GE06', true, true, 'Identificar e descrever territórios étnico-culturais existentes no Brasil, tais como terras indígenas e de comunidades remanescentes de quilombos, reconhecendo a legitimidade da demarcação desses territórios', Null, Null, 'Territórios étnico-culturais', 'Conexões e escalas');
insert into habilidade (id, id_componente, codigo, bncc, ativo, descricao, campo_atuacao, pratica_liguagem, objeto_conhecimento, unidade_tematica) values (1007, 10, 'EF04GE07', true, true, 'Comparar as características do trabalho no campo e na cidade', Null, Null, 'Trabalho no campo e na cidade', 'Mundo do trabalho');
insert into habilidade (id, id_componente, codigo, bncc, ativo, descricao, campo_atuacao, pratica_liguagem, objeto_conhecimento, unidade_tematica) values (1008, 10, 'EF04GE08', true, true, 'Descrever e discutir o processo de produção (transformação de matérias-primas), circulação e consumo de diferentes produtos', Null, Null, 'Produção, circulação e consumo', 'Mundo do trabalho');
insert into habilidade (id, id_componente, codigo, bncc, ativo, descricao, campo_atuacao, pratica_liguagem, objeto_conhecimento, unidade_tematica) values (1009, 10, 'EF04GE09', true, true, 'Utilizar as direções cardeais na localização de componentes físicos e humanos nas paisagens rurais e urbanas', Null, Null, 'Sistema de orientação', 'Formas de representação e pensamento espacial');
insert into habilidade (id, id_componente, codigo, bncc, ativo, descricao, campo_atuacao, pratica_liguagem, objeto_conhecimento, unidade_tematica) values (1010, 10, 'EF04GE10', true, true, 'Comparar tipos variados de mapas, identificando suas características, elaboradores, finalidades, diferenças e semelhanças', Null, Null, 'Elementos constitutivos dos mapas', 'Formas de representação e pensamento espacial');
insert into habilidade (id, id_componente, codigo, bncc, ativo, descricao, campo_atuacao, pratica_liguagem, objeto_conhecimento, unidade_tematica) values (1011, 10, 'EF04GE11', true, true, 'Identificar as características das paisagens naturais e antrópicas (relevo, cobertura vegetal, rios etc) no ambiente em que vive, bem como a ação humana na conservação ou degradação dessas áreas', Null, Null, 'Conservação e degradação da natureza', 'Natureza, ambientes e qualidade de vida');
insert into habilidade (id, id_componente, codigo, bncc, ativo, descricao, campo_atuacao, pratica_liguagem, objeto_conhecimento, unidade_tematica) values (1012, 10, 'EF05GE01', true, true, 'Descrever e analisar dinâmicas populacionais na Unidade da Federação em que vive, estabelecendo relações entre migrações e condições de infraestrutura', Null, Null, 'Dinâmica populacional', 'O sujeito e seu lugar no mundo');
insert into habilidade (id, id_componente, codigo, bncc, ativo, descricao, campo_atuacao, pratica_liguagem, objeto_conhecimento, unidade_tematica) values (1013, 10, 'EF05GE02', true, true, 'Identificar diferenças étnico-raciais e étnico-culturais e desigualdades sociais entre grupos em diferentes territórios', Null, Null, 'Diferenças étnico-raciais e étnico-culturais e desigualdades sociais', 'O sujeito e seu lugar no mundo');
insert into habilidade (id, id_componente, codigo, bncc, ativo, descricao, campo_atuacao, pratica_liguagem, objeto_conhecimento, unidade_tematica) values (1014, 10, 'EF05GE03', true, true, 'Identificar as formas e funções das cidades e analisar as mudanças sociais, econômicas e ambientais provocadas pelo seu crescimento', Null, Null, 'Território, redes e urbanização', 'Conexões e escalas');
insert into habilidade (id, id_componente, codigo, bncc, ativo, descricao, campo_atuacao, pratica_liguagem, objeto_conhecimento, unidade_tematica) values (1015, 10, 'EF05GE04', true, true, 'Reconhecer as características da cidade e analisar as interações entre a cidade e o campo e entre cidades na rede urbana', Null, Null, 'Território, redes e urbanização', 'Conexões e escalas');
insert into habilidade (id, id_componente, codigo, bncc, ativo, descricao, campo_atuacao, pratica_liguagem, objeto_conhecimento, unidade_tematica) values (1016, 10, 'EF05GE05', true, true, 'Identificar e comparar as mudanças dos tipos de trabalho e desenvolvimento tecnológico na agropecuária, na indústria, no comércio e nos serviços', Null, Null, 'Trabalho e inovação tecnológica', 'Mundo do trabalho');
insert into habilidade (id, id_componente, codigo, bncc, ativo, descricao, campo_atuacao, pratica_liguagem, objeto_conhecimento, unidade_tematica) values (1017, 10, 'EF05GE06', true, true, 'Identificar e comparar transformações dos meios de transporte e de comunicação', Null, Null, 'Trabalho e inovação tecnológica', 'Mundo do trabalho');
insert into habilidade (id, id_componente, codigo, bncc, ativo, descricao, campo_atuacao, pratica_liguagem, objeto_conhecimento, unidade_tematica) values (1018, 10, 'EF05GE07', true, true, 'Identificar os diferentes tipos de energia utilizados na produção industrial, agrícola e extrativa e no cotidiano das populações', Null, Null, 'Trabalho e inovação tecnológica', 'Mundo do trabalho');
insert into habilidade (id, id_componente, codigo, bncc, ativo, descricao, campo_atuacao, pratica_liguagem, objeto_conhecimento, unidade_tematica) values (1019, 10, 'EF05GE08', true, true, 'Analisar transformações de paisagens nas cidades, comparando sequência de fotografias, fotografias aéreas e imagens de satélite de épocas diferentes', Null, Null, 'Mapas e imagens de satélite', 'Formas de representação e pensamento espacial');
insert into habilidade (id, id_componente, codigo, bncc, ativo, descricao, campo_atuacao, pratica_liguagem, objeto_conhecimento, unidade_tematica) values (1020, 10, 'EF05GE09', true, true, 'Estabelecer conexões e hierarquias entre diferentes cidades, utilizando mapas temáticos e representações gráficas', Null, Null, 'Representação das cidades e do espaço urbano', 'Formas de representação e pensamento espacial');
insert into habilidade (id, id_componente, codigo, bncc, ativo, descricao, campo_atuacao, pratica_liguagem, objeto_conhecimento, unidade_tematica) values (1021, 10, 'EF05GE10', true, true, 'Reconhecer e comparar atributos da qualidade ambiental e algumas formas de poluição dos cursos de água e dos oceanos (esgotos, efluentes industriais, marés negras etc)', Null, Null, 'Qualidade ambiental', 'Natureza, ambientes e qualidade de vida');
insert into habilidade (id, id_componente, codigo, bncc, ativo, descricao, campo_atuacao, pratica_liguagem, objeto_conhecimento, unidade_tematica) values (1022, 10, 'EF05GE11', true, true, 'Identificar e descrever problemas ambientais que ocorrem no entorno da escola e da residência (lixões, indústrias poluentes, destruição do patrimônio histórico etc), propondo soluções (inclusive tecnológicas) para esses problemas', Null, Null, 'Diferentes tipos de poluição', 'Natureza, ambientes e qualidade de vida');
insert into habilidade (id, id_componente, codigo, bncc, ativo, descricao, campo_atuacao, pratica_liguagem, objeto_conhecimento, unidade_tematica) values (1023, 10, 'EF05GE12', true, true, 'Identificar órgãos do poder público e canais de participação social responsáveis por buscar soluções para a melhoria da qualidade de vida (em áreas como meio ambiente, mobilidade, moradia e direito à cidade) e discutir as propostas implementadas por esses órgãos que afetam a comunidade em que vive', Null, Null, 'Gestão pública da qualidade de vida', 'Natureza, ambientes e qualidade de vida');
insert into habilidade (id, id_componente, codigo, bncc, ativo, descricao, campo_atuacao, pratica_liguagem, objeto_conhecimento, unidade_tematica) values (1024, 10, 'EF06GE01', true, true, 'Comparar modificações das paisagens nos lugares de vivência e os usos desses lugares em diferentes tempos', Null, Null, 'Identidade sociocultural', 'O sujeito e seu lugar no mundo');
insert into habilidade (id, id_componente, codigo, bncc, ativo, descricao, campo_atuacao, pratica_liguagem, objeto_conhecimento, unidade_tematica) values (1025, 10, 'EF06GE02', true, true, 'Analisar modificações de paisagens por diferentes tipos de sociedade, com destaque para os povos originários', Null, Null, 'Identidade sociocultural', 'O sujeito e seu lugar no mundo');
insert into habilidade (id, id_componente, codigo, bncc, ativo, descricao, campo_atuacao, pratica_liguagem, objeto_conhecimento, unidade_tematica) values (1026, 10, 'EF06GE03', true, true, 'Descrever os movimentos do planeta e sua relação com a circulação geral da atmosfera, o tempo atmosférico e os padrões climáticos', Null, Null, 'Relações entre os componentes físico-naturais', 'Conexões e escalas');
insert into habilidade (id, id_componente, codigo, bncc, ativo, descricao, campo_atuacao, pratica_liguagem, objeto_conhecimento, unidade_tematica) values (1027, 10, 'EF06GE04', true, true, 'Descrever o ciclo da água, comparando o escoamento superficial no ambiente urbano e rural, reconhecendo os principais componentes da morfologia das bacias e das redes hidrográficas e a sua localização no modelado da superfície terrestre e da cobertura vegetal', Null, Null, 'Relações entre os componentes físico-naturais', 'Conexões e escalas');
insert into habilidade (id, id_componente, codigo, bncc, ativo, descricao, campo_atuacao, pratica_liguagem, objeto_conhecimento, unidade_tematica) values (1028, 10, 'EF06GE05', true, true, 'Relacionar padrões climáticos, tipos de solo, relevo e formações vegetais', Null, Null, 'Relações entre os componentes físico-naturais', 'Conexões e escalas');
insert into habilidade (id, id_componente, codigo, bncc, ativo, descricao, campo_atuacao, pratica_liguagem, objeto_conhecimento, unidade_tematica) values (1029, 10, 'EF06GE06', true, true, 'Identificar as características das paisagens transformadas pelo trabalho humano a partir do desenvolvimento da agropecuária e do processo de industrialização', Null, Null, 'Transformação das paisagens naturais e antrópicas', 'Mundo do trabalho');
insert into habilidade (id, id_componente, codigo, bncc, ativo, descricao, campo_atuacao, pratica_liguagem, objeto_conhecimento, unidade_tematica) values (1030, 10, 'EF06GE07', true, true, 'Explicar as mudanças na interação humana com a natureza a partir do surgimento das cidades', Null, Null, 'Transformação das paisagens naturais e antrópicas', 'Mundo do trabalho');
insert into habilidade (id, id_componente, codigo, bncc, ativo, descricao, campo_atuacao, pratica_liguagem, objeto_conhecimento, unidade_tematica) values (1031, 10, 'EF06GE08', true, true, 'Medir distâncias na superfície pelas escalas gráficas e numéricas dos mapas', Null, Null, 'Fenômenos naturais e sociais representados de diferentes maneiras', 'Formas de representação e pensamento espacial');
insert into habilidade (id, id_componente, codigo, bncc, ativo, descricao, campo_atuacao, pratica_liguagem, objeto_conhecimento, unidade_tematica) values (1032, 10, 'EF06GE09', true, true, 'Elaborar modelos tridimensionais, blocos-diagramas e perfis topográficos e de vegetação, visando à representação de elementos e estruturas da superfície terrestre', Null, Null, 'Fenômenos naturais e sociais representados de diferentes maneiras', 'Formas de representação e pensamento espacial');
insert into habilidade (id, id_componente, codigo, bncc, ativo, descricao, campo_atuacao, pratica_liguagem, objeto_conhecimento, unidade_tematica) values (1033, 10, 'EF06GE10', true, true, 'Explicar as diferentes formas de uso do solo (rotação de terras, terraceamento, aterros etc) e de apropriação dos recursos hídricos (sistema de irrigação, tratamento e redes de distribuição), bem como suas vantagens e desvantagens em diferentes épocas e lugares', Null, Null, 'Biodiversidade e ciclo hidrológico', 'Natureza, ambientes e qualidade de vida');
insert into habilidade (id, id_componente, codigo, bncc, ativo, descricao, campo_atuacao, pratica_liguagem, objeto_conhecimento, unidade_tematica) values (1034, 10, 'EF06GE11', true, true, 'Analisar distintas interações das sociedades com a natureza, com base na distribuição dos componentes físico-naturais, incluindo as transformações da biodiversidade local e do mundo', Null, Null, 'Biodiversidade e ciclo hidrológico', 'Natureza, ambientes e qualidade de vida');
insert into habilidade (id, id_componente, codigo, bncc, ativo, descricao, campo_atuacao, pratica_liguagem, objeto_conhecimento, unidade_tematica) values (1035, 10, 'EF06GE12', true, true, 'Identificar o consumo dos recursos hídricos e o uso das principais bacias hidrográficas no Brasil e no mundo, enfatizando as transformações nos ambientes urbanos', Null, Null, 'Biodiversidade e ciclo hidrológico', 'Natureza, ambientes e qualidade de vida');
insert into habilidade (id, id_componente, codigo, bncc, ativo, descricao, campo_atuacao, pratica_liguagem, objeto_conhecimento, unidade_tematica) values (1036, 10, 'EF06GE13', true, true, 'Analisar consequências, vantagens e desvantagens das práticas humanas na dinâmica climática (ilha de calor etc)', Null, Null, 'Atividades humanas e dinâmica climática', 'Natureza, ambientes e qualidade de vida');
insert into habilidade (id, id_componente, codigo, bncc, ativo, descricao, campo_atuacao, pratica_liguagem, objeto_conhecimento, unidade_tematica) values (1037, 10, 'EF07GE01', true, true, 'Avaliar, por meio de exemplos extraídos dos meios de comunicação, ideias e estereótipos acerca das paisagens e da formação territorial do Brasil', Null, Null, 'Ideias e concepções sobre a formação territorial do Brasil', 'O sujeito e seu lugar no mundo');
insert into habilidade (id, id_componente, codigo, bncc, ativo, descricao, campo_atuacao, pratica_liguagem, objeto_conhecimento, unidade_tematica) values (1038, 10, 'EF07GE02', true, true, 'Analisar a influência dos fluxos econômicos e populacionais na formação socioeconômica e territorial do Brasil, compreendendo os conflitos e as tensões históricas e contemporâneas', Null, Null, 'Formação territorial do Brasil', 'Conexões e escalas');
insert into habilidade (id, id_componente, codigo, bncc, ativo, descricao, campo_atuacao, pratica_liguagem, objeto_conhecimento, unidade_tematica) values (1039, 10, 'EF07GE03', true, true, 'Selecionar argumentos que reconheçam as territorialidades dos povos indígenas originários, das comunidades remanescentes de quilombos, de povos das florestas e do cerrado, de ribeirinhos e caiçaras, entre outros grupos sociais do campo e da cidade, como direitos legais dessas comunidades', Null, Null, 'Formação territorial do Brasil', 'Conexões e escalas');
insert into habilidade (id, id_componente, codigo, bncc, ativo, descricao, campo_atuacao, pratica_liguagem, objeto_conhecimento, unidade_tematica) values (1040, 10, 'EF07GE04', true, true, 'Analisar a distribuição territorial da população brasileira, considerando a diversidade étnico-cultural (indígena, africana, europeia e asiática), assim como aspectos de renda, sexo e idade nas regiões brasileiras', Null, Null, 'Características da população brasileira', 'Conexões e escalas');
insert into habilidade (id, id_componente, codigo, bncc, ativo, descricao, campo_atuacao, pratica_liguagem, objeto_conhecimento, unidade_tematica) values (1041, 10, 'EF07GE05', true, true, 'Analisar fatos e situações representativas das alterações ocorridas entre o período mercantilista e o advento do capitalismo', Null, Null, 'Produção, circulação e consumo de mercadorias', 'Mundo do trabalho');
insert into habilidade (id, id_componente, codigo, bncc, ativo, descricao, campo_atuacao, pratica_liguagem, objeto_conhecimento, unidade_tematica) values (1042, 10, 'EF07GE06', true, true, 'Discutir em que medida a produção, a circulação e o consumo de mercadorias provocam impactos ambientais, assim como influem na distribuição de riquezas, em diferentes lugares', Null, Null, 'Produção, circulação e consumo de mercadorias', 'Mundo do trabalho');
insert into habilidade (id, id_componente, codigo, bncc, ativo, descricao, campo_atuacao, pratica_liguagem, objeto_conhecimento, unidade_tematica) values (1043, 10, 'EF07GE07', true, true, 'Analisar a influência e o papel das redes de transporte e comunicação na configuração do território brasileiro', Null, Null, 'Desigualdade social e o trabalho', 'Mundo do trabalho');
insert into habilidade (id, id_componente, codigo, bncc, ativo, descricao, campo_atuacao, pratica_liguagem, objeto_conhecimento, unidade_tematica) values (1044, 10, 'EF07GE08', true, true, 'Estabelecer relações entre os processos de industrialização e inovação tecnológica com as transformações socioeconômicas do território brasileiro', Null, Null, 'Desigualdade social e o trabalho', 'Mundo do trabalho');
insert into habilidade (id, id_componente, codigo, bncc, ativo, descricao, campo_atuacao, pratica_liguagem, objeto_conhecimento, unidade_tematica) values (1045, 10, 'EF07GE09', true, true, 'Interpretar e elaborar mapas temáticos e históricos, inclusive utilizando tecnologias digitais, com informações demográficas e econômicas do Brasil (cartogramas), identificando padrões espaciais, regionalizações e analogias espaciais', Null, Null, 'Mapas temáticos do Brasil', 'Formas de representação e pensamento espacial');
insert into habilidade (id, id_componente, codigo, bncc, ativo, descricao, campo_atuacao, pratica_liguagem, objeto_conhecimento, unidade_tematica) values (1046, 10, 'EF07GE10', true, true, 'Elaborar e interpretar gráficos de barras, gráficos de setores e histogramas, com base em dados socioeconômicos das regiões brasileiras', Null, Null, 'Mapas temáticos do Brasil', 'Formas de representação e pensamento espacial');
insert into habilidade (id, id_componente, codigo, bncc, ativo, descricao, campo_atuacao, pratica_liguagem, objeto_conhecimento, unidade_tematica) values (1047, 10, 'EF07GE11', true, true, 'Caracterizar dinâmicas dos componentes físico-naturais no território nacional, bem como sua distribuição e biodiversidade (Florestas Tropicais, Cerrados, Caatingas, Campos Sulinos e Matas de Araucária)', Null, Null, 'Biodiversidade brasileira', 'Natureza, ambientes e qualidade de vida');
insert into habilidade (id, id_componente, codigo, bncc, ativo, descricao, campo_atuacao, pratica_liguagem, objeto_conhecimento, unidade_tematica) values (1048, 10, 'EF07GE12', true, true, 'Comparar unidades de conservação existentes no Município de residência e em outras localidades brasileiras, com base na organização do Sistema Nacional de Unidades de Conservação (SNUC)', Null, Null, 'Biodiversidade brasileira', 'Natureza, ambientes e qualidade de vida');
insert into habilidade (id, id_componente, codigo, bncc, ativo, descricao, campo_atuacao, pratica_liguagem, objeto_conhecimento, unidade_tematica) values (1049, 10, 'EF08GE01', true, true, 'Descrever as rotas de dispersão da população humana pelo planeta e os principais fluxos migratórios em diferentes períodos da história, discutindo os fatores históricos e condicionantes físico-naturais associados à distribuição da população humana pelos continentes', Null, Null, 'Distribuição da população mundial e deslocamentos populacionais', 'O sujeito e seu lugar no mundo');
insert into habilidade (id, id_componente, codigo, bncc, ativo, descricao, campo_atuacao, pratica_liguagem, objeto_conhecimento, unidade_tematica) values (1050, 10, 'EF08GE02', true, true, 'Relacionar fatos e situações representativas da história das famílias do Município em que se localiza a escola, considerando a diversidade e os fluxos migratórios da população mundial', Null, Null, 'Diversidade e dinâmica da população mundial e local', 'O sujeito e seu lugar no mundo');
insert into habilidade (id, id_componente, codigo, bncc, ativo, descricao, campo_atuacao, pratica_liguagem, objeto_conhecimento, unidade_tematica) values (1051, 10, 'EF08GE03', true, true, 'Analisar aspectos representativos da dinâmica demográfica, considerando características da população (perfil etário, crescimento vegetativo e mobilidade espacial)', Null, Null, 'Diversidade e dinâmica da população mundial e local', 'O sujeito e seu lugar no mundo');
insert into habilidade (id, id_componente, codigo, bncc, ativo, descricao, campo_atuacao, pratica_liguagem, objeto_conhecimento, unidade_tematica) values (1052, 10, 'EF08GE04', true, true, 'Compreender os fluxos de migração na América Latina (movimentos voluntários e forçados, assim como fatores e áreas de expulsão e atração) e as principais políticas migratórias da região', Null, Null, 'Diversidade e dinâmica da população mundial e local', 'O sujeito e seu lugar no mundo');
insert into habilidade (id, id_componente, codigo, bncc, ativo, descricao, campo_atuacao, pratica_liguagem, objeto_conhecimento, unidade_tematica) values (1053, 10, 'EF08GE05', true, true, 'Aplicar os conceitos de Estado, nação, território, governo e país para o entendimento de conflitos e tensões na contemporaneidade, com destaque para as situações geopolíticas na América e na África e suas múltiplas regionalizações a partir do pós-guerra', Null, Null, 'Corporações e organismos internacionais e do Brasil na ordem econômica mundial', 'Conexões e escalas');
insert into habilidade (id, id_componente, codigo, bncc, ativo, descricao, campo_atuacao, pratica_liguagem, objeto_conhecimento, unidade_tematica) values (1054, 10, 'EF08GE06', true, true, 'Analisar a atuação das organizações mundiais nos processos de integração cultural e econômica nos contextos americano e africano, reconhecendo, em seus lugares de vivência, marcas desses processos', Null, Null, 'Corporações e organismos internacionais e do Brasil na ordem econômica mundial', 'Conexões e escalas');
insert into habilidade (id, id_componente, codigo, bncc, ativo, descricao, campo_atuacao, pratica_liguagem, objeto_conhecimento, unidade_tematica) values (1055, 10, 'EF08GE07', true, true, 'Analisar os impactos geoeconômicos, geoestratégicos e geopolíticos da ascensão dos Estados Unidos da América no cenário internacional em sua posição de liderança global e na relação com a China e o Brasil', Null, Null, 'Corporações e organismos internacionais e do Brasil na ordem econômica mundial', 'Conexões e escalas');
insert into habilidade (id, id_componente, codigo, bncc, ativo, descricao, campo_atuacao, pratica_liguagem, objeto_conhecimento, unidade_tematica) values (1056, 10, 'EF08GE08', true, true, 'Analisar a situação do Brasil e de outros países da América Latina e da África, assim como da potência estadunidense na ordem mundial do pós-guerra', Null, Null, 'Corporações e organismos internacionais e do Brasil na ordem econômica mundial', 'Conexões e escalas');
insert into habilidade (id, id_componente, codigo, bncc, ativo, descricao, campo_atuacao, pratica_liguagem, objeto_conhecimento, unidade_tematica) values (1057, 10, 'EF08GE09', true, true, 'Analisar os padrões econômicos mundiais de produção, distribuição e intercâmbio dos produtos agrícolas e industrializados, tendo como referência os Estados Unidos da América e os países denominados de Brics (Brasil, Rússia, Índia, China e África do Sul)', Null, Null, 'Corporações e organismos internacionais e do Brasil na ordem econômica mundial', 'Conexões e escalas');
insert into habilidade (id, id_componente, codigo, bncc, ativo, descricao, campo_atuacao, pratica_liguagem, objeto_conhecimento, unidade_tematica) values (1058, 10, 'EF08GE10', true, true, 'Distinguir e analisar conflitos e ações dos movimentos sociais brasileiros, no campo e na cidade, comparando com outros movimentos sociais existentes nos países latino-americanos', Null, Null, 'Corporações e organismos internacionais e do Brasil na ordem econômica mundial', 'Conexões e escalas');
insert into habilidade (id, id_componente, codigo, bncc, ativo, descricao, campo_atuacao, pratica_liguagem, objeto_conhecimento, unidade_tematica) values (1059, 10, 'EF08GE11', true, true, 'Analisar áreas de conflito e tensões nas regiões de fronteira do continente latino-americano e o papel de organismos internacionais e regionais de cooperação nesses cenários', Null, Null, 'Corporações e organismos internacionais e do Brasil na ordem econômica mundial', 'Conexões e escalas');
insert into habilidade (id, id_componente, codigo, bncc, ativo, descricao, campo_atuacao, pratica_liguagem, objeto_conhecimento, unidade_tematica) values (1060, 10, 'EF08GE12', true, true, 'Compreender os objetivos e analisar a importância dos organismos de integração do território americano (Mercosul, OEA, OEI, Nafta, Unasul, Alba, Comunidade Andina, Aladi, entre outros)', Null, Null, 'Corporações e organismos internacionais e do Brasil na ordem econômica mundial', 'Conexões e escalas');
insert into habilidade (id, id_componente, codigo, bncc, ativo, descricao, campo_atuacao, pratica_liguagem, objeto_conhecimento, unidade_tematica) values (1061, 10, 'EF08GE13', true, true, 'Analisar a influência do desenvolvimento científico e tecnológico na caracterização dos tipos de trabalho e na economia dos espaços urbanos e rurais da América e da África', Null, Null, 'Os diferentes contextos e os meios técnico e tecnológico na produção', 'Mundo do trabalho');
insert into habilidade (id, id_componente, codigo, bncc, ativo, descricao, campo_atuacao, pratica_liguagem, objeto_conhecimento, unidade_tematica) values (1062, 10, 'EF08GE14', true, true, 'Analisar os processos de desconcentração, descentralização e recentralização das atividades econômicas a partir do capital estadunidense e chinês em diferentes regiões no mundo, com destaque para o Brasil', Null, Null, 'Os diferentes contextos e os meios técnico e tecnológico na produção', 'Mundo do trabalho');
insert into habilidade (id, id_componente, codigo, bncc, ativo, descricao, campo_atuacao, pratica_liguagem, objeto_conhecimento, unidade_tematica) values (1063, 10, 'EF08GE15', true, true, 'Analisar a importância dos principais recursos hídricos da America Latina (Aquífero Guarani, Bacias do rio da Prata, do Amazonas e do Orinoco, sistemas de nuvens na Amazônia e nos Andes, entre outros) e discutir os desafios relacionados à gestão e comercialização da água', Null, Null, 'Transformações do espaço na sociedade urbano-industrial na América Latina', 'Mundo do trabalho');
insert into habilidade (id, id_componente, codigo, bncc, ativo, descricao, campo_atuacao, pratica_liguagem, objeto_conhecimento, unidade_tematica) values (1064, 10, 'EF08GE16', true, true, 'Analisar as principais problemáticas comuns às grandes cidades latino-americanas, particularmente aquelas relacionadas à distribuição, estrutura e dinâmica da população e às condições de vida e trabalho', Null, Null, 'Transformações do espaço na sociedade urbano-industrial na América Latina', 'Mundo do trabalho');
insert into habilidade (id, id_componente, codigo, bncc, ativo, descricao, campo_atuacao, pratica_liguagem, objeto_conhecimento, unidade_tematica) values (1065, 10, 'EF08GE17', true, true, 'Analisar a segregação socioespacial em ambientes urbanos da América Latina, com atenção especial ao estudo de favelas, alagados e zona de riscos', Null, Null, 'Transformações do espaço na sociedade urbano-industrial na América Latina', 'Mundo do trabalho');
insert into habilidade (id, id_componente, codigo, bncc, ativo, descricao, campo_atuacao, pratica_liguagem, objeto_conhecimento, unidade_tematica) values (1066, 10, 'EF08GE18', true, true, 'Elaborar mapas ou outras formas de representação cartográfica para analisar as redes e as dinâmicas urbanas e rurais, ordenamento territorial, contextos culturais, modo de vida e usos e ocupação de solos da África e América', Null, Null, 'Cartografia: anamorfose, croquis e mapas temáticos da América e África', 'Formas de representação e pensamento espacial');
insert into habilidade (id, id_componente, codigo, bncc, ativo, descricao, campo_atuacao, pratica_liguagem, objeto_conhecimento, unidade_tematica) values (1067, 10, 'EF08GE19', true, true, 'Interpretar cartogramas, mapas esquemáticos (croquis) e anamorfoses geográficas com informações geográficas acerca da África e América', Null, Null, 'Cartografia: anamorfose, croquis e mapas temáticos da América e África', 'Formas de representação e pensamento espacial');
insert into habilidade (id, id_componente, codigo, bncc, ativo, descricao, campo_atuacao, pratica_liguagem, objeto_conhecimento, unidade_tematica) values (1068, 10, 'EF08GE20', true, true, 'Analisar características de países e grupos de países da América e da África no que se refere aos aspectos populacionais, urbanos, políticos e econômicos, e discutir as desigualdades sociais e econômicas e as pressões sobre a natureza e suas riquezas (sua apropriação e valoração na produção e circulação), o que resulta na espoliação desses povos', Null, Null, 'Identidades e interculturalidades regionais: Estados Unidos da América, América espanhola e portuguesa e África', 'Natureza, ambientes e qualidade de vida');
insert into habilidade (id, id_componente, codigo, bncc, ativo, descricao, campo_atuacao, pratica_liguagem, objeto_conhecimento, unidade_tematica) values (1069, 10, 'EF08GE21', true, true, 'Analisar o papel ambiental e territorial da Antártica no contexto geopolítico, sua relevância para os países da América do Sul e seu valor como área destinada à pesquisa e à compreensão do ambiente global', Null, Null, 'Identidades e interculturalidades regionais: Estados Unidos da América, América espanhola e portuguesa e África', 'Natureza, ambientes e qualidade de vida');
insert into habilidade (id, id_componente, codigo, bncc, ativo, descricao, campo_atuacao, pratica_liguagem, objeto_conhecimento, unidade_tematica) values (1070, 10, 'EF08GE22', true, true, 'Identificar os principais recursos naturais dos países da América Latina, analisando seu uso para a produção de matéria-prima e energia e sua relevância para a cooperação entre os países do Mercosul', Null, Null, 'Diversidade ambiental e as transformações nas paisagens na América Latina', 'Natureza, ambientes e qualidade de vida');
insert into habilidade (id, id_componente, codigo, bncc, ativo, descricao, campo_atuacao, pratica_liguagem, objeto_conhecimento, unidade_tematica) values (1071, 10, 'EF08GE23', true, true, 'Identificar paisagens da América Latina e associá-las, por meio da cartografia, aos diferentes povos da região, com base em aspectos da geomorfologia, da biogeografia e da climatologia', Null, Null, 'Diversidade ambiental e as transformações nas paisagens na América Latina', 'Natureza, ambientes e qualidade de vida');
insert into habilidade (id, id_componente, codigo, bncc, ativo, descricao, campo_atuacao, pratica_liguagem, objeto_conhecimento, unidade_tematica) values (1072, 10, 'EF08GE24', true, true, 'Analisar as principais características produtivas dos países latino-americanos (como exploração mineral na Venezuela; agricultura de alta especialização e exploração mineira no Chile; circuito da carne nos pampas argentinos e no Brasil; circuito da cana-de-açúcar em Cuba; polígono industrial do sudeste brasileiro e plantações de soja no centro-oeste; maquiladoras mexicanas, entre outros)', Null, Null, 'Diversidade ambiental e as transformações nas paisagens na América Latina', 'Natureza, ambientes e qualidade de vida');
insert into habilidade (id, id_componente, codigo, bncc, ativo, descricao, campo_atuacao, pratica_liguagem, objeto_conhecimento, unidade_tematica) values (1073, 10, 'EF09GE01', true, true, 'Analisar criticamente de que forma a hegemonia europeia foi exercida em várias regiões do planeta, notadamente em situações de conflito, intervenções militares e/ou influência cultural em diferentes tempos e lugares', Null, Null, 'A hegemonia europeia na economia, na política e na cultura', 'O sujeito e seu lugar no mundo');
insert into habilidade (id, id_componente, codigo, bncc, ativo, descricao, campo_atuacao, pratica_liguagem, objeto_conhecimento, unidade_tematica) values (1074, 10, 'EF09GE02', true, true, 'Analisar a atuação das corporações internacionais e das organizações econômicas mundiais na vida da população em relação ao consumo, à cultura e à mobilidade', Null, Null, 'Corporações e organismos internacionais', 'O sujeito e seu lugar no mundo');
insert into habilidade (id, id_componente, codigo, bncc, ativo, descricao, campo_atuacao, pratica_liguagem, objeto_conhecimento, unidade_tematica) values (1075, 10, 'EF09GE03', true, true, 'Identificar diferentes manifestações culturais de minorias étnicas como forma de compreender a multiplicidade cultural na escala mundial, defendendo o princípio do respeito às diferenças', Null, Null, 'As manifestações culturais na formação populacional', 'O sujeito e seu lugar no mundo');
insert into habilidade (id, id_componente, codigo, bncc, ativo, descricao, campo_atuacao, pratica_liguagem, objeto_conhecimento, unidade_tematica) values (1076, 10, 'EF09GE04', true, true, 'Relacionar diferenças de paisagens aos modos de viver de diferentes povos na Europa, Ásia e Oceania, valorizando identidades e interculturalidades regionais', Null, Null, 'As manifestações culturais na formação populacional', 'O sujeito e seu lugar no mundo');
insert into habilidade (id, id_componente, codigo, bncc, ativo, descricao, campo_atuacao, pratica_liguagem, objeto_conhecimento, unidade_tematica) values (1077, 10, 'EF09GE05', true, true, 'Analisar fatos e situações para compreender a integração mundial (econômica, política e cultural), comparando as diferentes interpretações: globalização e mundialização', Null, Null, 'Integração mundial e suas interpretações: globalização e mundialização', 'Conexões e escalas');
insert into habilidade (id, id_componente, codigo, bncc, ativo, descricao, campo_atuacao, pratica_liguagem, objeto_conhecimento, unidade_tematica) values (1078, 10, 'EF09GE06', true, true, 'Associar o critério de divisão do mundo em Ocidente e Oriente com o Sistema Colonial implantado pelas potências europeias', Null, Null, 'A divisão do mundo em Ocidente e Oriente', 'Conexões e escalas');
insert into habilidade (id, id_componente, codigo, bncc, ativo, descricao, campo_atuacao, pratica_liguagem, objeto_conhecimento, unidade_tematica) values (1079, 10, 'EF09GE07', true, true, 'Analisar os componentes físico-naturais da Eurásia e os determinantes histórico-geográficos de sua divisão em Europa e Ásia', Null, Null, 'Intercâmbios históricos e culturais entre Europa, Ásia e Oceania', 'Conexões e escalas');
insert into habilidade (id, id_componente, codigo, bncc, ativo, descricao, campo_atuacao, pratica_liguagem, objeto_conhecimento, unidade_tematica) values (1080, 10, 'EF09GE08', true, true, 'Analisar transformações territoriais, considerando o movimento de fronteiras, tensões, conflitos e múltiplas regionalidades na Europa, na Ásia e na Oceania', Null, Null, 'Intercâmbios históricos e culturais entre Europa, Ásia e Oceania', 'Conexões e escalas');
insert into habilidade (id, id_componente, codigo, bncc, ativo, descricao, campo_atuacao, pratica_liguagem, objeto_conhecimento, unidade_tematica) values (1081, 10, 'EF09GE09', true, true, 'Analisar características de países e grupos de países europeus, asiáticos e da Oceania em seus aspectos populacionais, urbanos, políticos e econômicos, e discutir suas desigualdades sociais e econômicas e pressões sobre seus ambientes físico-naturais', Null, Null, 'Intercâmbios históricos e culturais entre Europa, Ásia e Oceania', 'Conexões e escalas');
insert into habilidade (id, id_componente, codigo, bncc, ativo, descricao, campo_atuacao, pratica_liguagem, objeto_conhecimento, unidade_tematica) values (1082, 10, 'EF09GE10', true, true, 'Analisar os impactos do processo de industrialização na produção e circulação de produtos e culturas na Europa, na Ásia e na Oceania', Null, Null, 'Transformações do espaço na sociedade urbano-industrial', 'Mundo do trabalho');
insert into habilidade (id, id_componente, codigo, bncc, ativo, descricao, campo_atuacao, pratica_liguagem, objeto_conhecimento, unidade_tematica) values (1083, 10, 'EF09GE11', true, true, 'Relacionar as mudanças técnicas e científicas decorrentes do processo de industrialização com as transformações no trabalho em diferentes regiões do mundo e suas consequências no Brasil', Null, Null, 'Transformações do espaço na sociedade urbano-industrial', 'Mundo do trabalho');
insert into habilidade (id, id_componente, codigo, bncc, ativo, descricao, campo_atuacao, pratica_liguagem, objeto_conhecimento, unidade_tematica) values (1084, 10, 'EF09GE12', true, true, 'Relacionar o processo de urbanização às transformações da produção agropecuária, à expansão do desemprego estrutural e ao papel crescente do capital financeiro em diferentes países, com destaque para o Brasil', Null, Null, 'Cadeias industriais e inovação no uso dos recursos naturais e matérias-primas', 'Mundo do trabalho');
insert into habilidade (id, id_componente, codigo, bncc, ativo, descricao, campo_atuacao, pratica_liguagem, objeto_conhecimento, unidade_tematica) values (1085, 10, 'EF09GE13', true, true, 'Analisar a importância da produção agropecuária na sociedade urbano-industrial ante o problema da desigualdade mundial de acesso aos recursos alimentares e à matéria-prima', Null, Null, 'Cadeias industriais e inovação no uso dos recursos naturais e matérias-primas', 'Mundo do trabalho');
insert into habilidade (id, id_componente, codigo, bncc, ativo, descricao, campo_atuacao, pratica_liguagem, objeto_conhecimento, unidade_tematica) values (1086, 10, 'EF09GE14', true, true, 'Elaborar e interpretar gráficos de barras e de setores, mapas temáticos e esquemáticos (croquis) e anamorfoses geográficas para analisar, sintetizar e apresentar dados e informações sobre diversidade, diferenças e desigualdades sociopolíticas e geopolíticas mundiais', Null, Null, 'Leitura e elaboração de mapas temáticos, croquis e outras formas de representação para analisar informações geográficas', 'Formas de representação e pensamento espacial');
insert into habilidade (id, id_componente, codigo, bncc, ativo, descricao, campo_atuacao, pratica_liguagem, objeto_conhecimento, unidade_tematica) values (1087, 10, 'EF09GE15', true, true, 'Comparar e classificar diferentes regiões do mundo com base em informações populacionais, econômicas e socioambientais representadas em mapas temáticos e com diferentes projeções cartográficas', Null, Null, 'Leitura e elaboração de mapas temáticos, croquis e outras formas de representação para analisar informações geográficas', 'Formas de representação e pensamento espacial');
insert into habilidade (id, id_componente, codigo, bncc, ativo, descricao, campo_atuacao, pratica_liguagem, objeto_conhecimento, unidade_tematica) values (1088, 10, 'EF09GE16', true, true, 'Identificar e comparar diferentes domínios morfoclimáticos da Europa, da Ásia e da Oceania', Null, Null, 'Diversidade ambiental e as transformações nas paisagens na Europa, na Ásia e na Oceania', 'Natureza, ambientes e qualidade de vida');
insert into habilidade (id, id_componente, codigo, bncc, ativo, descricao, campo_atuacao, pratica_liguagem, objeto_conhecimento, unidade_tematica) values (1089, 10, 'EF09GE17', true, true, 'Explicar as características físico-naturais e a forma de ocupação e usos da terra em diferentes regiões da Europa, da Ásia e da Oceania', Null, Null, 'Diversidade ambiental e as transformações nas paisagens na Europa, na Ásia e na Oceania', 'Natureza, ambientes e qualidade de vida');
insert into habilidade (id, id_componente, codigo, bncc, ativo, descricao, campo_atuacao, pratica_liguagem, objeto_conhecimento, unidade_tematica) values (1090, 10, 'EF09GE18', true, true, 'Identificar e analisar as cadeias industriais e de inovação e as consequências dos usos de recursos naturais e das diferentes fontes de energia (tais como termoelétrica, hidrelétrica, eólica e nuclear) em diferentes países', Null, Null, 'Diversidade ambiental e as transformações nas paisagens na Europa, na Ásia e na Oceania', 'Natureza, ambientes e qualidade de vida');

insert into habilidade_faixa_ano (id_habilidade, id_faixa_ano) values (968, 4);
insert into habilidade_faixa_ano (id_habilidade, id_faixa_ano) values (969, 4);
insert into habilidade_faixa_ano (id_habilidade, id_faixa_ano) values (970, 4);
insert into habilidade_faixa_ano (id_habilidade, id_faixa_ano) values (971, 4);
insert into habilidade_faixa_ano (id_habilidade, id_faixa_ano) values (972, 4);
insert into habilidade_faixa_ano (id_habilidade, id_faixa_ano) values (973, 4);
insert into habilidade_faixa_ano (id_habilidade, id_faixa_ano) values (974, 4);
insert into habilidade_faixa_ano (id_habilidade, id_faixa_ano) values (975, 4);
insert into habilidade_faixa_ano (id_habilidade, id_faixa_ano) values (976, 4);
insert into habilidade_faixa_ano (id_habilidade, id_faixa_ano) values (977, 4);
insert into habilidade_faixa_ano (id_habilidade, id_faixa_ano) values (978, 4);
insert into habilidade_faixa_ano (id_habilidade, id_faixa_ano) values (979, 5);
insert into habilidade_faixa_ano (id_habilidade, id_faixa_ano) values (980, 5);
insert into habilidade_faixa_ano (id_habilidade, id_faixa_ano) values (981, 5);
insert into habilidade_faixa_ano (id_habilidade, id_faixa_ano) values (982, 5);
insert into habilidade_faixa_ano (id_habilidade, id_faixa_ano) values (983, 5);
insert into habilidade_faixa_ano (id_habilidade, id_faixa_ano) values (984, 5);
insert into habilidade_faixa_ano (id_habilidade, id_faixa_ano) values (985, 5);
insert into habilidade_faixa_ano (id_habilidade, id_faixa_ano) values (986, 5);
insert into habilidade_faixa_ano (id_habilidade, id_faixa_ano) values (987, 5);
insert into habilidade_faixa_ano (id_habilidade, id_faixa_ano) values (988, 5);
insert into habilidade_faixa_ano (id_habilidade, id_faixa_ano) values (989, 5);
insert into habilidade_faixa_ano (id_habilidade, id_faixa_ano) values (990, 6);
insert into habilidade_faixa_ano (id_habilidade, id_faixa_ano) values (991, 6);
insert into habilidade_faixa_ano (id_habilidade, id_faixa_ano) values (992, 6);
insert into habilidade_faixa_ano (id_habilidade, id_faixa_ano) values (993, 6);
insert into habilidade_faixa_ano (id_habilidade, id_faixa_ano) values (994, 6);
insert into habilidade_faixa_ano (id_habilidade, id_faixa_ano) values (995, 6);
insert into habilidade_faixa_ano (id_habilidade, id_faixa_ano) values (996, 6);
insert into habilidade_faixa_ano (id_habilidade, id_faixa_ano) values (997, 6);
insert into habilidade_faixa_ano (id_habilidade, id_faixa_ano) values (998, 6);
insert into habilidade_faixa_ano (id_habilidade, id_faixa_ano) values (999, 6);
insert into habilidade_faixa_ano (id_habilidade, id_faixa_ano) values (1000, 6);
insert into habilidade_faixa_ano (id_habilidade, id_faixa_ano) values (1001, 7);
insert into habilidade_faixa_ano (id_habilidade, id_faixa_ano) values (1002, 7);
insert into habilidade_faixa_ano (id_habilidade, id_faixa_ano) values (1003, 7);
insert into habilidade_faixa_ano (id_habilidade, id_faixa_ano) values (1004, 7);
insert into habilidade_faixa_ano (id_habilidade, id_faixa_ano) values (1005, 7);
insert into habilidade_faixa_ano (id_habilidade, id_faixa_ano) values (1006, 7);
insert into habilidade_faixa_ano (id_habilidade, id_faixa_ano) values (1007, 7);
insert into habilidade_faixa_ano (id_habilidade, id_faixa_ano) values (1008, 7);
insert into habilidade_faixa_ano (id_habilidade, id_faixa_ano) values (1009, 7);
insert into habilidade_faixa_ano (id_habilidade, id_faixa_ano) values (1010, 7);
insert into habilidade_faixa_ano (id_habilidade, id_faixa_ano) values (1011, 7);
insert into habilidade_faixa_ano (id_habilidade, id_faixa_ano) values (1012, 8);
insert into habilidade_faixa_ano (id_habilidade, id_faixa_ano) values (1013, 8);
insert into habilidade_faixa_ano (id_habilidade, id_faixa_ano) values (1014, 8);
insert into habilidade_faixa_ano (id_habilidade, id_faixa_ano) values (1015, 8);
insert into habilidade_faixa_ano (id_habilidade, id_faixa_ano) values (1016, 8);
insert into habilidade_faixa_ano (id_habilidade, id_faixa_ano) values (1017, 8);
insert into habilidade_faixa_ano (id_habilidade, id_faixa_ano) values (1018, 8);
insert into habilidade_faixa_ano (id_habilidade, id_faixa_ano) values (1019, 8);
insert into habilidade_faixa_ano (id_habilidade, id_faixa_ano) values (1020, 8);
insert into habilidade_faixa_ano (id_habilidade, id_faixa_ano) values (1021, 8);
insert into habilidade_faixa_ano (id_habilidade, id_faixa_ano) values (1022, 8);
insert into habilidade_faixa_ano (id_habilidade, id_faixa_ano) values (1023, 8);
insert into habilidade_faixa_ano (id_habilidade, id_faixa_ano) values (1024, 9);
insert into habilidade_faixa_ano (id_habilidade, id_faixa_ano) values (1025, 9);
insert into habilidade_faixa_ano (id_habilidade, id_faixa_ano) values (1026, 9);
insert into habilidade_faixa_ano (id_habilidade, id_faixa_ano) values (1027, 9);
insert into habilidade_faixa_ano (id_habilidade, id_faixa_ano) values (1028, 9);
insert into habilidade_faixa_ano (id_habilidade, id_faixa_ano) values (1029, 9);
insert into habilidade_faixa_ano (id_habilidade, id_faixa_ano) values (1030, 9);
insert into habilidade_faixa_ano (id_habilidade, id_faixa_ano) values (1031, 9);
insert into habilidade_faixa_ano (id_habilidade, id_faixa_ano) values (1032, 9);
insert into habilidade_faixa_ano (id_habilidade, id_faixa_ano) values (1033, 9);
insert into habilidade_faixa_ano (id_habilidade, id_faixa_ano) values (1034, 9);
insert into habilidade_faixa_ano (id_habilidade, id_faixa_ano) values (1035, 9);
insert into habilidade_faixa_ano (id_habilidade, id_faixa_ano) values (1036, 9);
insert into habilidade_faixa_ano (id_habilidade, id_faixa_ano) values (1037, 10);
insert into habilidade_faixa_ano (id_habilidade, id_faixa_ano) values (1038, 10);
insert into habilidade_faixa_ano (id_habilidade, id_faixa_ano) values (1039, 10);
insert into habilidade_faixa_ano (id_habilidade, id_faixa_ano) values (1040, 10);
insert into habilidade_faixa_ano (id_habilidade, id_faixa_ano) values (1041, 10);
insert into habilidade_faixa_ano (id_habilidade, id_faixa_ano) values (1042, 10);
insert into habilidade_faixa_ano (id_habilidade, id_faixa_ano) values (1043, 10);
insert into habilidade_faixa_ano (id_habilidade, id_faixa_ano) values (1044, 10);
insert into habilidade_faixa_ano (id_habilidade, id_faixa_ano) values (1045, 10);
insert into habilidade_faixa_ano (id_habilidade, id_faixa_ano) values (1046, 10);
insert into habilidade_faixa_ano (id_habilidade, id_faixa_ano) values (1047, 10);
insert into habilidade_faixa_ano (id_habilidade, id_faixa_ano) values (1048, 10);
insert into habilidade_faixa_ano (id_habilidade, id_faixa_ano) values (1049, 11);
insert into habilidade_faixa_ano (id_habilidade, id_faixa_ano) values (1050, 11);
insert into habilidade_faixa_ano (id_habilidade, id_faixa_ano) values (1051, 11);
insert into habilidade_faixa_ano (id_habilidade, id_faixa_ano) values (1052, 11);
insert into habilidade_faixa_ano (id_habilidade, id_faixa_ano) values (1053, 11);
insert into habilidade_faixa_ano (id_habilidade, id_faixa_ano) values (1054, 11);
insert into habilidade_faixa_ano (id_habilidade, id_faixa_ano) values (1055, 11);
insert into habilidade_faixa_ano (id_habilidade, id_faixa_ano) values (1056, 11);
insert into habilidade_faixa_ano (id_habilidade, id_faixa_ano) values (1057, 11);
insert into habilidade_faixa_ano (id_habilidade, id_faixa_ano) values (1058, 11);
insert into habilidade_faixa_ano (id_habilidade, id_faixa_ano) values (1059, 11);
insert into habilidade_faixa_ano (id_habilidade, id_faixa_ano) values (1060, 11);
insert into habilidade_faixa_ano (id_habilidade, id_faixa_ano) values (1061, 11);
insert into habilidade_faixa_ano (id_habilidade, id_faixa_ano) values (1062, 11);
insert into habilidade_faixa_ano (id_habilidade, id_faixa_ano) values (1063, 11);
insert into habilidade_faixa_ano (id_habilidade, id_faixa_ano) values (1064, 11);
insert into habilidade_faixa_ano (id_habilidade, id_faixa_ano) values (1065, 11);
insert into habilidade_faixa_ano (id_habilidade, id_faixa_ano) values (1066, 11);
insert into habilidade_faixa_ano (id_habilidade, id_faixa_ano) values (1067, 11);
insert into habilidade_faixa_ano (id_habilidade, id_faixa_ano) values (1068, 11);
insert into habilidade_faixa_ano (id_habilidade, id_faixa_ano) values (1069, 11);
insert into habilidade_faixa_ano (id_habilidade, id_faixa_ano) values (1070, 11);
insert into habilidade_faixa_ano (id_habilidade, id_faixa_ano) values (1071, 11);
insert into habilidade_faixa_ano (id_habilidade, id_faixa_ano) values (1072, 11);
insert into habilidade_faixa_ano (id_habilidade, id_faixa_ano) values (1073, 12);
insert into habilidade_faixa_ano (id_habilidade, id_faixa_ano) values (1074, 12);
insert into habilidade_faixa_ano (id_habilidade, id_faixa_ano) values (1075, 12);
insert into habilidade_faixa_ano (id_habilidade, id_faixa_ano) values (1076, 12);
insert into habilidade_faixa_ano (id_habilidade, id_faixa_ano) values (1077, 12);
insert into habilidade_faixa_ano (id_habilidade, id_faixa_ano) values (1078, 12);
insert into habilidade_faixa_ano (id_habilidade, id_faixa_ano) values (1079, 12);
insert into habilidade_faixa_ano (id_habilidade, id_faixa_ano) values (1080, 12);
insert into habilidade_faixa_ano (id_habilidade, id_faixa_ano) values (1081, 12);
insert into habilidade_faixa_ano (id_habilidade, id_faixa_ano) values (1082, 12);
insert into habilidade_faixa_ano (id_habilidade, id_faixa_ano) values (1083, 12);
insert into habilidade_faixa_ano (id_habilidade, id_faixa_ano) values (1084, 12);
insert into habilidade_faixa_ano (id_habilidade, id_faixa_ano) values (1085, 12);
insert into habilidade_faixa_ano (id_habilidade, id_faixa_ano) values (1086, 12);
insert into habilidade_faixa_ano (id_habilidade, id_faixa_ano) values (1087, 12);
insert into habilidade_faixa_ano (id_habilidade, id_faixa_ano) values (1088, 12);
insert into habilidade_faixa_ano (id_habilidade, id_faixa_ano) values (1089, 12);
insert into habilidade_faixa_ano (id_habilidade, id_faixa_ano) values (1090, 12);


insert into habilidade (id, id_componente, codigo, bncc, ativo, descricao, campo_atuacao, pratica_liguagem, objeto_conhecimento, unidade_tematica) values (1091, 11, 'EF01HI01', true, true, 'Identificar aspectos do seu crescimento por meio do registro das lembranças particulares ou de lembranças dos membros de sua família e/ou de sua comunidade', Null, Null, 'As fases da vida e a ideia de temporalidade (passado, presente, futuro)', 'Mundo pessoal: meu lugar no mundo');
insert into habilidade (id, id_componente, codigo, bncc, ativo, descricao, campo_atuacao, pratica_liguagem, objeto_conhecimento, unidade_tematica) values (1092, 11, 'EF01HI02', true, true, 'Identificar a relação entre as suas histórias e as histórias de sua família e de sua comunidade', Null, Null, 'As diferentes formas de organização da família e da comunidade: os vínculos pessoais e as relações de amizade', 'Mundo pessoal: meu lugar no mundo');
insert into habilidade (id, id_componente, codigo, bncc, ativo, descricao, campo_atuacao, pratica_liguagem, objeto_conhecimento, unidade_tematica) values (1093, 11, 'EF01HI03', true, true, 'Descrever e distinguir os seus papéis e responsabilidades relacionados à família, à escola e à comunidade', Null, Null, 'As diferentes formas de organização da família e da comunidade: os vínculos pessoais e as relações de amizade', 'Mundo pessoal: meu lugar no mundo');
insert into habilidade (id, id_componente, codigo, bncc, ativo, descricao, campo_atuacao, pratica_liguagem, objeto_conhecimento, unidade_tematica) values (1094, 11, 'EF01HI04', true, true, 'Identificar as diferenças entre os variados ambientes em que vive (doméstico, escolar e da comunidade), reconhecendo as especificidades dos hábitos e das regras que os regem', Null, Null, 'A escola e a diversidade do grupo social envolvido', 'Mundo pessoal: meu lugar no mundo');
insert into habilidade (id, id_componente, codigo, bncc, ativo, descricao, campo_atuacao, pratica_liguagem, objeto_conhecimento, unidade_tematica) values (1095, 11, 'EF01HI05', true, true, 'Identificar semelhanças e diferenças entre jogos e brincadeiras atuais e de outras épocas e lugares', Null, Null, 'A vida em casa, a vida na escola e formas de representação social e espacial: os jogos e brincadeiras como forma de interação social e espacial', 'Mundo pessoal: eu, meu grupo social e meu tempo');
insert into habilidade (id, id_componente, codigo, bncc, ativo, descricao, campo_atuacao, pratica_liguagem, objeto_conhecimento, unidade_tematica) values (1096, 11, 'EF01HI06', true, true, 'Conhecer as histórias da família e da escola e identificar o papel desempenhado por diferentes sujeitos em diferentes espaços', Null, Null, 'A vida em família: diferentes configurações e vínculos', 'Mundo pessoal: eu, meu grupo social e meu tempo');
insert into habilidade (id, id_componente, codigo, bncc, ativo, descricao, campo_atuacao, pratica_liguagem, objeto_conhecimento, unidade_tematica) values (1097, 11, 'EF01HI07', true, true, 'Identificar mudanças e permanências nas formas de organização familiar', Null, Null, 'A vida em família: diferentes configurações e vínculos', 'Mundo pessoal: eu, meu grupo social e meu tempo');
insert into habilidade (id, id_componente, codigo, bncc, ativo, descricao, campo_atuacao, pratica_liguagem, objeto_conhecimento, unidade_tematica) values (1098, 11, 'EF01HI08', true, true, 'Reconhecer o significado das comemorações e festas escolares, diferenciando-as das datas festivas comemoradas no âmbito familiar ou da comunidade', Null, Null, 'A escola, sua representação espacial, sua história e seu papel na comunidade', 'Mundo pessoal: eu, meu grupo social e meu tempo');
insert into habilidade (id, id_componente, codigo, bncc, ativo, descricao, campo_atuacao, pratica_liguagem, objeto_conhecimento, unidade_tematica) values (1099, 11, 'EF02HI01', true, true, 'Reconhecer espaços de sociabilidade e identificar os motivos que aproximam e separam as pessoas em diferentes grupos sociais ou de parentesco', Null, Null, 'A noção do “Eu” e do “Outro”: comunidade, convivências e interações entre pessoas', 'A comunidade e seus registros');
insert into habilidade (id, id_componente, codigo, bncc, ativo, descricao, campo_atuacao, pratica_liguagem, objeto_conhecimento, unidade_tematica) values (1100, 11, 'EF02HI02', true, true, 'Identificar e descrever práticas e papéis sociais que as pessoas exercem em diferentes comunidades', Null, Null, 'A noção do “Eu” e do “Outro”: comunidade, convivências e interações entre pessoas', 'A comunidade e seus registros');
insert into habilidade (id, id_componente, codigo, bncc, ativo, descricao, campo_atuacao, pratica_liguagem, objeto_conhecimento, unidade_tematica) values (1101, 11, 'EF02HI03', true, true, 'Selecionar situações cotidianas que remetam à percepção de mudança, pertencimento e memória', Null, Null, 'A noção do “Eu” e do “Outro”: comunidade, convivências e interações entre pessoas', 'A comunidade e seus registros');
insert into habilidade (id, id_componente, codigo, bncc, ativo, descricao, campo_atuacao, pratica_liguagem, objeto_conhecimento, unidade_tematica) values (1102, 11, 'EF02HI04', true, true, 'Selecionar e compreender o significado de objetos e documentos pessoais como fontes de memórias e histórias nos âmbitos pessoal, familiar, escolar e comunitário', Null, Null, 'A noção do “Eu” e do “Outro”: registros de experiências pessoais e da comunidade no tempo e no espaço', 'A comunidade e seus registros');
insert into habilidade (id, id_componente, codigo, bncc, ativo, descricao, campo_atuacao, pratica_liguagem, objeto_conhecimento, unidade_tematica) values (1103, 11, 'EF02HI05', true, true, 'Selecionar objetos e documentos pessoais e de grupos próximos ao seu convívio e compreender sua função, seu uso e seu significado', Null, Null, 'Formas de registrar e narrar histórias (marcos de memória materiais e imateriais)', 'A comunidade e seus registros');
insert into habilidade (id, id_componente, codigo, bncc, ativo, descricao, campo_atuacao, pratica_liguagem, objeto_conhecimento, unidade_tematica) values (1104, 11, 'EF02HI06', true, true, 'Identificar e organizar, temporalmente, fatos da vida cotidiana, usando noções relacionadas ao tempo (antes, durante, ao mesmo tempo e depois)', Null, Null, 'O tempo como medida', 'A comunidade e seus registros');
insert into habilidade (id, id_componente, codigo, bncc, ativo, descricao, campo_atuacao, pratica_liguagem, objeto_conhecimento, unidade_tematica) values (1105, 11, 'EF02HI07', true, true, 'Identificar e utilizar diferentes marcadores do tempo presentes na comunidade, como relógio e calendário', Null, Null, 'O tempo como medida', 'A comunidade e seus registros');
insert into habilidade (id, id_componente, codigo, bncc, ativo, descricao, campo_atuacao, pratica_liguagem, objeto_conhecimento, unidade_tematica) values (1106, 11, 'EF02HI08', true, true, 'Compilar histórias da família e/ou da comunidade registradas em diferentes fontes', Null, Null, 'As fontes: relatos orais, objetos, imagens (pinturas, fotografias, vídeos), músicas, escrita, tecnologias digitais de informação e comunicação e inscrições nas paredes, ruas e espaços sociais', 'As formas de registrar as experiências da comunidade');
insert into habilidade (id, id_componente, codigo, bncc, ativo, descricao, campo_atuacao, pratica_liguagem, objeto_conhecimento, unidade_tematica) values (1107, 11, 'EF02HI09', true, true, 'Identificar objetos e documentos pessoais que remetam à própria experiência no âmbito da família e/ou da comunidade, discutindo as razões pelas quais alguns objetos são preservados e outros são descartados', Null, Null, 'As fontes: relatos orais, objetos, imagens (pinturas, fotografias, vídeos), músicas, escrita, tecnologias digitais de informação e comunicação e inscrições nas paredes, ruas e espaços sociais', 'As formas de registrar as experiências da comunidade');
insert into habilidade (id, id_componente, codigo, bncc, ativo, descricao, campo_atuacao, pratica_liguagem, objeto_conhecimento, unidade_tematica) values (1108, 11, 'EF02HI10', true, true, 'Identificar diferentes formas de trabalho existentes na comunidade em que vive, seus significados, suas especificidades e importância', Null, Null, 'A sobrevivência e a relação com a natureza', 'O trabalho e a sustentabilidade na comunidade');
insert into habilidade (id, id_componente, codigo, bncc, ativo, descricao, campo_atuacao, pratica_liguagem, objeto_conhecimento, unidade_tematica) values (1109, 11, 'EF02HI11', true, true, 'Identificar impactos no ambiente causados pelas diferentes formas de trabalho existentes na comunidade em que vive', Null, Null, 'A sobrevivência e a relação com a natureza', 'O trabalho e a sustentabilidade na comunidade');
insert into habilidade (id, id_componente, codigo, bncc, ativo, descricao, campo_atuacao, pratica_liguagem, objeto_conhecimento, unidade_tematica) values (1110, 11, 'EF03HI01', true, true, 'Identificar os grupos populacionais que formam a cidade, o município e a região, as relações estabelecidas entre eles e os eventos que marcam a formação da cidade, como fenômenos migratórios (vida rural/vida urbana), desmatamentos, estabelecimento de grandes empresas etc', Null, Null, 'O “Eu”, o “Outro” e os diferentes grupos sociais e étnicos que compõem a cidade e os municípios: os desafios sociais, culturais e ambientais do lugar onde vive', 'As pessoas e os grupos que compõem a cidade e o município');
insert into habilidade (id, id_componente, codigo, bncc, ativo, descricao, campo_atuacao, pratica_liguagem, objeto_conhecimento, unidade_tematica) values (1111, 11, 'EF03HI02', true, true, 'Selecionar, por meio da consulta de fontes de diferentes naturezas, e registrar acontecimentos ocorridos ao longo do tempo na cidade ou região em que vive', Null, Null, 'O “Eu”, o “Outro” e os diferentes grupos sociais e étnicos que compõem a cidade e os municípios: os desafios sociais, culturais e ambientais do lugar onde vive', 'As pessoas e os grupos que compõem a cidade e o município');
insert into habilidade (id, id_componente, codigo, bncc, ativo, descricao, campo_atuacao, pratica_liguagem, objeto_conhecimento, unidade_tematica) values (1112, 11, 'EF03HI03', true, true, 'Identificar e comparar pontos de vista em relação a eventos significativos do local em que vive, aspectos relacionados a condições sociais e à presença de diferentes grupos sociais e culturais, com especial destaque para as culturas africanas, indígenas e de migrantes', Null, Null, 'O “Eu”, o “Outro” e os diferentes grupos sociais e étnicos que compõem a cidade e os municípios: os desafios sociais, culturais e ambientais do lugar onde vive', 'As pessoas e os grupos que compõem a cidade e o município');
insert into habilidade (id, id_componente, codigo, bncc, ativo, descricao, campo_atuacao, pratica_liguagem, objeto_conhecimento, unidade_tematica) values (1113, 11, 'EF03HI04', true, true, 'Identificar os patrimônios históricos e culturais de sua cidade ou região e discutir as razões culturais, sociais e políticas para que assim sejam considerados', Null, Null, 'Os patrimônios históricos e culturais da cidade e/ou do município em que vive', 'As pessoas e os grupos que compõem a cidade e o município');
insert into habilidade (id, id_componente, codigo, bncc, ativo, descricao, campo_atuacao, pratica_liguagem, objeto_conhecimento, unidade_tematica) values (1114, 11, 'EF03HI05', true, true, 'Identificar os marcos históricos do lugar em que vive e compreender seus significados', Null, Null, 'A produção dos marcos da memória: os lugares de memória (ruas, praças, escolas, monumentos, museus etc.)', 'O lugar em que vive');
insert into habilidade (id, id_componente, codigo, bncc, ativo, descricao, campo_atuacao, pratica_liguagem, objeto_conhecimento, unidade_tematica) values (1115, 11, 'EF03HI06', true, true, 'Identificar os registros de memória na cidade (nomes de ruas, monumentos, edifícios etc), discutindo os critérios que explicam a escolha desses nomes', Null, Null, 'A produção dos marcos da memória: os lugares de memória (ruas, praças, escolas, monumentos, museus etc.)', 'O lugar em que vive');
insert into habilidade (id, id_componente, codigo, bncc, ativo, descricao, campo_atuacao, pratica_liguagem, objeto_conhecimento, unidade_tematica) values (1116, 11, 'EF03HI07', true, true, 'Identificar semelhanças e diferenças existentes entre comunidades de sua cidade ou região, e descrever o papel dos diferentes grupos sociais que as formam', Null, Null, 'A produção dos marcos da memória: formação cultural da população', 'O lugar em que vive');
insert into habilidade (id, id_componente, codigo, bncc, ativo, descricao, campo_atuacao, pratica_liguagem, objeto_conhecimento, unidade_tematica) values (1117, 11, 'EF03HI08', true, true, 'Identificar modos de vida na cidade e no campo no presente, comparando-os com os do passado', Null, Null, 'A produção dos marcos da memória: a cidade e o campo, aproximações e diferenças', 'O lugar em que vive');
insert into habilidade (id, id_componente, codigo, bncc, ativo, descricao, campo_atuacao, pratica_liguagem, objeto_conhecimento, unidade_tematica) values (1118, 11, 'EF03HI09', true, true, 'Mapear os espaços públicos no lugar em que vive (ruas, praças, escolas, hospitais, prédios da Prefeitura e da Câmara de Vereadores etc) e identificar suas funções', Null, Null, 'A cidade, seus espaços públicos e privados e suas áreas de conservação ambiental', 'A noção de espaço público e privado');
insert into habilidade (id, id_componente, codigo, bncc, ativo, descricao, campo_atuacao, pratica_liguagem, objeto_conhecimento, unidade_tematica) values (1119, 11, 'EF03HI10', true, true, 'Identificar as diferenças entre o espaço doméstico, os espaços públicos e as áreas de conservação ambiental, compreendendo a importância dessa distinção', Null, Null, 'A cidade, seus espaços públicos e privados e suas áreas de conservação ambiental', 'A noção de espaço público e privado');
insert into habilidade (id, id_componente, codigo, bncc, ativo, descricao, campo_atuacao, pratica_liguagem, objeto_conhecimento, unidade_tematica) values (1120, 11, 'EF03HI11', true, true, 'Identificar diferenças entre formas de trabalho realizadas na cidade e no campo, considerando também o uso da tecnologia nesses diferentes contextos', Null, Null, 'A cidade e suas atividades: trabalho, cultura e lazer', 'A noção de espaço público e privado');
insert into habilidade (id, id_componente, codigo, bncc, ativo, descricao, campo_atuacao, pratica_liguagem, objeto_conhecimento, unidade_tematica) values (1121, 11, 'EF03HI12', true, true, 'Comparar as relações de trabalho e lazer do presente com as de outros tempos e espaços, analisando mudanças e permanências', Null, Null, 'A cidade e suas atividades: trabalho, cultura e lazer', 'A noção de espaço público e privado');
insert into habilidade (id, id_componente, codigo, bncc, ativo, descricao, campo_atuacao, pratica_liguagem, objeto_conhecimento, unidade_tematica) values (1122, 11, 'EF04HI01', true, true, 'Reconhecer a história como resultado da ação do ser humano no tempo e no espaço, com base na identificação de mudanças e permanências ao longo do tempo', Null, Null, 'A ação das pessoas, grupos sociais e comunidades no tempo e no espaço: nomadismo, agricultura, escrita, navegações, indústria, entre outras', 'Transformações e permanências nas trajetórias dos grupos humanos');
insert into habilidade (id, id_componente, codigo, bncc, ativo, descricao, campo_atuacao, pratica_liguagem, objeto_conhecimento, unidade_tematica) values (1123, 11, 'EF04HI02', true, true, 'Identificar mudanças e permanências ao longo do tempo, discutindo os sentidos dos grandes marcos da história da humanidade (nomadismo, desenvolvimento da agricultura e do pastoreio, criação da indústria etc)', Null, Null, 'A ação das pessoas, grupos sociais e comunidades no tempo e no espaço: nomadismo, agricultura, escrita, navegações, indústria, entre outras', 'Transformações e permanências nas trajetórias dos grupos humanos');
insert into habilidade (id, id_componente, codigo, bncc, ativo, descricao, campo_atuacao, pratica_liguagem, objeto_conhecimento, unidade_tematica) values (1124, 11, 'EF04HI03', true, true, 'Identificar as transformações ocorridas na cidade ao longo do tempo e discutir suas interferências nos modos de vida de seus habitantes, tomando como ponto de partida o presente', Null, Null, 'O passado e o presente: a noção de permanência e as lentas transformações sociais e culturais', 'Transformações e permanências nas trajetórias dos grupos humanos');
insert into habilidade (id, id_componente, codigo, bncc, ativo, descricao, campo_atuacao, pratica_liguagem, objeto_conhecimento, unidade_tematica) values (1125, 11, 'EF04HI04', true, true, 'Identificar as relações entre os indivíduos e a natureza e discutir o significado do nomadismo e da fixação das primeiras comunidades humanas', Null, Null, 'A circulação de pessoas e as transformações no meio natural', 'Circulação de pessoas, produtos e culturas');
insert into habilidade (id, id_componente, codigo, bncc, ativo, descricao, campo_atuacao, pratica_liguagem, objeto_conhecimento, unidade_tematica) values (1126, 11, 'EF04HI05', true, true, 'Relacionar os processos de ocupação do campo a intervenções na natureza, avaliando os resultados dessas intervenções', Null, Null, 'A circulação de pessoas e as transformações no meio natural', 'Circulação de pessoas, produtos e culturas');
insert into habilidade (id, id_componente, codigo, bncc, ativo, descricao, campo_atuacao, pratica_liguagem, objeto_conhecimento, unidade_tematica) values (1127, 11, 'EF04HI06', true, true, 'Identificar as transformações ocorridas nos processos de deslocamento das pessoas e mercadorias, analisando as formas de adaptação ou marginalização', Null, Null, 'A invenção do comércio e a circulação de produtos', 'Circulação de pessoas, produtos e culturas');
insert into habilidade (id, id_componente, codigo, bncc, ativo, descricao, campo_atuacao, pratica_liguagem, objeto_conhecimento, unidade_tematica) values (1128, 11, 'EF04HI07', true, true, 'Identificar e descrever a importância dos caminhos terrestres, fluviais e marítimos para a dinâmica da vida comercial', Null, Null, 'As rotas terrestres, fluviais e marítimas e seus impactos para a formação de cidades e as transformações do meio natural', 'Circulação de pessoas, produtos e culturas');
insert into habilidade (id, id_componente, codigo, bncc, ativo, descricao, campo_atuacao, pratica_liguagem, objeto_conhecimento, unidade_tematica) values (1129, 11, 'EF04HI08', true, true, 'Identificar as transformações ocorridas nos meios de comunicação (cultura oral, imprensa, rádio, televisão, cinema, internet e demais tecnologias digitais de informação e comunicação) e discutir seus significados para os diferentes grupos ou estratos sociais', Null, Null, 'O mundo da tecnologia: a integração de pessoas e as exclusões sociais e culturais', 'Circulação de pessoas, produtos e culturas');
insert into habilidade (id, id_componente, codigo, bncc, ativo, descricao, campo_atuacao, pratica_liguagem, objeto_conhecimento, unidade_tematica) values (1130, 11, 'EF04HI09', true, true, 'Identificar as motivações dos processos migratórios em diferentes tempos e espaços e avaliar o papel desempenhado pela migração nas regiões de destino', Null, Null, 'O surgimento da espécie humana no continente africano e sua expansão pelo mundo', 'As questões históricas relativas às migrações');
insert into habilidade (id, id_componente, codigo, bncc, ativo, descricao, campo_atuacao, pratica_liguagem, objeto_conhecimento, unidade_tematica) values (1131, 11, 'EF04HI10', true, true, 'Analisar diferentes fluxos populacionais e suas contribuições para a formação da sociedade brasileira', Null, Null, 'Os processos migratórios para a formação do Brasil: os grupos indígenas, a presença portuguesa e a diáspora forçada dos africanos Os processos migratórios do final do século XIX e início do século XX no Brasil  As dinâmicas internas de migração no Brasil a partir dos anos 1960', 'As questões históricas relativas às migrações');
insert into habilidade (id, id_componente, codigo, bncc, ativo, descricao, campo_atuacao, pratica_liguagem, objeto_conhecimento, unidade_tematica) values (1132, 11, 'EF04HI11', true, true, 'Analisar, na sociedade em que vive, a existência ou não de mudanças associadas à migração (interna e internacional)', Null, Null, 'Os processos migratórios para a formação do Brasil: os grupos indígenas, a presença portuguesa e a diáspora forçada dos africanos Os processos migratórios do final do século XIX e início do século XX no Brasil  As dinâmicas internas de migração no Brasil a partir dos anos 1960', 'As questões históricas relativas às migrações');
insert into habilidade (id, id_componente, codigo, bncc, ativo, descricao, campo_atuacao, pratica_liguagem, objeto_conhecimento, unidade_tematica) values (1133, 11, 'EF05HI01', true, true, 'Identificar os processos de formação das culturas e dos povos, relacionando-os com o espaço geográfico ocupado', Null, Null, 'O que forma um povo: do nomadismo aos primeiros povos sedentarizados', 'Povos e culturas: meu lugar no mundo e meu grupo social');
insert into habilidade (id, id_componente, codigo, bncc, ativo, descricao, campo_atuacao, pratica_liguagem, objeto_conhecimento, unidade_tematica) values (1134, 11, 'EF05HI02', true, true, 'Identificar os mecanismos de organização do poder político com vistas à compreensão da ideia de Estado e/ou de outras formas de ordenação social', Null, Null, 'As formas de organização social e política: a noção de Estado', 'Povos e culturas: meu lugar no mundo e meu grupo social');
insert into habilidade (id, id_componente, codigo, bncc, ativo, descricao, campo_atuacao, pratica_liguagem, objeto_conhecimento, unidade_tematica) values (1135, 11, 'EF05HI03', true, true, 'Analisar o papel das culturas e das religiões na composição identitária dos povos antigos', Null, Null, 'O papel das religiões e da cultura para a formação dos povos antigos', 'Povos e culturas: meu lugar no mundo e meu grupo social');
insert into habilidade (id, id_componente, codigo, bncc, ativo, descricao, campo_atuacao, pratica_liguagem, objeto_conhecimento, unidade_tematica) values (1136, 11, 'EF05HI04', true, true, 'Associar a noção de cidadania com os princípios de respeito à diversidade, à pluralidade e aos direitos humanos', Null, Null, 'Cidadania, diversidade cultural e respeito às diferenças sociais, culturais e históricas', 'Povos e culturas: meu lugar no mundo e meu grupo social');
insert into habilidade (id, id_componente, codigo, bncc, ativo, descricao, campo_atuacao, pratica_liguagem, objeto_conhecimento, unidade_tematica) values (1137, 11, 'EF05HI05', true, true, 'Associar o conceito de cidadania à conquista de direitos dos povos e das sociedades, compreendendo-o como conquista histórica', Null, Null, 'Cidadania, diversidade cultural e respeito às diferenças sociais, culturais e históricas', 'Povos e culturas: meu lugar no mundo e meu grupo social');
insert into habilidade (id, id_componente, codigo, bncc, ativo, descricao, campo_atuacao, pratica_liguagem, objeto_conhecimento, unidade_tematica) values (1138, 11, 'EF05HI06', true, true, 'Comparar o uso de diferentes linguagens e tecnologias no processo de comunicação e avaliar os significados sociais, políticos e culturais atribuídos a elas', Null, Null, 'As tradições orais e a valorização da memória O surgimento da escrita e a noção de fonte para a transmissão de saberes, culturas e histórias', 'Registros da história: linguagens e culturas');
insert into habilidade (id, id_componente, codigo, bncc, ativo, descricao, campo_atuacao, pratica_liguagem, objeto_conhecimento, unidade_tematica) values (1139, 11, 'EF05HI07', true, true, 'Identificar os processos de produção, hierarquização e difusão dos marcos de memória e discutir a presença e/ou a ausência de diferentes grupos que compõem a sociedade na nomeação desses marcos de memória', Null, Null, 'As tradições orais e a valorização da memória O surgimento da escrita e a noção de fonte para a transmissão de saberes, culturas e histórias', 'Registros da história: linguagens e culturas');
insert into habilidade (id, id_componente, codigo, bncc, ativo, descricao, campo_atuacao, pratica_liguagem, objeto_conhecimento, unidade_tematica) values (1140, 11, 'EF05HI08', true, true, 'Identificar formas de marcação da passagem do tempo em distintas sociedades, incluindo os povos indígenas originários e os povos africanos', Null, Null, 'As tradições orais e a valorização da memória O surgimento da escrita e a noção de fonte para a transmissão de saberes, culturas e histórias', 'Registros da história: linguagens e culturas');
insert into habilidade (id, id_componente, codigo, bncc, ativo, descricao, campo_atuacao, pratica_liguagem, objeto_conhecimento, unidade_tematica) values (1141, 11, 'EF05HI09', true, true, 'Comparar pontos de vista sobre temas que impactam a vida cotidiana no tempo presente, por meio do acesso a diferentes fontes, incluindo orais', Null, Null, 'As tradições orais e a valorização da memória O surgimento da escrita e a noção de fonte para a transmissão de saberes, culturas e histórias', 'Registros da história: linguagens e culturas');
insert into habilidade (id, id_componente, codigo, bncc, ativo, descricao, campo_atuacao, pratica_liguagem, objeto_conhecimento, unidade_tematica) values (1142, 11, 'EF05HI10', true, true, 'Inventariar os patrimônios materiais e imateriais da humanidade e analisar mudanças e permanências desses patrimônios ao longo do tempo', Null, Null, 'Os patrimônios materiais e imateriais da humanidade', 'Registros da história: linguagens e culturas');
insert into habilidade (id, id_componente, codigo, bncc, ativo, descricao, campo_atuacao, pratica_liguagem, objeto_conhecimento, unidade_tematica) values (1143, 11, 'EF06HI01', true, true, 'Identificar diferentes formas de compreensão da noção de tempo e de periodização dos processos históricos (continuidades e rupturas)', Null, Null, 'A questão do tempo, sincronias e diacronias: reflexões sobre o sentido das cronologias', 'História: tempo, espaço e formas de registros');
insert into habilidade (id, id_componente, codigo, bncc, ativo, descricao, campo_atuacao, pratica_liguagem, objeto_conhecimento, unidade_tematica) values (1144, 11, 'EF06HI02', true, true, 'Identificar a gênese da produção do saber histórico e analisar o significado das fontes que originaram determinadas formas de registro em sociedades e épocas distintas', Null, Null, 'Formas de registro da história e da produção do conhecimento histórico', 'História: tempo, espaço e formas de registros');
insert into habilidade (id, id_componente, codigo, bncc, ativo, descricao, campo_atuacao, pratica_liguagem, objeto_conhecimento, unidade_tematica) values (1145, 11, 'EF06HI03', true, true, 'Identificar as hipóteses científicas sobre o surgimento da espécie humana e sua historicidade e analisar os significados dos mitos de fundação', Null, Null, 'As origens da humanidade, seus deslocamentos e os processos de sedentarização', 'História: tempo, espaço e formas de registros');
insert into habilidade (id, id_componente, codigo, bncc, ativo, descricao, campo_atuacao, pratica_liguagem, objeto_conhecimento, unidade_tematica) values (1146, 11, 'EF06HI04', true, true, 'Conhecer as teorias sobre a origem do homem americano', Null, Null, 'As origens da humanidade, seus deslocamentos e os processos de sedentarização', 'História: tempo, espaço e formas de registros');
insert into habilidade (id, id_componente, codigo, bncc, ativo, descricao, campo_atuacao, pratica_liguagem, objeto_conhecimento, unidade_tematica) values (1147, 11, 'EF06HI05', true, true, 'Descrever modificações da natureza e da paisagem realizadas por diferentes tipos de sociedade, com destaque para os povos indígenas originários e povos africanos, e discutir a natureza e a lógica das transformações ocorridas', Null, Null, 'As origens da humanidade, seus deslocamentos e os processos de sedentarização', 'História: tempo, espaço e formas de registros');
insert into habilidade (id, id_componente, codigo, bncc, ativo, descricao, campo_atuacao, pratica_liguagem, objeto_conhecimento, unidade_tematica) values (1148, 11, 'EF06HI06', true, true, 'Identificar geograficamente as rotas de povoamento no território americano', Null, Null, 'As origens da humanidade, seus deslocamentos e os processos de sedentarização', 'História: tempo, espaço e formas de registros');
insert into habilidade (id, id_componente, codigo, bncc, ativo, descricao, campo_atuacao, pratica_liguagem, objeto_conhecimento, unidade_tematica) values (1149, 11, 'EF06HI07', true, true, 'Identificar aspectos e formas de registro das sociedades antigas na África, no Oriente Médio e nas Américas, distinguindo alguns significados presentes na cultura material e na tradição oral dessas sociedades', Null, Null, 'Povos da Antiguidade na África (egípcios), no Oriente Médio (mesopotâmicos) e nas Américas (pré-colombianos) Os povos indígenas originários do atual território brasileiro e seus hábitos culturais e sociais', 'A invenção do mundo clássico e o contraponto com outras sociedades');
insert into habilidade (id, id_componente, codigo, bncc, ativo, descricao, campo_atuacao, pratica_liguagem, objeto_conhecimento, unidade_tematica) values (1150, 11, 'EF06HI08', true, true, 'Identificar os espaços territoriais ocupados e os aportes culturais, científicos, sociais e econômicos dos astecas, maias e incas e dos povos indígenas de diversas regiões brasileiras', Null, Null, 'Povos da Antiguidade na África (egípcios), no Oriente Médio (mesopotâmicos) e nas Américas (pré-colombianos) Os povos indígenas originários do atual território brasileiro e seus hábitos culturais e sociais', 'A invenção do mundo clássico e o contraponto com outras sociedades');
insert into habilidade (id, id_componente, codigo, bncc, ativo, descricao, campo_atuacao, pratica_liguagem, objeto_conhecimento, unidade_tematica) values (1151, 11, 'EF06HI09', true, true, 'Discutir o conceito de Antiguidade Clássica, seu alcance e limite na tradição ocidental, assim como os impactos sobre outras sociedades e culturas', Null, Null, 'O Ocidente Clássico: aspectos da cultura na Grécia e em Roma', 'A invenção do mundo clássico e o contraponto com outras sociedades');
insert into habilidade (id, id_componente, codigo, bncc, ativo, descricao, campo_atuacao, pratica_liguagem, objeto_conhecimento, unidade_tematica) values (1152, 11, 'EF06HI10', true, true, 'Explicar a formação da Grécia Antiga, com ênfase na formação da pólis e nas transformações políticas, sociais e culturais', Null, Null, 'As noções de cidadania e política na Grécia e em Roma • Domínios e expansão das culturas grega e romana • Significados do conceito de “império” e as lógicas de conquista, conflito e negociação dessa forma de organização política As diferentes formas de organização política na África: reinos, impérios, cidades-estados e sociedades linhageiras ou aldeias', 'Lógicas de organização política');
insert into habilidade (id, id_componente, codigo, bncc, ativo, descricao, campo_atuacao, pratica_liguagem, objeto_conhecimento, unidade_tematica) values (1153, 11, 'EF06HI11', true, true, 'Caracterizar o processo de formação da Roma Antiga e suas configurações sociais e políticas nos períodos monárquico e republicano', Null, Null, 'As noções de cidadania e política na Grécia e em Roma • Domínios e expansão das culturas grega e romana • Significados do conceito de “império” e as lógicas de conquista, conflito e negociação dessa forma de organização política As diferentes formas de organização política na África: reinos, impérios, cidades-estados e sociedades linhageiras ou aldeias', 'Lógicas de organização política');
insert into habilidade (id, id_componente, codigo, bncc, ativo, descricao, campo_atuacao, pratica_liguagem, objeto_conhecimento, unidade_tematica) values (1154, 11, 'EF06HI12', true, true, 'Associar o conceito de cidadania a dinâmicas de inclusão e exclusão na Grécia e Roma antigas', Null, Null, 'As noções de cidadania e política na Grécia e em Roma • Domínios e expansão das culturas grega e romana • Significados do conceito de “império” e as lógicas de conquista, conflito e negociação dessa forma de organização política As diferentes formas de organização política na África: reinos, impérios, cidades-estados e sociedades linhageiras ou aldeias', 'Lógicas de organização política');
insert into habilidade (id, id_componente, codigo, bncc, ativo, descricao, campo_atuacao, pratica_liguagem, objeto_conhecimento, unidade_tematica) values (1155, 11, 'EF06HI13', true, true, 'Conceituar “império” no mundo antigo, com vistas à análise das diferentes formas de equilíbrio e desequilíbrio entre as partes envolvidas', Null, Null, 'As noções de cidadania e política na Grécia e em Roma • Domínios e expansão das culturas grega e romana • Significados do conceito de “império” e as lógicas de conquista, conflito e negociação dessa forma de organização política As diferentes formas de organização política na África: reinos, impérios, cidades-estados e sociedades linhageiras ou aldeias', 'Lógicas de organização política');
insert into habilidade (id, id_componente, codigo, bncc, ativo, descricao, campo_atuacao, pratica_liguagem, objeto_conhecimento, unidade_tematica) values (1156, 11, 'EF06HI14', true, true, 'Identificar e analisar diferentes formas de contato, adaptação ou exclusão entre populações em diferentes tempos e espaços', Null, Null, 'A passagem do mundo antigo para o mundo medieval A fragmentação do poder político na Idade Média', 'Lógicas de organização política');
insert into habilidade (id, id_componente, codigo, bncc, ativo, descricao, campo_atuacao, pratica_liguagem, objeto_conhecimento, unidade_tematica) values (1157, 11, 'EF06HI15', true, true, 'Descrever as dinâmicas de circulação de pessoas, produtos e culturas no Mediterrâneo e seu significado', Null, Null, 'O Mediterrâneo como espaço de interação entre as sociedades da Europa, da África e do Oriente Médio', 'Lógicas de organização política');
insert into habilidade (id, id_componente, codigo, bncc, ativo, descricao, campo_atuacao, pratica_liguagem, objeto_conhecimento, unidade_tematica) values (1158, 11, 'EF06HI16', true, true, 'Caracterizar e comparar as dinâmicas de abastecimento e as formas de organização do trabalho e da vida social em diferentes sociedades e períodos, com destaque para as relações entre senhores e servos', Null, Null, 'Senhores e servos no mundo antigo e no medieval Escravidão e trabalho livre em diferentes temporalidades e espaços (Roma Antiga, Europa medieval e África) Lógicas comerciais na Antiguidade romana e no mundo medieval', 'Trabalho e formas de organização social e cultural');
insert into habilidade (id, id_componente, codigo, bncc, ativo, descricao, campo_atuacao, pratica_liguagem, objeto_conhecimento, unidade_tematica) values (1159, 11, 'EF06HI17', true, true, 'Diferenciar escravidão, servidão e trabalho livre no mundo antigo', Null, Null, 'Senhores e servos no mundo antigo e no medieval Escravidão e trabalho livre em diferentes temporalidades e espaços (Roma Antiga, Europa medieval e África) Lógicas comerciais na Antiguidade romana e no mundo medieval', 'Trabalho e formas de organização social e cultural');
insert into habilidade (id, id_componente, codigo, bncc, ativo, descricao, campo_atuacao, pratica_liguagem, objeto_conhecimento, unidade_tematica) values (1160, 11, 'EF06HI18', true, true, 'Analisar o papel da religião cristã na cultura e nos modos de organização social no período medieval', Null, Null, 'O papel da religião cristã, dos mosteiros e da cultura na Idade Média', 'Trabalho e formas de organização social e cultural');
insert into habilidade (id, id_componente, codigo, bncc, ativo, descricao, campo_atuacao, pratica_liguagem, objeto_conhecimento, unidade_tematica) values (1161, 11, 'EF06HI19', true, true, 'Descrever e analisar os diferentes papéis sociais das mulheres no mundo antigo e nas sociedades medievais', Null, Null, 'O papel da mulher na Grécia e em Roma, e no período medieval', 'Trabalho e formas de organização social e cultural');
insert into habilidade (id, id_componente, codigo, bncc, ativo, descricao, campo_atuacao, pratica_liguagem, objeto_conhecimento, unidade_tematica) values (1162, 11, 'EF07HI01', true, true, 'Explicar o significado de “modernidade” e suas lógicas de inclusão e exclusão, com base em uma concepção europeia', Null, Null, 'A construção da ideia de modernidade e seus impactos na concepção de História A ideia de “Novo Mundo” ante o Mundo Antigo: permanências e rupturas de saberes e práticas na emergência do mundo moderno', 'O mundo moderno e a conexão entre sociedades africanas, americanas e europeias');
insert into habilidade (id, id_componente, codigo, bncc, ativo, descricao, campo_atuacao, pratica_liguagem, objeto_conhecimento, unidade_tematica) values (1163, 11, 'EF07HI02', true, true, 'Identificar conexões e interações entre as sociedades do Novo Mundo, da Europa, da África e da Ásia no contexto das navegações e indicar a complexidade e as interações que ocorrem nos Oceanos Atlântico, Índico e Pacífico', Null, Null, 'A construção da ideia de modernidade e seus impactos na concepção de História A ideia de “Novo Mundo” ante o Mundo Antigo: permanências e rupturas de saberes e práticas na emergência do mundo moderno', 'O mundo moderno e a conexão entre sociedades africanas, americanas e europeias');
insert into habilidade (id, id_componente, codigo, bncc, ativo, descricao, campo_atuacao, pratica_liguagem, objeto_conhecimento, unidade_tematica) values (1164, 11, 'EF07HI03', true, true, 'Identificar aspectos e processos específicos das sociedades africanas e americanas antes da chegada dos europeus, com destaque para as formas de organização social e o desenvolvimento de saberes e técnicas', Null, Null, 'Saberes dos povos africanos e pré-colombianos expressos na cultura material e imaterial', 'O mundo moderno e a conexão entre sociedades africanas, americanas e europeias');
insert into habilidade (id, id_componente, codigo, bncc, ativo, descricao, campo_atuacao, pratica_liguagem, objeto_conhecimento, unidade_tematica) values (1165, 11, 'EF07HI04', true, true, 'Identificar as principais características dos Humanismos e dos Renascimentos e analisar seus significados', Null, Null, 'Humanismos: uma nova visão de ser humano e de mundo Renascimentos artísticos e culturais', 'Humanismos, Renascimentos e o Novo Mundo');
insert into habilidade (id, id_componente, codigo, bncc, ativo, descricao, campo_atuacao, pratica_liguagem, objeto_conhecimento, unidade_tematica) values (1166, 11, 'EF07HI05', true, true, 'Identificar e relacionar as vinculações entre as reformas religiosas e os processos culturais e sociais do período moderno na Europa e na América', Null, Null, 'Reformas religiosas: a cristandade fragmentada', 'Humanismos, Renascimentos e o Novo Mundo');
insert into habilidade (id, id_componente, codigo, bncc, ativo, descricao, campo_atuacao, pratica_liguagem, objeto_conhecimento, unidade_tematica) values (1167, 11, 'EF07HI06', true, true, 'Comparar as navegações no Atlântico e no Pacífico entre os séculos XIV e XVI', Null, Null, 'As descobertas científicas e a expansão marítima', 'Humanismos, Renascimentos e o Novo Mundo');
insert into habilidade (id, id_componente, codigo, bncc, ativo, descricao, campo_atuacao, pratica_liguagem, objeto_conhecimento, unidade_tematica) values (1168, 11, 'EF07HI07', true, true, 'Descrever os processos de formação e consolidação das monarquias e suas principais características com vistas à compreensão das razões da centralização política', Null, Null, 'A formação e o funcionamento das monarquias europeias: a lógica da centralização política e os conflitos na Europa', 'A organização do poder e as dinâmicas do mundo colonial americano');
insert into habilidade (id, id_componente, codigo, bncc, ativo, descricao, campo_atuacao, pratica_liguagem, objeto_conhecimento, unidade_tematica) values (1169, 11, 'EF07HI08', true, true, 'Descrever as formas de organização das sociedades americanas no tempo da conquista com vistas à compreensão dos mecanismos de alianças, confrontos e resistências', Null, Null, 'A conquista da América e as formas de organização política dos indígenas e europeus: conflitos, dominação e conciliação', 'A organização do poder e as dinâmicas do mundo colonial americano');
insert into habilidade (id, id_componente, codigo, bncc, ativo, descricao, campo_atuacao, pratica_liguagem, objeto_conhecimento, unidade_tematica) values (1170, 11, 'EF07HI09', true, true, 'Analisar os diferentes impactos da conquista europeia da América para as populações ameríndias e identificar as formas de resistência', Null, Null, 'A conquista da América e as formas de organização política dos indígenas e europeus: conflitos, dominação e conciliação', 'A organização do poder e as dinâmicas do mundo colonial americano');
insert into habilidade (id, id_componente, codigo, bncc, ativo, descricao, campo_atuacao, pratica_liguagem, objeto_conhecimento, unidade_tematica) values (1171, 11, 'EF07HI10', true, true, 'Analisar, com base em documentos históricos, diferentes interpretações sobre as dinâmicas das sociedades americanas no período colonial', Null, Null, 'A estruturação dos vice-reinos nas Américas Resistências indígenas, invasões e expansão na América portuguesa', 'A organização do poder e as dinâmicas do mundo colonial americano');
insert into habilidade (id, id_componente, codigo, bncc, ativo, descricao, campo_atuacao, pratica_liguagem, objeto_conhecimento, unidade_tematica) values (1172, 11, 'EF07HI11', true, true, 'Analisar a formação histórico-geográfica do território da América portuguesa por meio de mapas históricos', Null, Null, 'A estruturação dos vice-reinos nas Américas Resistências indígenas, invasões e expansão na América portuguesa', 'A organização do poder e as dinâmicas do mundo colonial americano');
insert into habilidade (id, id_componente, codigo, bncc, ativo, descricao, campo_atuacao, pratica_liguagem, objeto_conhecimento, unidade_tematica) values (1173, 11, 'EF07HI12', true, true, 'Identificar a distribuição territorial da população brasileira em diferentes épocas, considerando a diversidade étnico-racial e étnico-cultural (indígena, africana, europeia e asiática)', Null, Null, 'A estruturação dos vice-reinos nas Américas Resistências indígenas, invasões e expansão na América portuguesa', 'A organização do poder e as dinâmicas do mundo colonial americano');
insert into habilidade (id, id_componente, codigo, bncc, ativo, descricao, campo_atuacao, pratica_liguagem, objeto_conhecimento, unidade_tematica) values (1174, 11, 'EF07HI13', true, true, 'Caracterizar a ação dos europeus e suas lógicas mercantis visando ao domínio no mundo atlântico', Null, Null, 'As lógicas mercantis e o domínio europeu sobre os mares e o contraponto Oriental', 'Lógicas comerciais e mercantis da modernidade');
insert into habilidade (id, id_componente, codigo, bncc, ativo, descricao, campo_atuacao, pratica_liguagem, objeto_conhecimento, unidade_tematica) values (1175, 11, 'EF07HI14', true, true, 'Descrever as dinâmicas comerciais das sociedades americanas e africanas e analisar suas interações com outras sociedades do Ocidente e do Oriente', Null, Null, 'As lógicas mercantis e o domínio europeu sobre os mares e o contraponto Oriental', 'Lógicas comerciais e mercantis da modernidade');
insert into habilidade (id, id_componente, codigo, bncc, ativo, descricao, campo_atuacao, pratica_liguagem, objeto_conhecimento, unidade_tematica) values (1176, 11, 'EF07HI15', true, true, 'Discutir o conceito de escravidão moderna e suas distinções em relação ao escravismo antigo e à servidão medieval', Null, Null, 'As lógicas internas das sociedades africanas As formas de organização das sociedades ameríndias A escravidão moderna e o tráfico de escravizados', 'Lógicas comerciais e mercantis da modernidade');
insert into habilidade (id, id_componente, codigo, bncc, ativo, descricao, campo_atuacao, pratica_liguagem, objeto_conhecimento, unidade_tematica) values (1177, 11, 'EF07HI16', true, true, 'Analisar os mecanismos e as dinâmicas de comércio de escravizados em suas diferentes fases, identificando os agentes responsáveis pelo tráfico e as regiões e zonas africanas de procedência dos escravizados', Null, Null, 'As lógicas internas das sociedades africanas As formas de organização das sociedades ameríndias A escravidão moderna e o tráfico de escravizados', 'Lógicas comerciais e mercantis da modernidade');
insert into habilidade (id, id_componente, codigo, bncc, ativo, descricao, campo_atuacao, pratica_liguagem, objeto_conhecimento, unidade_tematica) values (1178, 11, 'EF07HI17', true, true, 'Discutir as razões da passagem do mercantilismo para o capitalismo', Null, Null, 'A emergência do capitalismo', 'Lógicas comerciais e mercantis da modernidade');
insert into habilidade (id, id_componente, codigo, bncc, ativo, descricao, campo_atuacao, pratica_liguagem, objeto_conhecimento, unidade_tematica) values (1179, 11, 'EF08HI01', true, true, 'Identificar os principais aspectos conceituais do iluminismo e do liberalismo e discutir a relação entre eles e a organização do mundo contemporâneo', Null, Null, 'A questão do iluminismo e da ilustração', 'O mundo contemporâneo: o Antigo Regime em crise');
insert into habilidade (id, id_componente, codigo, bncc, ativo, descricao, campo_atuacao, pratica_liguagem, objeto_conhecimento, unidade_tematica) values (1180, 11, 'EF08HI02', true, true, 'Identificar as particularidades político-sociais da Inglaterra do século XVII e analisar os desdobramentos posteriores à Revolução Gloriosa', Null, Null, 'As revoluções inglesas e os princípios do liberalismo', 'O mundo contemporâneo: o Antigo Regime em crise');
insert into habilidade (id, id_componente, codigo, bncc, ativo, descricao, campo_atuacao, pratica_liguagem, objeto_conhecimento, unidade_tematica) values (1181, 11, 'EF08HI03', true, true, 'Analisar os impactos da Revolução Industrial na produção e circulação de povos, produtos e culturas', Null, Null, 'Revolução Industrial e seus impactos na produção e circulação de povos, produtos e culturas', 'O mundo contemporâneo: o Antigo Regime em crise');
insert into habilidade (id, id_componente, codigo, bncc, ativo, descricao, campo_atuacao, pratica_liguagem, objeto_conhecimento, unidade_tematica) values (1182, 11, 'EF08HI04', true, true, 'Identificar e relacionar os processos da Revolução Francesa e seus desdobramentos na Europa e no mundo', Null, Null, 'Revolução Francesa e seus desdobramentos', 'O mundo contemporâneo: o Antigo Regime em crise');
insert into habilidade (id, id_componente, codigo, bncc, ativo, descricao, campo_atuacao, pratica_liguagem, objeto_conhecimento, unidade_tematica) values (1183, 11, 'EF08HI05', true, true, 'Explicar os movimentos e as rebeliões da América portuguesa, articulando as temáticas locais e suas interfaces com processos ocorridos na Europa e nas Américas', Null, Null, 'Rebeliões na América portuguesa: as conjurações mineira e baiana', 'O mundo contemporâneo: o Antigo Regime em crise');
insert into habilidade (id, id_componente, codigo, bncc, ativo, descricao, campo_atuacao, pratica_liguagem, objeto_conhecimento, unidade_tematica) values (1184, 11, 'EF08HI06', true, true, 'Aplicar os conceitos de Estado, nação, território, governo e país para o entendimento de conflitos e tensões', Null, Null, 'Independência dos Estados Unidos da América  Independências na América espanhola • A revolução dos escravizados em São Domingo e seus múltiplos significados e desdobramentos: o caso do Haiti Os caminhos até a independência do Brasil', 'Os processos de independência nas Américas');
insert into habilidade (id, id_componente, codigo, bncc, ativo, descricao, campo_atuacao, pratica_liguagem, objeto_conhecimento, unidade_tematica) values (1185, 11, 'EF08HI07', true, true, 'Identificar e contextualizar as especificidades dos diversos processos de independência nas Américas, seus aspectos populacionais e suas conformações territoriais', Null, Null, 'Independência dos Estados Unidos da América  Independências na América espanhola • A revolução dos escravizados em São Domingo e seus múltiplos significados e desdobramentos: o caso do Haiti Os caminhos até a independência do Brasil', 'Os processos de independência nas Américas');
insert into habilidade (id, id_componente, codigo, bncc, ativo, descricao, campo_atuacao, pratica_liguagem, objeto_conhecimento, unidade_tematica) values (1186, 11, 'EF08HI08', true, true, 'Conhecer o ideário dos líderes dos movimentos independentistas e seu papel nas revoluções que levaram à independência das colônias hispano-americanas', Null, Null, 'Independência dos Estados Unidos da América  Independências na América espanhola • A revolução dos escravizados em São Domingo e seus múltiplos significados e desdobramentos: o caso do Haiti Os caminhos até a independência do Brasil', 'Os processos de independência nas Américas');
insert into habilidade (id, id_componente, codigo, bncc, ativo, descricao, campo_atuacao, pratica_liguagem, objeto_conhecimento, unidade_tematica) values (1187, 11, 'EF08HI09', true, true, 'Conhecer as características e os principais pensadores do Pan-americanismo', Null, Null, 'Independência dos Estados Unidos da América  Independências na América espanhola • A revolução dos escravizados em São Domingo e seus múltiplos significados e desdobramentos: o caso do Haiti Os caminhos até a independência do Brasil', 'Os processos de independência nas Américas');
insert into habilidade (id, id_componente, codigo, bncc, ativo, descricao, campo_atuacao, pratica_liguagem, objeto_conhecimento, unidade_tematica) values (1188, 11, 'EF08HI10', true, true, 'Identificar a Revolução de São Domingo como evento singular e desdobramento da Revolução Francesa e avaliar suas implicações', Null, Null, 'Independência dos Estados Unidos da América  Independências na América espanhola • A revolução dos escravizados em São Domingo e seus múltiplos significados e desdobramentos: o caso do Haiti Os caminhos até a independência do Brasil', 'Os processos de independência nas Américas');
insert into habilidade (id, id_componente, codigo, bncc, ativo, descricao, campo_atuacao, pratica_liguagem, objeto_conhecimento, unidade_tematica) values (1189, 11, 'EF08HI11', true, true, 'Identificar e explicar os protagonismos e a atuação de diferentes grupos sociais e étnicos nas lutas de independência no Brasil, na América espanhola e no Haiti', Null, Null, 'Independência dos Estados Unidos da América  Independências na América espanhola • A revolução dos escravizados em São Domingo e seus múltiplos significados e desdobramentos: o caso do Haiti Os caminhos até a independência do Brasil', 'Os processos de independência nas Américas');
insert into habilidade (id, id_componente, codigo, bncc, ativo, descricao, campo_atuacao, pratica_liguagem, objeto_conhecimento, unidade_tematica) values (1190, 11, 'EF08HI12', true, true, 'Caracterizar a organização política e social no Brasil desde a chegada da Corte portuguesa, em 1808, até 1822 e seus desdobramentos para a história política brasileira', Null, Null, 'Independência dos Estados Unidos da América  Independências na América espanhola • A revolução dos escravizados em São Domingo e seus múltiplos significados e desdobramentos: o caso do Haiti Os caminhos até a independência do Brasil', 'Os processos de independência nas Américas');
insert into habilidade (id, id_componente, codigo, bncc, ativo, descricao, campo_atuacao, pratica_liguagem, objeto_conhecimento, unidade_tematica) values (1191, 11, 'EF08HI13', true, true, 'Analisar o processo de independência em diferentes países latino-americanos e comparar as formas de governo neles adotadas', Null, Null, 'Independência dos Estados Unidos da América  Independências na América espanhola • A revolução dos escravizados em São Domingo e seus múltiplos significados e desdobramentos: o caso do Haiti Os caminhos até a independência do Brasil', 'Os processos de independência nas Américas');
insert into habilidade (id, id_componente, codigo, bncc, ativo, descricao, campo_atuacao, pratica_liguagem, objeto_conhecimento, unidade_tematica) values (1192, 11, 'EF08HI14', true, true, 'Discutir a noção da tutela dos grupos indígenas e a participação dos negros na sociedade brasileira do final do período colonial, identificando permanências na forma de preconceitos, estereótipos e violências sobre as populações indígenas e negras no Brasil e nas Américas', Null, Null, 'A tutela da população indígena, a escravidão dos negros e a tutela dos egressos da escravidão', 'Os processos de independência nas Américas');
insert into habilidade (id, id_componente, codigo, bncc, ativo, descricao, campo_atuacao, pratica_liguagem, objeto_conhecimento, unidade_tematica) values (1193, 11, 'EF08HI15', true, true, 'Identificar e analisar o equilíbrio das forças e os sujeitos envolvidos nas disputas políticas durante o Primeiro e o Segundo Reinado', Null, Null, 'Brasil: Primeiro Reinado O Período Regencial e as contestações ao poder central O Brasil do Segundo Reinado: política e economia • A Lei de Terras e seus desdobramentos na política do Segundo Reinado • Territórios e fronteiras: a Guerra do Paraguai', 'O Brasil no século XIX');
insert into habilidade (id, id_componente, codigo, bncc, ativo, descricao, campo_atuacao, pratica_liguagem, objeto_conhecimento, unidade_tematica) values (1194, 11, 'EF08HI16', true, true, 'Identificar, comparar e analisar a diversidade política, social e regional nas rebeliões e nos movimentos contestatórios ao poder centralizado', Null, Null, 'Brasil: Primeiro Reinado O Período Regencial e as contestações ao poder central O Brasil do Segundo Reinado: política e economia • A Lei de Terras e seus desdobramentos na política do Segundo Reinado • Territórios e fronteiras: a Guerra do Paraguai', 'O Brasil no século XIX');
insert into habilidade (id, id_componente, codigo, bncc, ativo, descricao, campo_atuacao, pratica_liguagem, objeto_conhecimento, unidade_tematica) values (1195, 11, 'EF08HI17', true, true, 'Relacionar as transformações territoriais, em razão de questões de fronteiras, com as tensões e conflitos durante o Império', Null, Null, 'Brasil: Primeiro Reinado O Período Regencial e as contestações ao poder central O Brasil do Segundo Reinado: política e economia • A Lei de Terras e seus desdobramentos na política do Segundo Reinado • Territórios e fronteiras: a Guerra do Paraguai', 'O Brasil no século XIX');
insert into habilidade (id, id_componente, codigo, bncc, ativo, descricao, campo_atuacao, pratica_liguagem, objeto_conhecimento, unidade_tematica) values (1196, 11, 'EF08HI18', true, true, 'Identificar as questões internas e externas sobre a atuação do Brasil na Guerra do Paraguai e discutir diferentes versões sobre o conflito', Null, Null, 'Brasil: Primeiro Reinado O Período Regencial e as contestações ao poder central O Brasil do Segundo Reinado: política e economia • A Lei de Terras e seus desdobramentos na política do Segundo Reinado • Territórios e fronteiras: a Guerra do Paraguai', 'O Brasil no século XIX');
insert into habilidade (id, id_componente, codigo, bncc, ativo, descricao, campo_atuacao, pratica_liguagem, objeto_conhecimento, unidade_tematica) values (1197, 11, 'EF08HI19', true, true, 'Formular questionamentos sobre o legado da escravidão nas Américas, com base na seleção e consulta de fontes de diferentes naturezas', Null, Null, 'O escravismo no Brasil do século XIX: plantations e revoltas de escravizados, abolicionismo e políticas migratórias no Brasil Imperial', 'O Brasil no século XIX');
insert into habilidade (id, id_componente, codigo, bncc, ativo, descricao, campo_atuacao, pratica_liguagem, objeto_conhecimento, unidade_tematica) values (1198, 11, 'EF08HI20', true, true, 'Identificar e relacionar aspectos das estruturas sociais da atualidade com os legados da escravidão no Brasil e discutir a importância de ações afirmativas', Null, Null, 'O escravismo no Brasil do século XIX: plantations e revoltas de escravizados, abolicionismo e políticas migratórias no Brasil Imperial', 'O Brasil no século XIX');
insert into habilidade (id, id_componente, codigo, bncc, ativo, descricao, campo_atuacao, pratica_liguagem, objeto_conhecimento, unidade_tematica) values (1199, 11, 'EF08HI21', true, true, 'Identificar e analisar as políticas oficiais com relação ao indígena durante o Império', Null, Null, 'Políticas de extermínio do indígena durante o Império', 'O Brasil no século XIX');
insert into habilidade (id, id_componente, codigo, bncc, ativo, descricao, campo_atuacao, pratica_liguagem, objeto_conhecimento, unidade_tematica) values (1200, 11, 'EF08HI22', true, true, 'Discutir o papel das culturas letradas, não letradas e das artes na produção das identidades no Brasil do século XIX', Null, Null, 'A produção do imaginário nacional brasileiro: cultura popular, representações visuais, letras e o Romantismo no Brasil', 'O Brasil no século XIX');
insert into habilidade (id, id_componente, codigo, bncc, ativo, descricao, campo_atuacao, pratica_liguagem, objeto_conhecimento, unidade_tematica) values (1201, 11, 'EF08HI23', true, true, 'Estabelecer relações causais entre as ideologias raciais e o determinismo no contexto do imperialismo europeu e seus impactos na África e na Ásia', Null, Null, 'Nacionalismo, revoluções e as novas nações europeias', 'Configurações do mundo no século XIX');
insert into habilidade (id, id_componente, codigo, bncc, ativo, descricao, campo_atuacao, pratica_liguagem, objeto_conhecimento, unidade_tematica) values (1202, 11, 'EF08HI24', true, true, 'Reconhecer os principais produtos, utilizados pelos europeus, procedentes do continente africano durante o imperialismo e analisar os impactos sobre as comunidades locais na forma de organização e exploração econômica', Null, Null, 'Uma nova ordem econômica: as demandas do capitalismo industrial e o lugar das economias africanas e asiáticas nas dinâmicas globais', 'Configurações do mundo no século XIX');
insert into habilidade (id, id_componente, codigo, bncc, ativo, descricao, campo_atuacao, pratica_liguagem, objeto_conhecimento, unidade_tematica) values (1203, 11, 'EF08HI25', true, true, 'Caracterizar e contextualizar aspectos das relações entre os Estados Unidos da América e a América Latina no século XIX', Null, Null, 'Os Estados Unidos da América e a América Latina no século XIX', 'Configurações do mundo no século XIX');
insert into habilidade (id, id_componente, codigo, bncc, ativo, descricao, campo_atuacao, pratica_liguagem, objeto_conhecimento, unidade_tematica) values (1204, 11, 'EF08HI26', true, true, 'Identificar e contextualizar o protagonismo das populações locais na resistência ao imperialismo na África e Ásia', Null, Null, 'O imperialismo europeu e a partilha da África e da Ásia', 'Configurações do mundo no século XIX');
insert into habilidade (id, id_componente, codigo, bncc, ativo, descricao, campo_atuacao, pratica_liguagem, objeto_conhecimento, unidade_tematica) values (1205, 11, 'EF08HI27', true, true, 'Identificar as tensões e os significados dos discursos civilizatórios, avaliando seus impactos negativos para os povos indígenas originários e as populações negras nas Américas', Null, Null, 'Pensamento e cultura no século XIX: darwinismo e racismo O discurso civilizatório nas Américas, o silenciamento dos saberes indígenas e as formas de integração e destruição de comunidades e povos indígenas A resistência dos povos e comunidades indígenas diante da ofensiva civilizatória', 'Configurações do mundo no século XIX');
insert into habilidade (id, id_componente, codigo, bncc, ativo, descricao, campo_atuacao, pratica_liguagem, objeto_conhecimento, unidade_tematica) values (1206, 11, 'EF09HI01', true, true, 'Descrever e contextualizar os principais aspectos sociais, culturais, econômicos e políticos da emergência da República no Brasil', Null, Null, 'Experiências republicanas e práticas autoritárias: as tensões e disputas do mundo contemporâneo A proclamação da República e seus primeiros desdobramentos', 'O nascimento da República no Brasil e os processos históricos até a metade do século XX');
insert into habilidade (id, id_componente, codigo, bncc, ativo, descricao, campo_atuacao, pratica_liguagem, objeto_conhecimento, unidade_tematica) values (1207, 11, 'EF09HI02', true, true, 'Caracterizar e compreender os ciclos da história republicana, identificando particularidades da história local e regional até 1954', Null, Null, 'Experiências republicanas e práticas autoritárias: as tensões e disputas do mundo contemporâneo A proclamação da República e seus primeiros desdobramentos', 'O nascimento da República no Brasil e os processos históricos até a metade do século XX');
insert into habilidade (id, id_componente, codigo, bncc, ativo, descricao, campo_atuacao, pratica_liguagem, objeto_conhecimento, unidade_tematica) values (1208, 11, 'EF09HI03', true, true, 'Identificar os mecanismos de inserção dos negros na sociedade brasileira pós-abolição e avaliar os seus resultados', Null, Null, 'A questão da inserção dos negros no período republicano do pós-abolição Os movimentos sociais e a imprensa negra; a cultura afro-brasileira como elemento de resistência e superação das discriminações', 'O nascimento da República no Brasil e os processos históricos até a metade do século XX');
insert into habilidade (id, id_componente, codigo, bncc, ativo, descricao, campo_atuacao, pratica_liguagem, objeto_conhecimento, unidade_tematica) values (1209, 11, 'EF09HI04', true, true, 'Discutir a importância da participação da população negra na formação econômica, política e social do Brasil', Null, Null, 'A questão da inserção dos negros no período republicano do pós-abolição Os movimentos sociais e a imprensa negra; a cultura afro-brasileira como elemento de resistência e superação das discriminações', 'O nascimento da República no Brasil e os processos históricos até a metade do século XX');
insert into habilidade (id, id_componente, codigo, bncc, ativo, descricao, campo_atuacao, pratica_liguagem, objeto_conhecimento, unidade_tematica) values (1210, 11, 'EF09HI05', true, true, 'Identificar os processos de urbanização e modernização da sociedade brasileira e avaliar suas contradições e impactos na região em que vive', Null, Null, 'Primeira República e suas características Contestações e dinâmicas da vida cultural no Brasil entre 1900 e 1930', 'O nascimento da República no Brasil e os processos históricos até a metade do século XX');
insert into habilidade (id, id_componente, codigo, bncc, ativo, descricao, campo_atuacao, pratica_liguagem, objeto_conhecimento, unidade_tematica) values (1211, 11, 'EF09HI06', true, true, 'Identificar e discutir o papel do trabalhismo como força política, social e cultural no Brasil, em diferentes escalas (nacional, regional, cidade, comunidade)', Null, Null, 'O período varguista e suas contradições A emergência da vida urbana e a segregação espacial O trabalhismo e seu protagonismo político', 'O nascimento da República no Brasil e os processos históricos até a metade do século XX');
insert into habilidade (id, id_componente, codigo, bncc, ativo, descricao, campo_atuacao, pratica_liguagem, objeto_conhecimento, unidade_tematica) values (1212, 11, 'EF09HI07', true, true, 'Identificar e explicar, em meio a lógicas de inclusão e exclusão, as pautas dos povos indígenas, no contexto republicano (até 1964), e das populações afrodescendentes', Null, Null, 'A questão indígena durante a República (até 1964)', 'O nascimento da República no Brasil e os processos históricos até a metade do século XX');
insert into habilidade (id, id_componente, codigo, bncc, ativo, descricao, campo_atuacao, pratica_liguagem, objeto_conhecimento, unidade_tematica) values (1213, 11, 'EF09HI08', true, true, 'Identificar as transformações ocorridas no debate sobre as questões da diversidade no Brasil durante o século XX e compreender o significado das mudanças de abordagem em relação ao tema', Null, Null, 'Anarquismo e protagonismo feminino', 'O nascimento da República no Brasil e os processos históricos até a metade do século XX');
insert into habilidade (id, id_componente, codigo, bncc, ativo, descricao, campo_atuacao, pratica_liguagem, objeto_conhecimento, unidade_tematica) values (1214, 11, 'EF09HI09', true, true, 'Relacionar as conquistas de direitos políticos, sociais e civis à atuação de movimentos sociais', Null, Null, 'Anarquismo e protagonismo feminino', 'O nascimento da República no Brasil e os processos históricos até a metade do século XX');
insert into habilidade (id, id_componente, codigo, bncc, ativo, descricao, campo_atuacao, pratica_liguagem, objeto_conhecimento, unidade_tematica) values (1215, 11, 'EF09HI10', true, true, 'Identificar e relacionar as dinâmicas do capitalismo e suas crises, os grandes conflitos mundiais e os conflitos vivenciados na Europa', Null, Null, 'O mundo em conflito: a Primeira Guerra Mundial A questão da Palestina A Revolução Russa A crise capitalista de 1929', 'Totalitarismos e conflitos mundiais');
insert into habilidade (id, id_componente, codigo, bncc, ativo, descricao, campo_atuacao, pratica_liguagem, objeto_conhecimento, unidade_tematica) values (1216, 11, 'EF09HI11', true, true, 'Identificar as especificidades e os desdobramentos mundiais da Revolução Russa e seu significado histórico', Null, Null, 'O mundo em conflito: a Primeira Guerra Mundial A questão da Palestina A Revolução Russa A crise capitalista de 1929', 'Totalitarismos e conflitos mundiais');
insert into habilidade (id, id_componente, codigo, bncc, ativo, descricao, campo_atuacao, pratica_liguagem, objeto_conhecimento, unidade_tematica) values (1217, 11, 'EF09HI12', true, true, 'Analisar a crise capitalista de 1929 e seus desdobramentos em relação à economia global', Null, Null, 'O mundo em conflito: a Primeira Guerra Mundial A questão da Palestina A Revolução Russa A crise capitalista de 1929', 'Totalitarismos e conflitos mundiais');
insert into habilidade (id, id_componente, codigo, bncc, ativo, descricao, campo_atuacao, pratica_liguagem, objeto_conhecimento, unidade_tematica) values (1218, 11, 'EF09HI13', true, true, 'Descrever e contextualizar os processos da emergência do fascismo e do nazismo, a consolidação dos estados totalitários e as práticas de extermínio (como o holocausto)', Null, Null, 'A emergência do fascismo e do nazismo  A Segunda Guerra Mundial Judeus e outras vítimas do holocausto', 'Totalitarismos e conflitos mundiais');
insert into habilidade (id, id_componente, codigo, bncc, ativo, descricao, campo_atuacao, pratica_liguagem, objeto_conhecimento, unidade_tematica) values (1219, 11, 'EF09HI14', true, true, 'Caracterizar e discutir as dinâmicas do colonialismo no continente africano e asiático e as lógicas de resistência das populações locais diante das questões internacionais', Null, Null, 'O colonialismo na África As guerras mundiais, a crise do colonialismo e o advento dos nacionalismos africanos e asiáticos', 'Totalitarismos e conflitos mundiais');
insert into habilidade (id, id_componente, codigo, bncc, ativo, descricao, campo_atuacao, pratica_liguagem, objeto_conhecimento, unidade_tematica) values (1220, 11, 'EF09HI15', true, true, 'Discutir as motivações que levaram à criação da Organização das Nações Unidas (ONU) no contexto do pós-guerra e os propósitos dessa organização', Null, Null, 'A Organização das Nações Unidas (ONU) e a questão dos Direitos Humanos', 'Totalitarismos e conflitos mundiais');
insert into habilidade (id, id_componente, codigo, bncc, ativo, descricao, campo_atuacao, pratica_liguagem, objeto_conhecimento, unidade_tematica) values (1221, 11, 'EF09HI16', true, true, 'Relacionar a Carta dos Direitos Humanos ao processo de afirmação dos direitos fundamentais e de defesa da dignidade humana, valorizando as instituições voltadas para a defesa desses direitos e para a identificação dos agentes responsáveis por sua violação', Null, Null, 'A Organização das Nações Unidas (ONU) e a questão dos Direitos Humanos', 'Totalitarismos e conflitos mundiais');
insert into habilidade (id, id_componente, codigo, bncc, ativo, descricao, campo_atuacao, pratica_liguagem, objeto_conhecimento, unidade_tematica) values (1222, 11, 'EF09HI17', true, true, 'Identificar e analisar processos sociais, econômicos, culturais e políticos do Brasil a partir de 1946', Null, Null, 'O Brasil da era JK e o ideal de uma nação moderna: a urbanização e seus desdobramentos em um país em transformação', 'Modernização, ditadura civil-militar e redemocratização: o Brasil após 1946');
insert into habilidade (id, id_componente, codigo, bncc, ativo, descricao, campo_atuacao, pratica_liguagem, objeto_conhecimento, unidade_tematica) values (1223, 11, 'EF09HI18', true, true, 'Descrever e analisar as relações entre as transformações urbanas e seus impactos na cultura brasileira entre 1946 e 1964 e na produção das desigualdades regionais e sociais', Null, Null, 'O Brasil da era JK e o ideal de uma nação moderna: a urbanização e seus desdobramentos em um país em transformação', 'Modernização, ditadura civil-militar e redemocratização: o Brasil após 1946');
insert into habilidade (id, id_componente, codigo, bncc, ativo, descricao, campo_atuacao, pratica_liguagem, objeto_conhecimento, unidade_tematica) values (1224, 11, 'EF09HI19', true, true, 'Identificar e compreender o processo que resultou na ditadura civil-militar no Brasil e discutir a emergência de questões relacionadas à memória e à justiça sobre os casos de violação dos direitos humanos', Null, Null, 'Os anos 1960: revolução cultural? A ditadura civil-militar e os processos de resistência As questões indígena e negra e a ditadura', 'Modernização, ditadura civil-militar e redemocratização: o Brasil após 1946');
insert into habilidade (id, id_componente, codigo, bncc, ativo, descricao, campo_atuacao, pratica_liguagem, objeto_conhecimento, unidade_tematica) values (1225, 11, 'EF09HI20', true, true, 'Discutir os processos de resistência e as propostas de reorganização da sociedade brasileira durante a ditadura civil-militar', Null, Null, 'Os anos 1960: revolução cultural? A ditadura civil-militar e os processos de resistência As questões indígena e negra e a ditadura', 'Modernização, ditadura civil-militar e redemocratização: o Brasil após 1946');
insert into habilidade (id, id_componente, codigo, bncc, ativo, descricao, campo_atuacao, pratica_liguagem, objeto_conhecimento, unidade_tematica) values (1226, 11, 'EF09HI21', true, true, 'Identificar e relacionar as demandas indígenas e quilombolas como forma de contestação ao modelo desenvolvimentista da ditadura', Null, Null, 'Os anos 1960: revolução cultural? A ditadura civil-militar e os processos de resistência As questões indígena e negra e a ditadura', 'Modernização, ditadura civil-militar e redemocratização: o Brasil após 1946');
insert into habilidade (id, id_componente, codigo, bncc, ativo, descricao, campo_atuacao, pratica_liguagem, objeto_conhecimento, unidade_tematica) values (1227, 11, 'EF09HI22', true, true, 'Discutir o papel da mobilização da sociedade brasileira do final do período ditatorial até a Constituição de 1988', Null, Null, 'O processo de redemocratização A Constituição de 1988 e a emancipação das cidadanias (analfabetos, indígenas, negros, jovens etc.) A história recente do Brasil: transformações políticas, econômicas, sociais e culturais de 1989 aos dias atuais Os protagonismos da sociedade civil e as alterações da sociedade brasileira A questão da violência contra populações marginalizadas O Brasil e suas relações internacionais na era da globalização', 'Modernização, ditadura civil-militar e redemocratização: o Brasil após 1946');
insert into habilidade (id, id_componente, codigo, bncc, ativo, descricao, campo_atuacao, pratica_liguagem, objeto_conhecimento, unidade_tematica) values (1228, 11, 'EF09HI23', true, true, 'Identificar direitos civis, políticos e sociais expressos na Constituição de 1988 e relacioná-los à noção de cidadania e ao pacto da sociedade brasileira de combate a diversas formas de preconceito, como o racismo', Null, Null, 'O processo de redemocratização A Constituição de 1988 e a emancipação das cidadanias (analfabetos, indígenas, negros, jovens etc.) A história recente do Brasil: transformações políticas, econômicas, sociais e culturais de 1989 aos dias atuais Os protagonismos da sociedade civil e as alterações da sociedade brasileira A questão da violência contra populações marginalizadas O Brasil e suas relações internacionais na era da globalização', 'Modernização, ditadura civil-militar e redemocratização: o Brasil após 1946');
insert into habilidade (id, id_componente, codigo, bncc, ativo, descricao, campo_atuacao, pratica_liguagem, objeto_conhecimento, unidade_tematica) values (1229, 11, 'EF09HI24', true, true, 'Analisar as transformações políticas, econômicas, sociais e culturais de 1989 aos dias atuais, identificando questões prioritárias para a promoção da cidadania e dos valores democráticos', Null, Null, 'O processo de redemocratização A Constituição de 1988 e a emancipação das cidadanias (analfabetos, indígenas, negros, jovens etc.) A história recente do Brasil: transformações políticas, econômicas, sociais e culturais de 1989 aos dias atuais Os protagonismos da sociedade civil e as alterações da sociedade brasileira A questão da violência contra populações marginalizadas O Brasil e suas relações internacionais na era da globalização', 'Modernização, ditadura civil-militar e redemocratização: o Brasil após 1946');
insert into habilidade (id, id_componente, codigo, bncc, ativo, descricao, campo_atuacao, pratica_liguagem, objeto_conhecimento, unidade_tematica) values (1230, 11, 'EF09HI25', true, true, 'Relacionar as transformações da sociedade brasileira aos protagonismos da sociedade civil após 1989', Null, Null, 'O processo de redemocratização A Constituição de 1988 e a emancipação das cidadanias (analfabetos, indígenas, negros, jovens etc.) A história recente do Brasil: transformações políticas, econômicas, sociais e culturais de 1989 aos dias atuais Os protagonismos da sociedade civil e as alterações da sociedade brasileira A questão da violência contra populações marginalizadas O Brasil e suas relações internacionais na era da globalização', 'Modernização, ditadura civil-militar e redemocratização: o Brasil após 1946');
insert into habilidade (id, id_componente, codigo, bncc, ativo, descricao, campo_atuacao, pratica_liguagem, objeto_conhecimento, unidade_tematica) values (1231, 11, 'EF09HI26', true, true, 'Discutir e analisar as causas da violência contra populações marginalizadas (negros, indígenas, mulheres, homossexuais, camponeses, pobres etc) com vistas à tomada de consciência e à construção de uma cultura de paz, empatia e respeito às pessoas', Null, Null, 'O processo de redemocratização A Constituição de 1988 e a emancipação das cidadanias (analfabetos, indígenas, negros, jovens etc.) A história recente do Brasil: transformações políticas, econômicas, sociais e culturais de 1989 aos dias atuais Os protagonismos da sociedade civil e as alterações da sociedade brasileira A questão da violência contra populações marginalizadas O Brasil e suas relações internacionais na era da globalização', 'Modernização, ditadura civil-militar e redemocratização: o Brasil após 1946');
insert into habilidade (id, id_componente, codigo, bncc, ativo, descricao, campo_atuacao, pratica_liguagem, objeto_conhecimento, unidade_tematica) values (1232, 11, 'EF09HI27', true, true, 'Relacionar aspectos das mudanças econômicas, culturais e sociais ocorridas no Brasil a partir da década de 1990 ao papel do País no cenário internacional na era da globalização', Null, Null, 'O processo de redemocratização A Constituição de 1988 e a emancipação das cidadanias (analfabetos, indígenas, negros, jovens etc.) A história recente do Brasil: transformações políticas, econômicas, sociais e culturais de 1989 aos dias atuais Os protagonismos da sociedade civil e as alterações da sociedade brasileira A questão da violência contra populações marginalizadas O Brasil e suas relações internacionais na era da globalização', 'Modernização, ditadura civil-militar e redemocratização: o Brasil após 1946');
insert into habilidade (id, id_componente, codigo, bncc, ativo, descricao, campo_atuacao, pratica_liguagem, objeto_conhecimento, unidade_tematica) values (1233, 11, 'EF09HI28', true, true, 'Identificar e analisar aspectos da Guerra Fria, seus principais conflitos e as tensões geopolíticas no interior dos blocos liderados por soviéticos e estadunidenses', Null, Null, 'A Guerra Fria: confrontos de dois modelos políticos A Revolução Chinesa e as tensões entre China e Rússia A Revolução Cubana e as tensões entre Estados Unidos da América e Cuba', 'A história recente');
insert into habilidade (id, id_componente, codigo, bncc, ativo, descricao, campo_atuacao, pratica_liguagem, objeto_conhecimento, unidade_tematica) values (1234, 11, 'EF09HI29', true, true, 'Descrever e analisar as experiências ditatoriais na América Latina, seus procedimentos e vínculos com o poder, em nível nacional e internacional, e a atuação de movimentos de contestação às ditaduras', Null, Null, 'As experiências ditatoriais na América Latina', 'A história recente');
insert into habilidade (id, id_componente, codigo, bncc, ativo, descricao, campo_atuacao, pratica_liguagem, objeto_conhecimento, unidade_tematica) values (1235, 11, 'EF09HI30', true, true, 'Comparar as características dos regimes ditatoriais latino-americanos, com especial atenção para a censura política, a opressão e o uso da força, bem como para as reformas econômicas e sociais e seus impactos', Null, Null, 'As experiências ditatoriais na América Latina', 'A história recente');
insert into habilidade (id, id_componente, codigo, bncc, ativo, descricao, campo_atuacao, pratica_liguagem, objeto_conhecimento, unidade_tematica) values (1236, 11, 'EF09HI31', true, true, 'Descrever e avaliar os processos de descolonização na África e na Ásia', Null, Null, 'Os processos de descolonização na África e na Ásia', 'A história recente');
insert into habilidade (id, id_componente, codigo, bncc, ativo, descricao, campo_atuacao, pratica_liguagem, objeto_conhecimento, unidade_tematica) values (1237, 11, 'EF09HI32', true, true, 'Analisar mudanças e permanências associadas ao processo de globalização, considerando os argumentos dos movimentos críticos às políticas globais', Null, Null, 'O fim da Guerra Fria e o processo de globalização Políticas econômicas na América Latina', 'A história recente');
insert into habilidade (id, id_componente, codigo, bncc, ativo, descricao, campo_atuacao, pratica_liguagem, objeto_conhecimento, unidade_tematica) values (1238, 11, 'EF09HI33', true, true, 'Analisar as transformações nas relações políticas locais e globais geradas pelo desenvolvimento das tecnologias digitais de informação e comunicação', Null, Null, 'O fim da Guerra Fria e o processo de globalização Políticas econômicas na América Latina', 'A história recente');
insert into habilidade (id, id_componente, codigo, bncc, ativo, descricao, campo_atuacao, pratica_liguagem, objeto_conhecimento, unidade_tematica) values (1239, 11, 'EF09HI34', true, true, 'Discutir as motivações da adoção de diferentes políticas econômicas na América Latina, assim como seus impactos sociais nos países da região', Null, Null, 'O fim da Guerra Fria e o processo de globalização Políticas econômicas na América Latina', 'A história recente');
insert into habilidade (id, id_componente, codigo, bncc, ativo, descricao, campo_atuacao, pratica_liguagem, objeto_conhecimento, unidade_tematica) values (1240, 11, 'EF09HI35', true, true, 'Analisar os aspectos relacionados ao fenômeno do terrorismo na contemporaneidade, incluindo os movimentos migratórios e os choques entre diferentes grupos e culturas', Null, Null, 'Os conflitos do século XXI e a questão do terrorismo Pluralidades e diversidades identitárias na atualidade As pautas dos povos indígenas no século XXI e suas formas de inserção no debate local, regional, nacional e internacional', 'A história recente');
insert into habilidade (id, id_componente, codigo, bncc, ativo, descricao, campo_atuacao, pratica_liguagem, objeto_conhecimento, unidade_tematica) values (1241, 11, 'EF09HI36', true, true, 'Identificar e discutir as diversidades identitárias e seus significados históricos no início do século XXI, combatendo qualquer forma de preconceito e violência', Null, Null, 'Os conflitos do século XXI e a questão do terrorismo Pluralidades e diversidades identitárias na atualidade As pautas dos povos indígenas no século XXI e suas formas de inserção no debate local, regional, nacional e internacional', 'A história recente');


insert into habilidade_faixa_ano (id_habilidade, id_faixa_ano) values (1091, 4);
insert into habilidade_faixa_ano (id_habilidade, id_faixa_ano) values (1092, 4);
insert into habilidade_faixa_ano (id_habilidade, id_faixa_ano) values (1093, 4);
insert into habilidade_faixa_ano (id_habilidade, id_faixa_ano) values (1094, 4);
insert into habilidade_faixa_ano (id_habilidade, id_faixa_ano) values (1095, 4);
insert into habilidade_faixa_ano (id_habilidade, id_faixa_ano) values (1096, 4);
insert into habilidade_faixa_ano (id_habilidade, id_faixa_ano) values (1097, 4);
insert into habilidade_faixa_ano (id_habilidade, id_faixa_ano) values (1098, 4);
insert into habilidade_faixa_ano (id_habilidade, id_faixa_ano) values (1099, 5);
insert into habilidade_faixa_ano (id_habilidade, id_faixa_ano) values (1100, 5);
insert into habilidade_faixa_ano (id_habilidade, id_faixa_ano) values (1101, 5);
insert into habilidade_faixa_ano (id_habilidade, id_faixa_ano) values (1102, 5);
insert into habilidade_faixa_ano (id_habilidade, id_faixa_ano) values (1103, 5);
insert into habilidade_faixa_ano (id_habilidade, id_faixa_ano) values (1104, 5);
insert into habilidade_faixa_ano (id_habilidade, id_faixa_ano) values (1105, 5);
insert into habilidade_faixa_ano (id_habilidade, id_faixa_ano) values (1106, 5);
insert into habilidade_faixa_ano (id_habilidade, id_faixa_ano) values (1107, 5);
insert into habilidade_faixa_ano (id_habilidade, id_faixa_ano) values (1108, 5);
insert into habilidade_faixa_ano (id_habilidade, id_faixa_ano) values (1109, 5);
insert into habilidade_faixa_ano (id_habilidade, id_faixa_ano) values (1110, 6);
insert into habilidade_faixa_ano (id_habilidade, id_faixa_ano) values (1111, 6);
insert into habilidade_faixa_ano (id_habilidade, id_faixa_ano) values (1112, 6);
insert into habilidade_faixa_ano (id_habilidade, id_faixa_ano) values (1113, 6);
insert into habilidade_faixa_ano (id_habilidade, id_faixa_ano) values (1114, 6);
insert into habilidade_faixa_ano (id_habilidade, id_faixa_ano) values (1115, 6);
insert into habilidade_faixa_ano (id_habilidade, id_faixa_ano) values (1116, 6);
insert into habilidade_faixa_ano (id_habilidade, id_faixa_ano) values (1117, 6);
insert into habilidade_faixa_ano (id_habilidade, id_faixa_ano) values (1118, 6);
insert into habilidade_faixa_ano (id_habilidade, id_faixa_ano) values (1119, 6);
insert into habilidade_faixa_ano (id_habilidade, id_faixa_ano) values (1120, 6);
insert into habilidade_faixa_ano (id_habilidade, id_faixa_ano) values (1121, 6);
insert into habilidade_faixa_ano (id_habilidade, id_faixa_ano) values (1122, 7);
insert into habilidade_faixa_ano (id_habilidade, id_faixa_ano) values (1123, 7);
insert into habilidade_faixa_ano (id_habilidade, id_faixa_ano) values (1124, 7);
insert into habilidade_faixa_ano (id_habilidade, id_faixa_ano) values (1125, 7);
insert into habilidade_faixa_ano (id_habilidade, id_faixa_ano) values (1126, 7);
insert into habilidade_faixa_ano (id_habilidade, id_faixa_ano) values (1127, 7);
insert into habilidade_faixa_ano (id_habilidade, id_faixa_ano) values (1128, 7);
insert into habilidade_faixa_ano (id_habilidade, id_faixa_ano) values (1129, 7);
insert into habilidade_faixa_ano (id_habilidade, id_faixa_ano) values (1130, 7);
insert into habilidade_faixa_ano (id_habilidade, id_faixa_ano) values (1131, 7);
insert into habilidade_faixa_ano (id_habilidade, id_faixa_ano) values (1132, 7);
insert into habilidade_faixa_ano (id_habilidade, id_faixa_ano) values (1133, 8);
insert into habilidade_faixa_ano (id_habilidade, id_faixa_ano) values (1134, 8);
insert into habilidade_faixa_ano (id_habilidade, id_faixa_ano) values (1135, 8);
insert into habilidade_faixa_ano (id_habilidade, id_faixa_ano) values (1136, 8);
insert into habilidade_faixa_ano (id_habilidade, id_faixa_ano) values (1137, 8);
insert into habilidade_faixa_ano (id_habilidade, id_faixa_ano) values (1138, 8);
insert into habilidade_faixa_ano (id_habilidade, id_faixa_ano) values (1139, 8);
insert into habilidade_faixa_ano (id_habilidade, id_faixa_ano) values (1140, 8);
insert into habilidade_faixa_ano (id_habilidade, id_faixa_ano) values (1141, 8);
insert into habilidade_faixa_ano (id_habilidade, id_faixa_ano) values (1142, 8);
insert into habilidade_faixa_ano (id_habilidade, id_faixa_ano) values (1143, 9);
insert into habilidade_faixa_ano (id_habilidade, id_faixa_ano) values (1144, 9);
insert into habilidade_faixa_ano (id_habilidade, id_faixa_ano) values (1145, 9);
insert into habilidade_faixa_ano (id_habilidade, id_faixa_ano) values (1146, 9);
insert into habilidade_faixa_ano (id_habilidade, id_faixa_ano) values (1147, 9);
insert into habilidade_faixa_ano (id_habilidade, id_faixa_ano) values (1148, 9);
insert into habilidade_faixa_ano (id_habilidade, id_faixa_ano) values (1149, 9);
insert into habilidade_faixa_ano (id_habilidade, id_faixa_ano) values (1150, 9);
insert into habilidade_faixa_ano (id_habilidade, id_faixa_ano) values (1151, 9);
insert into habilidade_faixa_ano (id_habilidade, id_faixa_ano) values (1152, 9);
insert into habilidade_faixa_ano (id_habilidade, id_faixa_ano) values (1153, 9);
insert into habilidade_faixa_ano (id_habilidade, id_faixa_ano) values (1154, 9);
insert into habilidade_faixa_ano (id_habilidade, id_faixa_ano) values (1155, 9);
insert into habilidade_faixa_ano (id_habilidade, id_faixa_ano) values (1156, 9);
insert into habilidade_faixa_ano (id_habilidade, id_faixa_ano) values (1157, 9);
insert into habilidade_faixa_ano (id_habilidade, id_faixa_ano) values (1158, 9);
insert into habilidade_faixa_ano (id_habilidade, id_faixa_ano) values (1159, 9);
insert into habilidade_faixa_ano (id_habilidade, id_faixa_ano) values (1160, 9);
insert into habilidade_faixa_ano (id_habilidade, id_faixa_ano) values (1161, 9);
insert into habilidade_faixa_ano (id_habilidade, id_faixa_ano) values (1162, 10);
insert into habilidade_faixa_ano (id_habilidade, id_faixa_ano) values (1163, 10);
insert into habilidade_faixa_ano (id_habilidade, id_faixa_ano) values (1164, 10);
insert into habilidade_faixa_ano (id_habilidade, id_faixa_ano) values (1165, 10);
insert into habilidade_faixa_ano (id_habilidade, id_faixa_ano) values (1166, 10);
insert into habilidade_faixa_ano (id_habilidade, id_faixa_ano) values (1167, 10);
insert into habilidade_faixa_ano (id_habilidade, id_faixa_ano) values (1168, 10);
insert into habilidade_faixa_ano (id_habilidade, id_faixa_ano) values (1169, 10);
insert into habilidade_faixa_ano (id_habilidade, id_faixa_ano) values (1170, 10);
insert into habilidade_faixa_ano (id_habilidade, id_faixa_ano) values (1171, 10);
insert into habilidade_faixa_ano (id_habilidade, id_faixa_ano) values (1172, 10);
insert into habilidade_faixa_ano (id_habilidade, id_faixa_ano) values (1173, 10);
insert into habilidade_faixa_ano (id_habilidade, id_faixa_ano) values (1174, 10);
insert into habilidade_faixa_ano (id_habilidade, id_faixa_ano) values (1175, 10);
insert into habilidade_faixa_ano (id_habilidade, id_faixa_ano) values (1176, 10);
insert into habilidade_faixa_ano (id_habilidade, id_faixa_ano) values (1177, 10);
insert into habilidade_faixa_ano (id_habilidade, id_faixa_ano) values (1178, 10);
insert into habilidade_faixa_ano (id_habilidade, id_faixa_ano) values (1179, 11);
insert into habilidade_faixa_ano (id_habilidade, id_faixa_ano) values (1180, 11);
insert into habilidade_faixa_ano (id_habilidade, id_faixa_ano) values (1181, 11);
insert into habilidade_faixa_ano (id_habilidade, id_faixa_ano) values (1182, 11);
insert into habilidade_faixa_ano (id_habilidade, id_faixa_ano) values (1183, 11);
insert into habilidade_faixa_ano (id_habilidade, id_faixa_ano) values (1184, 11);
insert into habilidade_faixa_ano (id_habilidade, id_faixa_ano) values (1185, 11);
insert into habilidade_faixa_ano (id_habilidade, id_faixa_ano) values (1186, 11);
insert into habilidade_faixa_ano (id_habilidade, id_faixa_ano) values (1187, 11);
insert into habilidade_faixa_ano (id_habilidade, id_faixa_ano) values (1188, 11);
insert into habilidade_faixa_ano (id_habilidade, id_faixa_ano) values (1189, 11);
insert into habilidade_faixa_ano (id_habilidade, id_faixa_ano) values (1190, 11);
insert into habilidade_faixa_ano (id_habilidade, id_faixa_ano) values (1191, 11);
insert into habilidade_faixa_ano (id_habilidade, id_faixa_ano) values (1192, 11);
insert into habilidade_faixa_ano (id_habilidade, id_faixa_ano) values (1193, 11);
insert into habilidade_faixa_ano (id_habilidade, id_faixa_ano) values (1194, 11);
insert into habilidade_faixa_ano (id_habilidade, id_faixa_ano) values (1195, 11);
insert into habilidade_faixa_ano (id_habilidade, id_faixa_ano) values (1196, 11);
insert into habilidade_faixa_ano (id_habilidade, id_faixa_ano) values (1197, 11);
insert into habilidade_faixa_ano (id_habilidade, id_faixa_ano) values (1198, 11);
insert into habilidade_faixa_ano (id_habilidade, id_faixa_ano) values (1199, 11);
insert into habilidade_faixa_ano (id_habilidade, id_faixa_ano) values (1200, 11);
insert into habilidade_faixa_ano (id_habilidade, id_faixa_ano) values (1201, 11);
insert into habilidade_faixa_ano (id_habilidade, id_faixa_ano) values (1202, 11);
insert into habilidade_faixa_ano (id_habilidade, id_faixa_ano) values (1203, 11);
insert into habilidade_faixa_ano (id_habilidade, id_faixa_ano) values (1204, 11);
insert into habilidade_faixa_ano (id_habilidade, id_faixa_ano) values (1205, 11);
insert into habilidade_faixa_ano (id_habilidade, id_faixa_ano) values (1206, 12);
insert into habilidade_faixa_ano (id_habilidade, id_faixa_ano) values (1207, 12);
insert into habilidade_faixa_ano (id_habilidade, id_faixa_ano) values (1208, 12);
insert into habilidade_faixa_ano (id_habilidade, id_faixa_ano) values (1209, 12);
insert into habilidade_faixa_ano (id_habilidade, id_faixa_ano) values (1210, 12);
insert into habilidade_faixa_ano (id_habilidade, id_faixa_ano) values (1211, 12);
insert into habilidade_faixa_ano (id_habilidade, id_faixa_ano) values (1212, 12);
insert into habilidade_faixa_ano (id_habilidade, id_faixa_ano) values (1213, 12);
insert into habilidade_faixa_ano (id_habilidade, id_faixa_ano) values (1214, 12);
insert into habilidade_faixa_ano (id_habilidade, id_faixa_ano) values (1215, 12);
insert into habilidade_faixa_ano (id_habilidade, id_faixa_ano) values (1216, 12);
insert into habilidade_faixa_ano (id_habilidade, id_faixa_ano) values (1217, 12);
insert into habilidade_faixa_ano (id_habilidade, id_faixa_ano) values (1218, 12);
insert into habilidade_faixa_ano (id_habilidade, id_faixa_ano) values (1219, 12);
insert into habilidade_faixa_ano (id_habilidade, id_faixa_ano) values (1220, 12);
insert into habilidade_faixa_ano (id_habilidade, id_faixa_ano) values (1221, 12);
insert into habilidade_faixa_ano (id_habilidade, id_faixa_ano) values (1222, 12);
insert into habilidade_faixa_ano (id_habilidade, id_faixa_ano) values (1223, 12);
insert into habilidade_faixa_ano (id_habilidade, id_faixa_ano) values (1224, 12);
insert into habilidade_faixa_ano (id_habilidade, id_faixa_ano) values (1225, 12);
insert into habilidade_faixa_ano (id_habilidade, id_faixa_ano) values (1226, 12);
insert into habilidade_faixa_ano (id_habilidade, id_faixa_ano) values (1227, 12);
insert into habilidade_faixa_ano (id_habilidade, id_faixa_ano) values (1228, 12);
insert into habilidade_faixa_ano (id_habilidade, id_faixa_ano) values (1229, 12);
insert into habilidade_faixa_ano (id_habilidade, id_faixa_ano) values (1230, 12);
insert into habilidade_faixa_ano (id_habilidade, id_faixa_ano) values (1231, 12);
insert into habilidade_faixa_ano (id_habilidade, id_faixa_ano) values (1232, 12);
insert into habilidade_faixa_ano (id_habilidade, id_faixa_ano) values (1233, 12);
insert into habilidade_faixa_ano (id_habilidade, id_faixa_ano) values (1234, 12);
insert into habilidade_faixa_ano (id_habilidade, id_faixa_ano) values (1235, 12);
insert into habilidade_faixa_ano (id_habilidade, id_faixa_ano) values (1236, 12);
insert into habilidade_faixa_ano (id_habilidade, id_faixa_ano) values (1237, 12);
insert into habilidade_faixa_ano (id_habilidade, id_faixa_ano) values (1238, 12);
insert into habilidade_faixa_ano (id_habilidade, id_faixa_ano) values (1239, 12);
insert into habilidade_faixa_ano (id_habilidade, id_faixa_ano) values (1240, 12);
insert into habilidade_faixa_ano (id_habilidade, id_faixa_ano) values (1241, 12);


insert into habilidade (id, id_componente, codigo, bncc, ativo, descricao, campo_atuacao, pratica_liguagem, objeto_conhecimento, unidade_tematica) values (1242, 2, 'EF01ER01', true, true, 'Identificar e acolher as semelhanças e diferenças entre o eu, o outro e o nós', Null, Null, 'O eu, o outro e o nós', 'Identidades e alteridades');
insert into habilidade (id, id_componente, codigo, bncc, ativo, descricao, campo_atuacao, pratica_liguagem, objeto_conhecimento, unidade_tematica) values (1243, 2, 'EF01ER02', true, true, 'Reconhecer que o seu nome e o das demais pessoas os identificam e os diferenciam', Null, Null, 'O eu, o outro e o nós', 'Identidades e alteridades');
insert into habilidade (id, id_componente, codigo, bncc, ativo, descricao, campo_atuacao, pratica_liguagem, objeto_conhecimento, unidade_tematica) values (1244, 2, 'EF01ER03', true, true, 'Reconhecer e respeitar as características físicas e subjetivas de cada um', Null, Null, 'Imanência e transcendência', 'Identidades e alteridades');
insert into habilidade (id, id_componente, codigo, bncc, ativo, descricao, campo_atuacao, pratica_liguagem, objeto_conhecimento, unidade_tematica) values (1245, 2, 'EF01ER04', true, true, 'Valorizar a diversidade de formas de vida', Null, Null, 'Imanência e transcendência', 'Identidades e alteridades');
insert into habilidade (id, id_componente, codigo, bncc, ativo, descricao, campo_atuacao, pratica_liguagem, objeto_conhecimento, unidade_tematica) values (1246, 2, 'EF01ER05', true, true, 'Identificar e acolher sentimentos, lembranças, memórias e saberes de cada um', Null, Null, 'Sentimentos, lembranças, memórias e saberes', 'Manifestações religiosas');
insert into habilidade (id, id_componente, codigo, bncc, ativo, descricao, campo_atuacao, pratica_liguagem, objeto_conhecimento, unidade_tematica) values (1247, 2, 'EF01ER06', true, true, 'Identificar as diferentes formas pelas quais as pessoas manifestam sentimentos, ideias, memórias, gostos e crenças em diferentes espaços', Null, Null, 'Sentimentos, lembranças, memórias e saberes', 'Manifestações religiosas');
insert into habilidade (id, id_componente, codigo, bncc, ativo, descricao, campo_atuacao, pratica_liguagem, objeto_conhecimento, unidade_tematica) values (1248, 2, 'EF02ER01', true, true, 'Reconhecer os diferentes espaços de convivência', Null, Null, 'O eu, a família e o ambiente de convivência', 'Identidades e alteridades');
insert into habilidade (id, id_componente, codigo, bncc, ativo, descricao, campo_atuacao, pratica_liguagem, objeto_conhecimento, unidade_tematica) values (1249, 2, 'EF02ER02', true, true, 'Identificar costumes, crenças e formas diversas de viver em variados ambientes de convivência', Null, Null, 'O eu, a família e o ambiente de convivência', 'Identidades e alteridades');
insert into habilidade (id, id_componente, codigo, bncc, ativo, descricao, campo_atuacao, pratica_liguagem, objeto_conhecimento, unidade_tematica) values (1250, 2, 'EF02ER03', true, true, 'Identificar as diferentes formas de registro das memórias pessoais, familiares e escolares (fotos, músicas, narrativas, álbuns)', Null, Null, 'Memórias e símbolos', 'Identidades e alteridades');
insert into habilidade (id, id_componente, codigo, bncc, ativo, descricao, campo_atuacao, pratica_liguagem, objeto_conhecimento, unidade_tematica) values (1251, 2, 'EF02ER04', true, true, 'Identificar os símbolos presentes nos variados espaços de convivência', Null, Null, 'Memórias e símbolos', 'Identidades e alteridades');
insert into habilidade (id, id_componente, codigo, bncc, ativo, descricao, campo_atuacao, pratica_liguagem, objeto_conhecimento, unidade_tematica) values (1252, 2, 'EF02ER05', true, true, 'Identificar, distinguir e respeitar símbolos religiosos de distintas manifestações, tradições e instituições religiosas', Null, Null, 'Símbolos religiosos', 'Identidades e alteridades');
insert into habilidade (id, id_componente, codigo, bncc, ativo, descricao, campo_atuacao, pratica_liguagem, objeto_conhecimento, unidade_tematica) values (1253, 2, 'EF02ER06', true, true, 'Exemplificar alimentos considerados sagrados por diferentes culturas, tradições e expressões religiosas', Null, Null, 'Alimentos sagrados', 'Manifestações religiosas');
insert into habilidade (id, id_componente, codigo, bncc, ativo, descricao, campo_atuacao, pratica_liguagem, objeto_conhecimento, unidade_tematica) values (1254, 2, 'EF02ER07', true, true, 'Identificar significados atribuídos a alimentos em diferentes manifestações e tradições religiosas', Null, Null, 'Alimentos sagrados', 'Manifestações religiosas');
insert into habilidade (id, id_componente, codigo, bncc, ativo, descricao, campo_atuacao, pratica_liguagem, objeto_conhecimento, unidade_tematica) values (1255, 2, 'EF03ER01', true, true, 'Identificar e respeitar os diferentes espaços e territórios religiosos de diferentes tradições e movimentos religiosos', Null, Null, 'Espaços e territórios religiosos', 'Identidades e alteridades');
insert into habilidade (id, id_componente, codigo, bncc, ativo, descricao, campo_atuacao, pratica_liguagem, objeto_conhecimento, unidade_tematica) values (1256, 2, 'EF03ER02', true, true, 'Caracterizar os espaços e territórios religiosos como locais de realização das práticas celebrativas', Null, Null, 'Espaços e territórios religiosos', 'Identidades e alteridades');
insert into habilidade (id, id_componente, codigo, bncc, ativo, descricao, campo_atuacao, pratica_liguagem, objeto_conhecimento, unidade_tematica) values (1257, 2, 'EF03ER03', true, true, 'Identificar e respeitar práticas celebrativas (cerimônias, orações, festividades, peregrinações, entre outras) de diferentes tradições religiosas', Null, Null, 'Práticas celebrativas', 'Manifestações religiosas');
insert into habilidade (id, id_componente, codigo, bncc, ativo, descricao, campo_atuacao, pratica_liguagem, objeto_conhecimento, unidade_tematica) values (1258, 2, 'EF03ER04', true, true, 'Caracterizar as práticas celebrativas como parte integrante do conjunto das manifestações religiosas de diferentes culturas e sociedades', Null, Null, 'Práticas celebrativas', 'Manifestações religiosas');
insert into habilidade (id, id_componente, codigo, bncc, ativo, descricao, campo_atuacao, pratica_liguagem, objeto_conhecimento, unidade_tematica) values (1259, 2, 'EF03ER05', true, true, 'Reconhecer as indumentárias (roupas, acessórios, símbolos, pinturas corporais) utilizadas em diferentes manifestações e tradições religiosas', Null, Null, 'Indumentárias religiosas', 'Manifestações religiosas');
insert into habilidade (id, id_componente, codigo, bncc, ativo, descricao, campo_atuacao, pratica_liguagem, objeto_conhecimento, unidade_tematica) values (1260, 2, 'EF03ER06', true, true, 'Caracterizar as indumentárias como elementos integrantes das identidades religiosas', Null, Null, 'Indumentárias religiosas', 'Manifestações religiosas');
insert into habilidade (id, id_componente, codigo, bncc, ativo, descricao, campo_atuacao, pratica_liguagem, objeto_conhecimento, unidade_tematica) values (1261, 2, 'EF04ER01', true, true, 'Identificar ritos presentes no cotidiano pessoal, familiar, escolar e comunitário', Null, Null, 'Ritos religiosos', 'Manifestações religiosas');
insert into habilidade (id, id_componente, codigo, bncc, ativo, descricao, campo_atuacao, pratica_liguagem, objeto_conhecimento, unidade_tematica) values (1262, 2, 'EF04ER02', true, true, 'Identificar ritos e suas funções em diferentes manifestações e tradições religiosas', Null, Null, 'Ritos religiosos', 'Manifestações religiosas');
insert into habilidade (id, id_componente, codigo, bncc, ativo, descricao, campo_atuacao, pratica_liguagem, objeto_conhecimento, unidade_tematica) values (1263, 2, 'EF04ER03', true, true, 'Caracterizar ritos de iniciação e de passagem em diversos grupos religiosos (nascimento, casamento e morte)', Null, Null, 'Ritos religiosos', 'Manifestações religiosas');
insert into habilidade (id, id_componente, codigo, bncc, ativo, descricao, campo_atuacao, pratica_liguagem, objeto_conhecimento, unidade_tematica) values (1264, 2, 'EF04ER04', true, true, 'Identificar as diversas formas de expressão da espiritualidade (orações, cultos, gestos, cantos, dança, meditação) nas diferentes tradições religiosas', Null, Null, 'Ritos religiosos', 'Manifestações religiosas');
insert into habilidade (id, id_componente, codigo, bncc, ativo, descricao, campo_atuacao, pratica_liguagem, objeto_conhecimento, unidade_tematica) values (1265, 2, 'EF04ER05', true, true, 'Identificar representações religiosas em diferentes expressões artísticas (pinturas, arquitetura, esculturas, ícones, símbolos, imagens), reconhecendo-as como parte da identidade de diferentes culturas e tradições religiosas', Null, Null, 'Representações religiosas na arte', 'Manifestações religiosas');
insert into habilidade (id, id_componente, codigo, bncc, ativo, descricao, campo_atuacao, pratica_liguagem, objeto_conhecimento, unidade_tematica) values (1266, 2, 'EF04ER06', true, true, 'Identificar nomes, significados e representações de divindades nos contextos familiar e comunitário', Null, Null, 'Ideia(s) de divindade(s)', 'Crenças religiosas e filosofias de vida');
insert into habilidade (id, id_componente, codigo, bncc, ativo, descricao, campo_atuacao, pratica_liguagem, objeto_conhecimento, unidade_tematica) values (1267, 2, 'EF04ER07', true, true, 'Reconhecer e respeitar as ideias de divindades de diferentes manifestações e tradições religiosas', Null, Null, 'Ideia(s) de divindade(s)', 'Crenças religiosas e filosofias de vida');
insert into habilidade (id, id_componente, codigo, bncc, ativo, descricao, campo_atuacao, pratica_liguagem, objeto_conhecimento, unidade_tematica) values (1268, 2, 'EF05ER01', true, true, 'Identificar e respeitar acontecimentos sagrados de diferentes culturas e tradições religiosas como recurso para preservar a memória', Null, Null, 'Narrativas religiosas', 'Crenças religiosas e filosofias de vida');
insert into habilidade (id, id_componente, codigo, bncc, ativo, descricao, campo_atuacao, pratica_liguagem, objeto_conhecimento, unidade_tematica) values (1269, 2, 'EF05ER02', true, true, 'Identificar mitos de criação em diferentes culturas e tradições religiosas', Null, Null, 'Mitos nas tradições religiosas', 'Crenças religiosas e filosofias de vida');
insert into habilidade (id, id_componente, codigo, bncc, ativo, descricao, campo_atuacao, pratica_liguagem, objeto_conhecimento, unidade_tematica) values (1270, 2, 'EF05ER03', true, true, 'Reconhecer funções e mensagens religiosas contidas nos mitos de criação (concepções de mundo, natureza, ser humano, divindades, vida e morte)', Null, Null, 'Mitos nas tradições religiosas', 'Crenças religiosas e filosofias de vida');
insert into habilidade (id, id_componente, codigo, bncc, ativo, descricao, campo_atuacao, pratica_liguagem, objeto_conhecimento, unidade_tematica) values (1271, 2, 'EF05ER04', true, true, 'Reconhecer a importância da tradição oral para preservar memórias e acontecimentos religiosos', Null, Null, 'Ancestralidade e tradição oral', 'Crenças religiosas e filosofias de vida');
insert into habilidade (id, id_componente, codigo, bncc, ativo, descricao, campo_atuacao, pratica_liguagem, objeto_conhecimento, unidade_tematica) values (1272, 2, 'EF05ER05', true, true, 'Identificar elementos da tradição oral nas culturas e religiosidades indígenas, afro-brasileiras, ciganas, entre outras', Null, Null, 'Ancestralidade e tradição oral', 'Crenças religiosas e filosofias de vida');
insert into habilidade (id, id_componente, codigo, bncc, ativo, descricao, campo_atuacao, pratica_liguagem, objeto_conhecimento, unidade_tematica) values (1273, 2, 'EF05ER06', true, true, 'Identificar o papel dos sábios e anciãos na comunicação e preservação da tradição oral', Null, Null, 'Ancestralidade e tradição oral', 'Crenças religiosas e filosofias de vida');
insert into habilidade (id, id_componente, codigo, bncc, ativo, descricao, campo_atuacao, pratica_liguagem, objeto_conhecimento, unidade_tematica) values (1274, 2, 'EF05ER07', true, true, 'Reconhecer, em textos orais, ensinamentos relacionados a modos de ser e viver', Null, Null, 'Ancestralidade e tradição oral', 'Crenças religiosas e filosofias de vida');
insert into habilidade (id, id_componente, codigo, bncc, ativo, descricao, campo_atuacao, pratica_liguagem, objeto_conhecimento, unidade_tematica) values (1275, 2, 'EF06ER01', true, true, 'Reconhecer o papel da tradição escrita na preservação de memórias, acontecimentos e ensinamentos religiosos', Null, Null, 'Tradição escrita: registro dos ensinamentos sagrados', 'Crenças religiosas e filosofias de vida');
insert into habilidade (id, id_componente, codigo, bncc, ativo, descricao, campo_atuacao, pratica_liguagem, objeto_conhecimento, unidade_tematica) values (1276, 2, 'EF06ER02', true, true, 'Reconhecer e valorizar a diversidade de textos religiosos escritos (textos do Budismo, Cristianismo, Espiritismo, Hinduísmo, Islamismo, Judaísmo, entre outros)', Null, Null, 'Tradição escrita: registro dos ensinamentos sagrados', 'Crenças religiosas e filosofias de vida');
insert into habilidade (id, id_componente, codigo, bncc, ativo, descricao, campo_atuacao, pratica_liguagem, objeto_conhecimento, unidade_tematica) values (1277, 2, 'EF06ER03', true, true, 'Reconhecer, em textos escritos, ensinamentos relacionados a modos de ser e viver', Null, Null, 'Ensinamentos da tradição escrita', 'Crenças religiosas e filosofias de vida');
insert into habilidade (id, id_componente, codigo, bncc, ativo, descricao, campo_atuacao, pratica_liguagem, objeto_conhecimento, unidade_tematica) values (1278, 2, 'EF06ER04', true, true, 'Reconhecer que os textos escritos são utilizados pelas tradições religiosas de maneiras diversas', Null, Null, 'Ensinamentos da tradição escrita', 'Crenças religiosas e filosofias de vida');
insert into habilidade (id, id_componente, codigo, bncc, ativo, descricao, campo_atuacao, pratica_liguagem, objeto_conhecimento, unidade_tematica) values (1279, 2, 'EF06ER05', true, true, 'Discutir como o estudo e a interpretação dos textos religiosos influenciam os adeptos a vivenciarem os ensinamentos das tradições religiosas', Null, Null, 'Ensinamentos da tradição escrita', 'Crenças religiosas e filosofias de vida');
insert into habilidade (id, id_componente, codigo, bncc, ativo, descricao, campo_atuacao, pratica_liguagem, objeto_conhecimento, unidade_tematica) values (1280, 2, 'EF06ER06', true, true, 'Reconhecer a importância dos mitos, ritos, símbolos e textos na estruturação das diferentes crenças, tradições e movimentos religiosos', Null, Null, 'Símbolos, ritos e mitos religiosos', 'Crenças religiosas e filosofias de vida');
insert into habilidade (id, id_componente, codigo, bncc, ativo, descricao, campo_atuacao, pratica_liguagem, objeto_conhecimento, unidade_tematica) values (1281, 2, 'EF06ER07', true, true, 'Exemplificar a relação entre mito, rito e símbolo nas práticas celebrativas de diferentes tradições religiosas', Null, Null, 'Símbolos, ritos e mitos religiosos', 'Crenças religiosas e filosofias de vida');
insert into habilidade (id, id_componente, codigo, bncc, ativo, descricao, campo_atuacao, pratica_liguagem, objeto_conhecimento, unidade_tematica) values (1282, 2, 'EF07ER01', true, true, 'Reconhecer e respeitar as práticas de comunicação com as divindades em distintas manifestações e tradições religiosas', Null, Null, 'Místicas e espiritualidades', 'Manifestações religiosas');
insert into habilidade (id, id_componente, codigo, bncc, ativo, descricao, campo_atuacao, pratica_liguagem, objeto_conhecimento, unidade_tematica) values (1283, 2, 'EF07ER02', true, true, 'Identificar práticas de espiritualidade utilizadas pelas pessoas em determinadas situações (acidentes, doenças, fenômenos climáticos)', Null, Null, 'Místicas e espiritualidades', 'Manifestações religiosas');
insert into habilidade (id, id_componente, codigo, bncc, ativo, descricao, campo_atuacao, pratica_liguagem, objeto_conhecimento, unidade_tematica) values (1284, 2, 'EF07ER03', true, true, 'Reconhecer os papéis atribuídos às lideranças de diferentes tradições religiosas', Null, Null, 'Lideranças religiosas', 'Manifestações religiosas');
insert into habilidade (id, id_componente, codigo, bncc, ativo, descricao, campo_atuacao, pratica_liguagem, objeto_conhecimento, unidade_tematica) values (1285, 2, 'EF07ER04', true, true, 'Exemplificar líderes religiosos que se destacaram por suas contribuições à sociedade', Null, Null, 'Lideranças religiosas', 'Manifestações religiosas');
insert into habilidade (id, id_componente, codigo, bncc, ativo, descricao, campo_atuacao, pratica_liguagem, objeto_conhecimento, unidade_tematica) values (1286, 2, 'EF07ER05', true, true, 'Discutir estratégias que promovam a convivência ética e respeitosa entre as religiões', Null, Null, 'Lideranças religiosas', 'Manifestações religiosas');
insert into habilidade (id, id_componente, codigo, bncc, ativo, descricao, campo_atuacao, pratica_liguagem, objeto_conhecimento, unidade_tematica) values (1287, 2, 'EF07ER06', true, true, 'Identificar princípios éticos em diferentes tradições religiosas e filosofias de vida, discutindo como podem influenciar condutas pessoais e práticas sociais', Null, Null, 'Princípios éticos e valores religiosos', 'Crenças religiosas e filosofias de vida');
insert into habilidade (id, id_componente, codigo, bncc, ativo, descricao, campo_atuacao, pratica_liguagem, objeto_conhecimento, unidade_tematica) values (1288, 2, 'EF07ER07', true, true, 'Identificar e discutir o papel das lideranças religiosas e seculares na defesa e promoção dos direitos humanos', Null, Null, 'Liderança e direitos humanos', 'Crenças religiosas e filosofias de vida');
insert into habilidade (id, id_componente, codigo, bncc, ativo, descricao, campo_atuacao, pratica_liguagem, objeto_conhecimento, unidade_tematica) values (1289, 2, 'EF07ER08', true, true, 'Reconhecer o direito à liberdade de consciência, crença ou convicção, questionando concepções e práticas sociais que a violam', Null, Null, 'Liderança e direitos humanos', 'Crenças religiosas e filosofias de vida');
insert into habilidade (id, id_componente, codigo, bncc, ativo, descricao, campo_atuacao, pratica_liguagem, objeto_conhecimento, unidade_tematica) values (1290, 2, 'EF08ER01', true, true, 'Discutir como as crenças e convicções podem influenciar escolhas e atitudes pessoais e coletivas', Null, Null, 'Crenças, convicções e atitudes', 'Crenças religiosas e filosofias de vida');
insert into habilidade (id, id_componente, codigo, bncc, ativo, descricao, campo_atuacao, pratica_liguagem, objeto_conhecimento, unidade_tematica) values (1291, 2, 'EF08ER02', true, true, 'Analisar filosofias de vida, manifestações e tradições religiosas destacando seus princípios éticos', Null, Null, 'Crenças, convicções e atitudes', 'Crenças religiosas e filosofias de vida');
insert into habilidade (id, id_componente, codigo, bncc, ativo, descricao, campo_atuacao, pratica_liguagem, objeto_conhecimento, unidade_tematica) values (1292, 2, 'EF08ER03', true, true, 'Analisar doutrinas das diferentes tradições religiosas e suas concepções de mundo, vida e morte', Null, Null, 'Doutrinas religiosas', 'Crenças religiosas e filosofias de vida');
insert into habilidade (id, id_componente, codigo, bncc, ativo, descricao, campo_atuacao, pratica_liguagem, objeto_conhecimento, unidade_tematica) values (1293, 2, 'EF08ER04', true, true, 'Discutir como filosofias de vida, tradições e instituições religiosas podem influenciar diferentes campos da esfera pública (política, saúde, educação, economia)', Null, Null, 'Crenças, filosofias de vida e esfera pública', 'Crenças religiosas e filosofias de vida');
insert into habilidade (id, id_componente, codigo, bncc, ativo, descricao, campo_atuacao, pratica_liguagem, objeto_conhecimento, unidade_tematica) values (1294, 2, 'EF08ER05', true, true, 'Debater sobre as possibilidades e os limites da interferência das tradições religiosas na esfera pública', Null, Null, 'Crenças, filosofias de vida e esfera pública', 'Crenças religiosas e filosofias de vida');
insert into habilidade (id, id_componente, codigo, bncc, ativo, descricao, campo_atuacao, pratica_liguagem, objeto_conhecimento, unidade_tematica) values (1295, 2, 'EF08ER06', true, true, 'Analisar práticas, projetos e políticas públicas que contribuem para a promoção da liberdade de pensamento, crenças e convicções', Null, Null, 'Crenças, filosofias de vida e esfera pública', 'Crenças religiosas e filosofias de vida');
insert into habilidade (id, id_componente, codigo, bncc, ativo, descricao, campo_atuacao, pratica_liguagem, objeto_conhecimento, unidade_tematica) values (1296, 2, 'EF08ER07', true, true, 'Analisar as formas de uso das mídias e tecnologias pelas diferentes denominações religiosas', Null, Null, 'Tradições religiosas, mídias e tecnologias', 'Crenças religiosas e filosofias de vida');
insert into habilidade (id, id_componente, codigo, bncc, ativo, descricao, campo_atuacao, pratica_liguagem, objeto_conhecimento, unidade_tematica) values (1297, 2, 'EF09ER01', true, true, 'Analisar princípios e orientações para o cuidado da vida e nas diversas tradições religiosas e filosofias de vida', Null, Null, 'Imanência e transcendência', 'Crenças religiosas e filosofias de vida');
insert into habilidade (id, id_componente, codigo, bncc, ativo, descricao, campo_atuacao, pratica_liguagem, objeto_conhecimento, unidade_tematica) values (1298, 2, 'EF09ER02', true, true, 'Discutir as diferentes expressões de valorização e de desrespeito à vida, por meio da análise de matérias nas diferentes mídias', Null, Null, 'Imanência e transcendência', 'Crenças religiosas e filosofias de vida');
insert into habilidade (id, id_componente, codigo, bncc, ativo, descricao, campo_atuacao, pratica_liguagem, objeto_conhecimento, unidade_tematica) values (1299, 2, 'EF09ER03', true, true, 'Identificar sentidos do viver e do morrer em diferentes tradições religiosas, através do estudo de mitos fundantes', Null, Null, 'Vida e morte', 'Crenças religiosas e filosofias de vida');
insert into habilidade (id, id_componente, codigo, bncc, ativo, descricao, campo_atuacao, pratica_liguagem, objeto_conhecimento, unidade_tematica) values (1300, 2, 'EF09ER04', true, true, 'Identificar concepções de vida e morte em diferentes tradições religiosas e filosofias de vida, por meio da análise de diferentes ritos fúnebres', Null, Null, 'Vida e morte', 'Crenças religiosas e filosofias de vida');
insert into habilidade (id, id_componente, codigo, bncc, ativo, descricao, campo_atuacao, pratica_liguagem, objeto_conhecimento, unidade_tematica) values (1301, 2, 'EF09ER05', true, true, 'Analisar as diferentes ideias de imortalidade elaboradas pelas tradições religiosas (ancestralidade, reencarnação, transmigração e ressurreição)', Null, Null, 'Vida e morte', 'Crenças religiosas e filosofias de vida');
insert into habilidade (id, id_componente, codigo, bncc, ativo, descricao, campo_atuacao, pratica_liguagem, objeto_conhecimento, unidade_tematica) values (1302, 2, 'EF09ER06', true, true, 'Reconhecer a coexistência como uma atitude ética de respeito à vida e à dignidade humana', Null, Null, 'Princípios e valores éticos', 'Crenças religiosas e filosofias de vida');
insert into habilidade (id, id_componente, codigo, bncc, ativo, descricao, campo_atuacao, pratica_liguagem, objeto_conhecimento, unidade_tematica) values (1303, 2, 'EF09ER07', true, true, 'Identificar princípios éticos (familiares, religiosos e culturais) que possam alicerçar a construção de projetos de vida', Null, Null, 'Princípios e valores éticos', 'Crenças religiosas e filosofias de vida');
insert into habilidade (id, id_componente, codigo, bncc, ativo, descricao, campo_atuacao, pratica_liguagem, objeto_conhecimento, unidade_tematica) values (1304, 2, 'EF09ER08', true, true, 'Construir projetos de vida assentados em princípios e valores éticos', Null, Null, 'Princípios e valores éticos', 'Crenças religiosas e filosofias de vida');

insert into habilidade_faixa_ano (id_habilidade, id_faixa_ano) values (1242, 4);
insert into habilidade_faixa_ano (id_habilidade, id_faixa_ano) values (1243, 4);
insert into habilidade_faixa_ano (id_habilidade, id_faixa_ano) values (1244, 4);
insert into habilidade_faixa_ano (id_habilidade, id_faixa_ano) values (1245, 4);
insert into habilidade_faixa_ano (id_habilidade, id_faixa_ano) values (1246, 4);
insert into habilidade_faixa_ano (id_habilidade, id_faixa_ano) values (1247, 4);
insert into habilidade_faixa_ano (id_habilidade, id_faixa_ano) values (1248, 5);
insert into habilidade_faixa_ano (id_habilidade, id_faixa_ano) values (1249, 5);
insert into habilidade_faixa_ano (id_habilidade, id_faixa_ano) values (1250, 5);
insert into habilidade_faixa_ano (id_habilidade, id_faixa_ano) values (1251, 5);
insert into habilidade_faixa_ano (id_habilidade, id_faixa_ano) values (1252, 5);
insert into habilidade_faixa_ano (id_habilidade, id_faixa_ano) values (1253, 5);
insert into habilidade_faixa_ano (id_habilidade, id_faixa_ano) values (1254, 5);
insert into habilidade_faixa_ano (id_habilidade, id_faixa_ano) values (1255, 6);
insert into habilidade_faixa_ano (id_habilidade, id_faixa_ano) values (1256, 6);
insert into habilidade_faixa_ano (id_habilidade, id_faixa_ano) values (1257, 6);
insert into habilidade_faixa_ano (id_habilidade, id_faixa_ano) values (1258, 6);
insert into habilidade_faixa_ano (id_habilidade, id_faixa_ano) values (1259, 6);
insert into habilidade_faixa_ano (id_habilidade, id_faixa_ano) values (1260, 6);
insert into habilidade_faixa_ano (id_habilidade, id_faixa_ano) values (1261, 7);
insert into habilidade_faixa_ano (id_habilidade, id_faixa_ano) values (1262, 7);
insert into habilidade_faixa_ano (id_habilidade, id_faixa_ano) values (1263, 7);
insert into habilidade_faixa_ano (id_habilidade, id_faixa_ano) values (1264, 7);
insert into habilidade_faixa_ano (id_habilidade, id_faixa_ano) values (1265, 7);
insert into habilidade_faixa_ano (id_habilidade, id_faixa_ano) values (1266, 7);
insert into habilidade_faixa_ano (id_habilidade, id_faixa_ano) values (1267, 7);
insert into habilidade_faixa_ano (id_habilidade, id_faixa_ano) values (1268, 8);
insert into habilidade_faixa_ano (id_habilidade, id_faixa_ano) values (1269, 8);
insert into habilidade_faixa_ano (id_habilidade, id_faixa_ano) values (1270, 8);
insert into habilidade_faixa_ano (id_habilidade, id_faixa_ano) values (1271, 8);
insert into habilidade_faixa_ano (id_habilidade, id_faixa_ano) values (1272, 8);
insert into habilidade_faixa_ano (id_habilidade, id_faixa_ano) values (1273, 8);
insert into habilidade_faixa_ano (id_habilidade, id_faixa_ano) values (1274, 8);
insert into habilidade_faixa_ano (id_habilidade, id_faixa_ano) values (1275, 9);
insert into habilidade_faixa_ano (id_habilidade, id_faixa_ano) values (1276, 9);
insert into habilidade_faixa_ano (id_habilidade, id_faixa_ano) values (1277, 9);
insert into habilidade_faixa_ano (id_habilidade, id_faixa_ano) values (1278, 9);
insert into habilidade_faixa_ano (id_habilidade, id_faixa_ano) values (1279, 9);
insert into habilidade_faixa_ano (id_habilidade, id_faixa_ano) values (1280, 9);
insert into habilidade_faixa_ano (id_habilidade, id_faixa_ano) values (1281, 9);
insert into habilidade_faixa_ano (id_habilidade, id_faixa_ano) values (1282, 10);
insert into habilidade_faixa_ano (id_habilidade, id_faixa_ano) values (1283, 10);
insert into habilidade_faixa_ano (id_habilidade, id_faixa_ano) values (1284, 10);
insert into habilidade_faixa_ano (id_habilidade, id_faixa_ano) values (1285, 10);
insert into habilidade_faixa_ano (id_habilidade, id_faixa_ano) values (1286, 10);
insert into habilidade_faixa_ano (id_habilidade, id_faixa_ano) values (1287, 10);
insert into habilidade_faixa_ano (id_habilidade, id_faixa_ano) values (1288, 10);
insert into habilidade_faixa_ano (id_habilidade, id_faixa_ano) values (1289, 10);
insert into habilidade_faixa_ano (id_habilidade, id_faixa_ano) values (1290, 11);
insert into habilidade_faixa_ano (id_habilidade, id_faixa_ano) values (1291, 11);
insert into habilidade_faixa_ano (id_habilidade, id_faixa_ano) values (1292, 11);
insert into habilidade_faixa_ano (id_habilidade, id_faixa_ano) values (1293, 11);
insert into habilidade_faixa_ano (id_habilidade, id_faixa_ano) values (1294, 11);
insert into habilidade_faixa_ano (id_habilidade, id_faixa_ano) values (1295, 11);
insert into habilidade_faixa_ano (id_habilidade, id_faixa_ano) values (1296, 11);
insert into habilidade_faixa_ano (id_habilidade, id_faixa_ano) values (1297, 12);
insert into habilidade_faixa_ano (id_habilidade, id_faixa_ano) values (1298, 12);
insert into habilidade_faixa_ano (id_habilidade, id_faixa_ano) values (1299, 12);
insert into habilidade_faixa_ano (id_habilidade, id_faixa_ano) values (1300, 12);
insert into habilidade_faixa_ano (id_habilidade, id_faixa_ano) values (1301, 12);
insert into habilidade_faixa_ano (id_habilidade, id_faixa_ano) values (1302, 12);
insert into habilidade_faixa_ano (id_habilidade, id_faixa_ano) values (1303, 12);
insert into habilidade_faixa_ano (id_habilidade, id_faixa_ano) values (1304, 12);
--ensino médio
insert into competencia (id, descricao, id_nivel, id_componente, codigo, bncc, geral, ativo) values (95, 'Valorizar e utilizar os conhecimentos historicamente construídos sobre o mundo físico, social, cultural e digital para entender e explicar a realidade, continuar aprendendo e colaborar para a construção de uma sociedade justa, democrática e inclusiva.', 3, Null, 'C0001', true, true, true);
insert into competencia (id, descricao, id_nivel, id_componente, codigo, bncc, geral, ativo) values (96, 'Exercitar a curiosidade intelectual e recorrer à abordagem própria das ciências, incluindo a investigação, a reflexão, a análise crítica, a imaginação e a criatividade, para investigar causas, elaborar e testar hipóteses, formular e resolver problemas e criar soluções (inclusive tecnológicas) com base nos conhecimentos das diferentes áreas.', 3, Null, 'C0002', true, true, true);
insert into competencia (id, descricao, id_nivel, id_componente, codigo, bncc, geral, ativo) values (97, 'Valorizar e fruir as diversas manifestações artísticas e culturais, das locais às mundiais, e também participar de práticas diversificadas da produção artístico-cultural.', 3, Null, 'C0003', true, true, true);
insert into competencia (id, descricao, id_nivel, id_componente, codigo, bncc, geral, ativo) values (98, 'Utilizar diferentes linguagens – verbal (oral ou visual-motora, como Libras, e escrita), corporal, visual, sonora e digital –, bem como conhecimentos das linguagens artística, matemática e científica, para se expressar e partilhar informações, experiências, ideias e sentimentos em diferentes contextos e produzir sentidos que levem ao entendimento mútuo.', 3, Null, 'C0004', true, true, true);
insert into competencia (id, descricao, id_nivel, id_componente, codigo, bncc, geral, ativo) values (99, 'Compreender, utilizar e criar tecnologias digitais de informação e comunicação de forma crítica, significativa, reflexiva e ética nas diversas práticas sociais (incluindo as escolares) para se comunicar, acessar e disseminar informações, produzir conhecimentos, resolver problemas e exercer protagonismo e autoria na vida pessoal e coletiva.', 3, Null, 'C0005', true, true, true);
insert into competencia (id, descricao, id_nivel, id_componente, codigo, bncc, geral, ativo) values (100, 'Valorizar a diversidade de saberes e vivências culturais e apropriar-se de conhecimentos e experiências que lhe possibilitem entender as relações próprias do mundo do trabalho e fazer escolhas alinhadas ao exercício da cidadania e ao seu projeto de vida, com liberdade, autonomia, consciência crítica e responsabilidade.', 3, Null, 'C0006', true, true, true);
insert into competencia (id, descricao, id_nivel, id_componente, codigo, bncc, geral, ativo) values (101, 'Argumentar com base em fatos, dados e informações confiáveis, para formular, negociar e defender ideias, pontos de vista e decisões comuns que respeitem e promovam os direitos humanos, a consciência socioambiental e o consumo responsável em âmbito local, regional e global, com posicionamento ético em relação ao cuidado de si mesmo, dos outros e do planeta.', 3, Null, 'C0007', true, true, true);
insert into competencia (id, descricao, id_nivel, id_componente, codigo, bncc, geral, ativo) values (102, 'Conhecer-se, apreciar-se e cuidar de sua saúde física e emocional, compreendendo-se na diversidade humana e reconhecendo suas emoções e as dos outros, com autocrítica e capacidade para lidar com elas.', 3, Null, 'C0008', true, true, true);
insert into competencia (id, descricao, id_nivel, id_componente, codigo, bncc, geral, ativo) values (103, 'Exercitar a empatia, o diálogo, a resolução de conflitos e a cooperação,fazendo-se respeitar e promovendo o respeito ao outro e aos direitos humanos, com acolhimento e valorização da diversidade de indivíduos e de grupos sociais, seus saberes, identidades, culturas e potencialidades, sem preconceitos de qualquer natureza.', 3, Null, 'C0009', true, true, true);
insert into competencia (id, descricao, id_nivel, id_componente, codigo, bncc, geral, ativo) values (104, 'Agir pessoal e coletivamente com autonomia, responsabilidade, flexibilidade, resiliência e determinação, tomando decisões com base em princípios éticos, democráticos, inclusivos, sustentáveis e solidários.', 3, Null, 'C0010', true, true, true);

insert into competencia (id, descricao, id_nivel, id_componente, codigo, bncc, geral, ativo) values (105, 'Compreender o funcionamento das diferentes linguagens e práticas culturais (artísticas, corporais e verbais) e mobilizar esses conhecimentos na recepção e produção de discursos nos diferentes campos de atuação social e nas diversas mídias, para ampliar as formas de participação social, o entendimento e as possibilidades de explicação e interpretação crítica da realidade e para continuar aprendendo.', 3, 12, 'C0011', true, false, true);
insert into competencia (id, descricao, id_nivel, id_componente, codigo, bncc, geral, ativo) values (106, 'Compreender os processos identitários, conflitos e relações de poder que permeiam as práticas sociais de linguagem, respeitando as diversidades e a pluralidade de ideias e posições, e atuar socialmente com base em princípios e valores assentados na democracia, na igualdade e nos Direitos Humanos, exercitando o autoconhecimento, a empatia, o diálogo, a resolução de conflitos e a cooperação, e combatendo preconceitos de qualquer natureza.', 3, 12, 'C0012', true, false, true);
insert into competencia (id, descricao, id_nivel, id_componente, codigo, bncc, geral, ativo) values (107, 'Utilizar diferentes linguagens (artísticas, corporais e verbais) para exercer, com autonomia e colaboração, protagonismo e autoria na vida pessoal e coletiva, de forma crítica, criativa, ética e solidária, defendendo pontos de vista que respeitem o outro e promovam os Direitos Humanos, a consciência socioambiental e o consumo responsável, em âmbito local, regional e global.', 3, 12, 'C0013', true, false, true);
insert into competencia (id, descricao, id_nivel, id_componente, codigo, bncc, geral, ativo) values (108, 'Compreender as línguas como fenômeno (geo)político, histórico, cultural, social, variável, heterogêneo e sensível aos contextos de uso, reconhecendo suas variedades e vivenciando-as como formas de expressões identitárias, pessoais e coletivas, bem como agindo no enfrentamento de preconceitos de qualquer natureza.', 3, 12, 'C0014', true, false, true);
insert into competencia (id, descricao, id_nivel, id_componente, codigo, bncc, geral, ativo) values (109, 'Compreender  os  processos  de  produção  e  negociação  de  sentidos  nas  práticas  corporais, reconhecendo-as e vivenciando-as como formas de expressão de valores e identidades, em uma perspectiva democrática e de respeito à diversidade.', 3, 12, 'C0015', true, false, true);
insert into competencia (id, descricao, id_nivel, id_componente, codigo, bncc, geral, ativo) values (110, 'Apreciar  esteticamente  as  mais  diversas  produções  artísticas  e  culturais,  considerando  suas características  locais,  regionais  e  globais,  e  mobilizar  seus  conhecimentos  sobre  as  linguagens artísticas para dar significado e (re)construir produções autorais individuais e coletivas, exercendo protagonismo de maneira crítica e criativa, com respeito à diversidade de saberes, identidades e culturas.', 3, 12, 'C0016', true, false, true);
insert into competencia (id, descricao, id_nivel, id_componente, codigo, bncc, geral, ativo) values (111, 'Mobilizar práticas de linguagem no universo digital, considerando as dimensões técnicas, críticas, criativas, éticas e estéticas, para expandir as formas de produzir sentidos, de engajar-se em práticas autorais e coletivas, e de aprender a aprender nos campos da ciência, cultura, trabalho, informação e vida pessoal e coletiva.', 3, 12, 'C0017', true, false, true);

insert into competencia (id, descricao, id_nivel, id_componente, codigo, bncc, geral, ativo) values (112, 'Utilizar estratégias, conceitos e procedimentos matemáticos para interpretar situações em diversos contextos, sejam atividades cotidianas, sejam fatos das Ciências da Natureza e Humanas, das questões socioeconômicas ou tecnológicas, divulgados por diferentes meios, de modo a contribuir para uma formação geral.', 3, 13, 'C0018', true, false, true);
insert into competencia (id, descricao, id_nivel, id_componente, codigo, bncc, geral, ativo) values (113, 'Propor ou participar de ações para investigar desafios do mundo contemporâneo e tomar decisões éticas e socialmente responsáveis, com base na análise de problemas sociais, como os voltados a situações  de  saúde,  sustentabilidade,  das  implicações  da  tecnologia  no  mundo  do  trabalho,  entre outros, mobilizando e articulando conceitos, procedimentos e linguagens próprios da Matemática.', 3, 13, 'C0019', true, false, true);
insert into competencia (id, descricao, id_nivel, id_componente, codigo, bncc, geral, ativo) values (114, 'Utilizar  estratégias,  conceitos,  definições  e  procedimentos  matemáticos  para  interpretar,  construir modelos e resolver problemas em diversos contextos, analisando a plausibilidade dos resultados e a adequação das soluções propostas, de modo a construir argumentação consistente.', 3, 13, 'C0020', true, false, true);
insert into competencia (id, descricao, id_nivel, id_componente, codigo, bncc, geral, ativo) values (115, 'Compreender e utilizar, com flexibilidade e precisão, diferentes registros de representação matemáticos (algébrico,  geométrico,  estatístico,  computacional  etc.),  na  busca  de  solução  e  comunicação  de resultados de problemas.', 3, 13, 'C0021', true, false, true);
insert into competencia (id, descricao, id_nivel, id_componente, codigo, bncc, geral, ativo) values (116, 'Investigar e estabelecer conjecturas a respeito de diferentes conceitos e propriedades matemáticas, empregando  estratégias  e  recursos,  como  observação  de  padrões,  experimentações  e  diferentes tecnologias,  identificando  a  necessidade,  ou  não,  de  uma  demonstração  cada  vez  mais  formal  na validação das referidas conjecturas.', 3, 13, 'C0022', true, false, true);

insert into competencia (id, descricao, id_nivel, id_componente, codigo, bncc, geral, ativo) values (117, 'Analisar  fenômenos  naturais  e  processos  tecnológicos,  com  base  nas  interações  e  relações  entre matéria e energia, para propor ações individuais e coletivas que aperfeiçoem processos produtivos, minimizem impactos socioambientais e melhorem as condições de vida em âmbito local, regional e global.', 3, 14, 'C0023', true, false, true);
insert into competencia (id, descricao, id_nivel, id_componente, codigo, bncc, geral, ativo) values (118, 'Analisar  e  utilizar  interpretações  sobre  a  dinâmica  da  Vida,  da  Terra  e  do  Cosmos  para  elaborar argumentos, realizar previsões sobre o funcionamento e a evolução dos seres vivos e do Universo, e fundamentar e defender decisões éticas e responsáveis.', 3, 14, 'C0024', true, false, true);
insert into competencia (id, descricao, id_nivel, id_componente, codigo, bncc, geral, ativo) values (119, 'Investigar  situações-problema  e  avaliar  aplicações  do  conhecimento  científico  e  tecnológico  e  suas implicações no mundo, utilizando procedimentos e linguagens  próprios  das  Ciências  da  Natureza, para propor soluções que considerem demandas locais, regionais e/ou globais, e comunicar suas descobertas e conclusões a públicos variados, em diversos contextos e por meio de diferentes mídias e tecnologias digitais de informação e comunicação (TDIC).', 3, 14, 'C0025', true, false, true);

insert into competencia (id, descricao, id_nivel, id_componente, codigo, bncc, geral, ativo) values (120, 'Analisar processos políticos, econômicos, sociais, ambientais e culturais nos âmbitos local, regional, nacional e mundial em diferentes tempos, a partir da pluralidade de procedimentos epistemológicos, científicos e tecnológicos, de modo a compreender e posicionar-se criticamente em relação a eles, considerando diferentes pontos de vista e tomando decisões baseadas em argumentos e fontes de natureza científica.', 3, 15, 'C0026', true, false, true);
insert into competencia (id, descricao, id_nivel, id_componente, codigo, bncc, geral, ativo) values (121, 'Analisar a formação de territórios e fronteiras em diferentes tempos e espaços, mediante a compreensão das relações de poder que determinam as territorialidades e o papel geopolítico dos Estados-nações.', 3, 15, 'C0027', true, false, true);
insert into competencia (id, descricao, id_nivel, id_componente, codigo, bncc, geral, ativo) values (122, 'Analisar e avaliar criticamente as relações de diferentes grupos, povos e sociedades com a natureza (produção,  distribuição  e  consumo)  e  seus  impactos  econômicos  e  socioambientais,  com  vistas  à proposição  de  alternativas  que  respeitem  e  promovam  a  consciência,  a  ética  socioambiental  e  o consumo responsável em âmbito local, regional, nacional e global.', 3, 15, 'C0028', true, false, true);
insert into competencia (id, descricao, id_nivel, id_componente, codigo, bncc, geral, ativo) values (123, 'Analisar as relações de produção, capital e trabalho em diferentes territórios, contextos e culturas, discutindo o papel dessas relações na construção, consolidação e transformação das sociedades.', 3, 15, 'C0029', true, false, true);
insert into competencia (id, descricao, id_nivel, id_componente, codigo, bncc, geral, ativo) values (124, 'Identificar e combater as diversas formas de injustiça, preconceito e violência, adotando princípios éticos, democráticos, inclusivos e solidários, e respeitando os Direitos Humanos.', 3, 15, 'C0030', true, false, true);
insert into competencia (id, descricao, id_nivel, id_componente, codigo, bncc, geral, ativo) values (125, 'Participar  do  debate  público  de  forma  crítica,  respeitando  diferentes  posições  e  fazendo  escolhas alinhadas ao exercício da cidadania e ao seu projeto de vida, com liberdade, autonomia, consciência crítica e responsabilidade.', 3, 15, 'C0031', true, false, true);

insert into habilidade (id, id_componente, codigo, bncc, ativo, descricao, campo_atuacao, pratica_liguagem, objeto_conhecimento, unidade_tematica) values (1305, 12, 'EM13CNT310', true, true, 'Investigar e analisar os efeitos de programas de infraestrutura e demais serviços básicos (saneamento, energia elétrica, transporte, telecomunicações, cobertura vacinal, atendimento primário à saúde e produção de alimentos, entre outros) e identificar necessidades locais e/ou regionais em relação a esses serviços, a fim de avaliar e/ou promover ações que contribuam para a melhoria na qualidade de vida e nas condições de saúde da população', Null, Null, Null, Null);
insert into habilidade (id, id_componente, codigo, bncc, ativo, descricao, campo_atuacao, pratica_liguagem, objeto_conhecimento, unidade_tematica) values (1306, 12, 'EM13LGG101', true, true, 'Compreender e analisar processos de produção e circulação de discursos, nas diferentes linguagens, para fazer escolhas fundamentadas em função de interesses pessoais e coletivos', Null, Null, Null, Null);
insert into habilidade (id, id_componente, codigo, bncc, ativo, descricao, campo_atuacao, pratica_liguagem, objeto_conhecimento, unidade_tematica) values (1307, 12, 'EM13LGG102', true, true, 'Analisar visões de mundo, conflitos de interesse, preconceitos e ideologias presentes nos discursos veiculados nas diferentes mídias, ampliando suas possibilidades de explicação, interpretação e intervenção crítica da/na realidade', Null, Null, Null, Null);
insert into habilidade (id, id_componente, codigo, bncc, ativo, descricao, campo_atuacao, pratica_liguagem, objeto_conhecimento, unidade_tematica) values (1308, 12, 'EM13LGG103', true, true, 'Analisar o funcionamento das linguagens, para interpretar e produzir criticamente discursos em textos de diversas semioses (visuais, verbais, sonoras, gestuais)', Null, Null, Null, Null);
insert into habilidade (id, id_componente, codigo, bncc, ativo, descricao, campo_atuacao, pratica_liguagem, objeto_conhecimento, unidade_tematica) values (1309, 12, 'EM13LGG104', true, true, 'Utilizar as diferentes linguagens, levando em conta seus funcionamentos, para a compreensão e produção de textos e discursos em diversos campos de atuação social', Null, Null, Null, Null);
insert into habilidade (id, id_componente, codigo, bncc, ativo, descricao, campo_atuacao, pratica_liguagem, objeto_conhecimento, unidade_tematica) values (1310, 12, 'EM13LGG201', true, true, 'Utilizar as diversas linguagens (artísticas, corporais e verbais) em diferentes contextos, valorizando-as como fenômeno social, cultural, histórico, variável, heterogêneo e sensível aos contextos de uso', Null, Null, Null, Null);
insert into habilidade (id, id_componente, codigo, bncc, ativo, descricao, campo_atuacao, pratica_liguagem, objeto_conhecimento, unidade_tematica) values (1311, 12, 'EM13LGG202', true, true, 'Analisar interesses, relações de poder e perspectivas de mundo nos discursos das diversas práticas de linguagem (artísticas, corporais e verbais), compreendendo criticamente o modo como circulam, constituem-se e (re)produzem significação e ideologias', Null, Null, Null, Null);
insert into habilidade (id, id_componente, codigo, bncc, ativo, descricao, campo_atuacao, pratica_liguagem, objeto_conhecimento, unidade_tematica) values (1312, 12, 'EM13LGG203', true, true, 'Analisar os diálogos e os processos de disputa por legitimidade nas práticas de linguagem e em suas produções (artísticas, corporais e verbais)', Null, Null, Null, Null);
insert into habilidade (id, id_componente, codigo, bncc, ativo, descricao, campo_atuacao, pratica_liguagem, objeto_conhecimento, unidade_tematica) values (1313, 12, 'EM13LGG204', true, true, 'Dialogar e produzir entendimento mútuo, nas diversas linguagens (artísticas, corporais e verbais), com vistas ao interesse comum pautado em princípios e valores de equidade assentados na democracia e nos Direitos Humanos', Null, Null, Null, Null);
insert into habilidade (id, id_componente, codigo, bncc, ativo, descricao, campo_atuacao, pratica_liguagem, objeto_conhecimento, unidade_tematica) values (1314, 12, 'EM13LGG301', true, true, 'Participar de processos de produção individual e colaborativa em diferentes linguagens (artísticas, corporais e verbais), levando em conta suas formas e seus funcionamentos, para produzir sentidos em diferentes contextos', Null, Null, Null, Null);
insert into habilidade (id, id_componente, codigo, bncc, ativo, descricao, campo_atuacao, pratica_liguagem, objeto_conhecimento, unidade_tematica) values (1315, 12, 'EM13LGG302', true, true, 'Posicionar-se criticamente diante de diversas visões de mundo presentes nos discursos em diferentes linguagens, levando em conta seus contextos de produção e de circulação', Null, Null, Null, Null);
insert into habilidade (id, id_componente, codigo, bncc, ativo, descricao, campo_atuacao, pratica_liguagem, objeto_conhecimento, unidade_tematica) values (1316, 12, 'EM13LGG303', true, true, 'Debater questões polêmicas de relevância social, analisando diferentes argumentos e opiniões, para formular, negociar e sustentar posições, frente à análise de perspectivas distintas', Null, Null, Null, Null);
insert into habilidade (id, id_componente, codigo, bncc, ativo, descricao, campo_atuacao, pratica_liguagem, objeto_conhecimento, unidade_tematica) values (1317, 12, 'EM13LGG304', true, true, 'Formular propostas, intervir e tomar decisões que levem em conta o bem comum e os Direitos Humanos, a consciência socioambiental e o consumo responsável em âmbito local, regional e global', Null, Null, Null, Null);
insert into habilidade (id, id_componente, codigo, bncc, ativo, descricao, campo_atuacao, pratica_liguagem, objeto_conhecimento, unidade_tematica) values (1318, 12, 'EM13LGG305', true, true, 'Mapear e criar, por meio de práticas de linguagem, possibilidades de atuação social, política, artística e cultural para enfrentar desafios contemporâneos, discutindo princípios e objetivos dessa atuação de maneira crítica, criativa, solidária e ética', Null, Null, Null, Null);
insert into habilidade (id, id_componente, codigo, bncc, ativo, descricao, campo_atuacao, pratica_liguagem, objeto_conhecimento, unidade_tematica) values (1319, 12, 'EM13LGG401', true, true, 'Analisar criticamente textos de modo a compreender e caracterizar as línguas como fenômeno (geo)político, histórico, social, cultural, variável, heterogêneo e sensível aos contextos de uso', Null, Null, Null, Null);
insert into habilidade (id, id_componente, codigo, bncc, ativo, descricao, campo_atuacao, pratica_liguagem, objeto_conhecimento, unidade_tematica) values (1320, 12, 'EM13LGG402', true, true, 'Empregar, nas interações sociais, a variedade e o estilo de língua adequados à situação comunicativa, ao(s) interlocutor(es) e ao gênero do discurso, respeitando os usos das línguas por esse(s) interlocutor(es) e sem preconceito linguístico', Null, Null, Null, Null);
insert into habilidade (id, id_componente, codigo, bncc, ativo, descricao, campo_atuacao, pratica_liguagem, objeto_conhecimento, unidade_tematica) values (1321, 12, 'EM13LGG403', true, true, 'Fazer uso do inglês como língua de comunicação global, levando em conta a multiplicidade e variedade de usos, usuários e funções dessa língua no mundo contemporâneo', Null, Null, Null, Null);
insert into habilidade (id, id_componente, codigo, bncc, ativo, descricao, campo_atuacao, pratica_liguagem, objeto_conhecimento, unidade_tematica) values (1322, 12, 'EM13LGG501', true, true, 'Selecionar e utilizar movimentos corporais de forma consciente e intencional para interagir socialmente em práticas corporais, de modo a estabelecer relações construtivas, empáticas, éticas e de respeito às diferenças', Null, Null, Null, Null);
insert into habilidade (id, id_componente, codigo, bncc, ativo, descricao, campo_atuacao, pratica_liguagem, objeto_conhecimento, unidade_tematica) values (1323, 12, 'EM13LGG502', true, true, 'Analisar criticamente preconceitos, estereótipos e relações de poder presentes nas práticas corporais, adotando posicionamento contrário a qualquer manifestação de injustiça e desrespeito a direitos humanos e valores democráticos', Null, Null, Null, Null);
insert into habilidade (id, id_componente, codigo, bncc, ativo, descricao, campo_atuacao, pratica_liguagem, objeto_conhecimento, unidade_tematica) values (1324, 12, 'EM13LGG503', true, true, 'Vivenciar práticas corporais e significá-las em seu projeto de vida, como forma de autoconhecimento, autocuidado com o corpo e com a saúde, socialização e entretenimento', Null, Null, Null, Null);
insert into habilidade (id, id_componente, codigo, bncc, ativo, descricao, campo_atuacao, pratica_liguagem, objeto_conhecimento, unidade_tematica) values (1325, 12, 'EM13LGG601', true, true, 'Apropriar-se do patrimônio artístico de diferentes tempos e lugares, compreendendo a sua diversidade, bem como os processos de legitimação das manifestações artísticas na sociedade, desenvolvendo visão crítica e histórica', Null, Null, Null, Null);
insert into habilidade (id, id_componente, codigo, bncc, ativo, descricao, campo_atuacao, pratica_liguagem, objeto_conhecimento, unidade_tematica) values (1326, 12, 'EM13LGG602', true, true, 'Fruir e apreciar esteticamente diversas manifestações artísticas e culturais, das locais às mundiais, assim como delas participar, de modo a aguçar continuamente a sensibilidade, a imaginação e a criatividade', Null, Null, Null, Null);
insert into habilidade (id, id_componente, codigo, bncc, ativo, descricao, campo_atuacao, pratica_liguagem, objeto_conhecimento, unidade_tematica) values (1327, 12, 'EM13LGG603', true, true, 'Expressar-se e atuar em processos de criação autorais individuais e coletivos nas diferentes linguagens artísticas (artes visuais, audiovisual, dança, música e teatro) e nas intersecções entre elas, recorrendo a referências estéticas e culturais, conhecimentos de naturezas diversas (artísticos, históricos, sociais e políticos) e experiências individuais e coletivas', Null, Null, Null, Null);
insert into habilidade (id, id_componente, codigo, bncc, ativo, descricao, campo_atuacao, pratica_liguagem, objeto_conhecimento, unidade_tematica) values (1328, 12, 'EM13LGG604', true, true, 'Relacionar as práticas artísticas às diferentes dimensões da vida social, cultural, política e econômica e identificar o processo de construção histórica dessas práticas', Null, Null, Null, Null);
insert into habilidade (id, id_componente, codigo, bncc, ativo, descricao, campo_atuacao, pratica_liguagem, objeto_conhecimento, unidade_tematica) values (1329, 12, 'EM13LGG701', true, true, 'Explorar tecnologias digitais da informação e comunicação (TDIC), compreendendo seus princípios e funcionalidades, e utilizá-las de modo ético, criativo, responsável e adequado a práticas de linguagem em diferentes contextos', Null, Null, Null, Null);
insert into habilidade (id, id_componente, codigo, bncc, ativo, descricao, campo_atuacao, pratica_liguagem, objeto_conhecimento, unidade_tematica) values (1330, 12, 'EM13LGG702', true, true, 'Avaliar o impacto das tecnologias digitais da informação e comunicação (TDIC) na formação do sujeito e em suas práticas sociais, para fazer uso crítico dessa mídia em práticas de seleção, compreensão e produção de discursos em ambiente digital', Null, Null, Null, Null);
insert into habilidade (id, id_componente, codigo, bncc, ativo, descricao, campo_atuacao, pratica_liguagem, objeto_conhecimento, unidade_tematica) values (1331, 12, 'EM13LGG703', true, true, 'Utilizar diferentes linguagens, mídias e ferramentas digitais em processos de produção coletiva, colaborativa e projetos autorais em ambientes digitais', Null, Null, Null, Null);
insert into habilidade (id, id_componente, codigo, bncc, ativo, descricao, campo_atuacao, pratica_liguagem, objeto_conhecimento, unidade_tematica) values (1332, 12, 'EM13LGG704', true, true, 'Apropriar-se criticamente de processos de pesquisa e busca de informação, por meio de ferramentas e dos novos formatos de produção e distribuição do conhecimento na cultura de rede', Null, Null, Null, Null);

insert into habilidade_faixa_ano (id_habilidade, id_faixa_ano) values (1305, 13);
insert into habilidade_faixa_ano (id_habilidade, id_faixa_ano) values (1306, 13);
insert into habilidade_faixa_ano (id_habilidade, id_faixa_ano) values (1307, 13);
insert into habilidade_faixa_ano (id_habilidade, id_faixa_ano) values (1308, 13);
insert into habilidade_faixa_ano (id_habilidade, id_faixa_ano) values (1309, 13);
insert into habilidade_faixa_ano (id_habilidade, id_faixa_ano) values (1310, 13);
insert into habilidade_faixa_ano (id_habilidade, id_faixa_ano) values (1311, 13);
insert into habilidade_faixa_ano (id_habilidade, id_faixa_ano) values (1312, 13);
insert into habilidade_faixa_ano (id_habilidade, id_faixa_ano) values (1313, 13);
insert into habilidade_faixa_ano (id_habilidade, id_faixa_ano) values (1314, 13);
insert into habilidade_faixa_ano (id_habilidade, id_faixa_ano) values (1315, 13);
insert into habilidade_faixa_ano (id_habilidade, id_faixa_ano) values (1316, 13);
insert into habilidade_faixa_ano (id_habilidade, id_faixa_ano) values (1317, 13);
insert into habilidade_faixa_ano (id_habilidade, id_faixa_ano) values (1318, 13);
insert into habilidade_faixa_ano (id_habilidade, id_faixa_ano) values (1319, 13);
insert into habilidade_faixa_ano (id_habilidade, id_faixa_ano) values (1320, 13);
insert into habilidade_faixa_ano (id_habilidade, id_faixa_ano) values (1321, 13);
insert into habilidade_faixa_ano (id_habilidade, id_faixa_ano) values (1322, 13);
insert into habilidade_faixa_ano (id_habilidade, id_faixa_ano) values (1323, 13);
insert into habilidade_faixa_ano (id_habilidade, id_faixa_ano) values (1324, 13);
insert into habilidade_faixa_ano (id_habilidade, id_faixa_ano) values (1325, 13);
insert into habilidade_faixa_ano (id_habilidade, id_faixa_ano) values (1326, 13);
insert into habilidade_faixa_ano (id_habilidade, id_faixa_ano) values (1327, 13);
insert into habilidade_faixa_ano (id_habilidade, id_faixa_ano) values (1328, 13);
insert into habilidade_faixa_ano (id_habilidade, id_faixa_ano) values (1329, 13);
insert into habilidade_faixa_ano (id_habilidade, id_faixa_ano) values (1330, 13);
insert into habilidade_faixa_ano (id_habilidade, id_faixa_ano) values (1331, 13);
insert into habilidade_faixa_ano (id_habilidade, id_faixa_ano) values (1332, 13);
insert into habilidade_faixa_ano (id_habilidade, id_faixa_ano) values (1305, 14);
insert into habilidade_faixa_ano (id_habilidade, id_faixa_ano) values (1306, 14);
insert into habilidade_faixa_ano (id_habilidade, id_faixa_ano) values (1307, 14);
insert into habilidade_faixa_ano (id_habilidade, id_faixa_ano) values (1308, 14);
insert into habilidade_faixa_ano (id_habilidade, id_faixa_ano) values (1309, 14);
insert into habilidade_faixa_ano (id_habilidade, id_faixa_ano) values (1310, 14);
insert into habilidade_faixa_ano (id_habilidade, id_faixa_ano) values (1311, 14);
insert into habilidade_faixa_ano (id_habilidade, id_faixa_ano) values (1312, 14);
insert into habilidade_faixa_ano (id_habilidade, id_faixa_ano) values (1313, 14);
insert into habilidade_faixa_ano (id_habilidade, id_faixa_ano) values (1314, 14);
insert into habilidade_faixa_ano (id_habilidade, id_faixa_ano) values (1315, 14);
insert into habilidade_faixa_ano (id_habilidade, id_faixa_ano) values (1316, 14);
insert into habilidade_faixa_ano (id_habilidade, id_faixa_ano) values (1317, 14);
insert into habilidade_faixa_ano (id_habilidade, id_faixa_ano) values (1318, 14);
insert into habilidade_faixa_ano (id_habilidade, id_faixa_ano) values (1319, 14);
insert into habilidade_faixa_ano (id_habilidade, id_faixa_ano) values (1320, 14);
insert into habilidade_faixa_ano (id_habilidade, id_faixa_ano) values (1321, 14);
insert into habilidade_faixa_ano (id_habilidade, id_faixa_ano) values (1322, 14);
insert into habilidade_faixa_ano (id_habilidade, id_faixa_ano) values (1323, 14);
insert into habilidade_faixa_ano (id_habilidade, id_faixa_ano) values (1324, 14);
insert into habilidade_faixa_ano (id_habilidade, id_faixa_ano) values (1325, 14);
insert into habilidade_faixa_ano (id_habilidade, id_faixa_ano) values (1326, 14);
insert into habilidade_faixa_ano (id_habilidade, id_faixa_ano) values (1327, 14);
insert into habilidade_faixa_ano (id_habilidade, id_faixa_ano) values (1328, 14);
insert into habilidade_faixa_ano (id_habilidade, id_faixa_ano) values (1329, 14);
insert into habilidade_faixa_ano (id_habilidade, id_faixa_ano) values (1330, 14);
insert into habilidade_faixa_ano (id_habilidade, id_faixa_ano) values (1331, 14);
insert into habilidade_faixa_ano (id_habilidade, id_faixa_ano) values (1332, 14);
insert into habilidade_faixa_ano (id_habilidade, id_faixa_ano) values (1305, 15);
insert into habilidade_faixa_ano (id_habilidade, id_faixa_ano) values (1306, 15);
insert into habilidade_faixa_ano (id_habilidade, id_faixa_ano) values (1307, 15);
insert into habilidade_faixa_ano (id_habilidade, id_faixa_ano) values (1308, 15);
insert into habilidade_faixa_ano (id_habilidade, id_faixa_ano) values (1309, 15);
insert into habilidade_faixa_ano (id_habilidade, id_faixa_ano) values (1310, 15);
insert into habilidade_faixa_ano (id_habilidade, id_faixa_ano) values (1311, 15);
insert into habilidade_faixa_ano (id_habilidade, id_faixa_ano) values (1312, 15);
insert into habilidade_faixa_ano (id_habilidade, id_faixa_ano) values (1313, 15);
insert into habilidade_faixa_ano (id_habilidade, id_faixa_ano) values (1314, 15);
insert into habilidade_faixa_ano (id_habilidade, id_faixa_ano) values (1315, 15);
insert into habilidade_faixa_ano (id_habilidade, id_faixa_ano) values (1316, 15);
insert into habilidade_faixa_ano (id_habilidade, id_faixa_ano) values (1317, 15);
insert into habilidade_faixa_ano (id_habilidade, id_faixa_ano) values (1318, 15);
insert into habilidade_faixa_ano (id_habilidade, id_faixa_ano) values (1319, 15);
insert into habilidade_faixa_ano (id_habilidade, id_faixa_ano) values (1320, 15);
insert into habilidade_faixa_ano (id_habilidade, id_faixa_ano) values (1321, 15);
insert into habilidade_faixa_ano (id_habilidade, id_faixa_ano) values (1322, 15);
insert into habilidade_faixa_ano (id_habilidade, id_faixa_ano) values (1323, 15);
insert into habilidade_faixa_ano (id_habilidade, id_faixa_ano) values (1324, 15);
insert into habilidade_faixa_ano (id_habilidade, id_faixa_ano) values (1325, 15);
insert into habilidade_faixa_ano (id_habilidade, id_faixa_ano) values (1326, 15);
insert into habilidade_faixa_ano (id_habilidade, id_faixa_ano) values (1327, 15);
insert into habilidade_faixa_ano (id_habilidade, id_faixa_ano) values (1328, 15);
insert into habilidade_faixa_ano (id_habilidade, id_faixa_ano) values (1329, 15);
insert into habilidade_faixa_ano (id_habilidade, id_faixa_ano) values (1330, 15);
insert into habilidade_faixa_ano (id_habilidade, id_faixa_ano) values (1331, 15);
insert into habilidade_faixa_ano (id_habilidade, id_faixa_ano) values (1332, 15);

insert into habilidade (id, id_componente, codigo, bncc, ativo, descricao, campo_atuacao, pratica_liguagem, objeto_conhecimento, unidade_tematica) values (1333, 13, 'EM13MAT101', true, true, 'Interpretar criticamente situações econômicas, sociais e fatos relativos às Ciências da Natureza que envolvam a variação de grandezas, pela análise dos gráficos das funções representadas e das taxas de variação, com ou sem apoio de tecnologias digitais', Null, Null, Null, Null);
insert into habilidade (id, id_componente, codigo, bncc, ativo, descricao, campo_atuacao, pratica_liguagem, objeto_conhecimento, unidade_tematica) values (1334, 13, 'EM13MAT102', true, true, 'Analisar tabelas, gráficos e amostras de pesquisas estatísticas apresentadas em relatórios divulgados por diferentes meios de comunicação, identificando, quando for o caso, inadequações que possam induzir a erros de interpretação, como escalas e amostras não apropriadas', Null, Null, Null, Null);
insert into habilidade (id, id_componente, codigo, bncc, ativo, descricao, campo_atuacao, pratica_liguagem, objeto_conhecimento, unidade_tematica) values (1335, 13, 'EM13MAT103', true, true, 'Interpretar e compreender textos científicos ou divulgados pelas mídias, que empregam unidades de medida de diferentes grandezas e as conversões possíveis entre elas, adotadas ou não pelo Sistema Internacional (SI), como as de armazenamento e velocidade de transferência de dados, ligadas aos avanços tecnológicos', Null, Null, Null, Null);
insert into habilidade (id, id_componente, codigo, bncc, ativo, descricao, campo_atuacao, pratica_liguagem, objeto_conhecimento, unidade_tematica) values (1336, 13, 'EM13MAT104', true, true, 'Interpretar taxas e índices de natureza socioeconômica (índice de desenvolvimento humano, taxas de inflação, entre outros), investigando os processos de cálculo desses números, para analisar criticamente a realidade e produzir argumentos', Null, Null, Null, Null);
insert into habilidade (id, id_componente, codigo, bncc, ativo, descricao, campo_atuacao, pratica_liguagem, objeto_conhecimento, unidade_tematica) values (1337, 13, 'EM13MAT105', true, true, 'Utilizar as noções de transformações isométricas (translação, reflexão, rotação e composições destas) e transformações homotéticas para construir figuras e analisar elementos da natureza e diferentes produções humanas (fractais, construções civis, obras de arte, entre outras)', Null, Null, Null, Null);
insert into habilidade (id, id_componente, codigo, bncc, ativo, descricao, campo_atuacao, pratica_liguagem, objeto_conhecimento, unidade_tematica) values (1338, 13, 'EM13MAT106', true, true, 'Identificar situações da vida cotidiana nas quais seja necessário fazer escolhas levando-se em conta os riscos probabilísticos (usar este ou aquele método contraceptivo, optar por um tratamento médico em detrimento de outro etc)', Null, Null, Null, Null);
insert into habilidade (id, id_componente, codigo, bncc, ativo, descricao, campo_atuacao, pratica_liguagem, objeto_conhecimento, unidade_tematica) values (1339, 13, 'EM13MAT201', true, true, 'Propor ou participar de ações adequadas às demandas da região, preferencialmente para sua comunidade, envolvendo medições e cálculos de perímetro, de área, de volume, de capacidade ou de massa', Null, Null, Null, Null);
insert into habilidade (id, id_componente, codigo, bncc, ativo, descricao, campo_atuacao, pratica_liguagem, objeto_conhecimento, unidade_tematica) values (1340, 13, 'EM13MAT202', true, true, 'Planejar e executar pesquisa amostral sobre questões relevantes, usando dados coletados diretamente ou em diferentes fontes, e comunicar os resultados por meio de relatório contendo gráficos e interpretação das medidas de tendência central e das medidas de dispersão (amplitude e desvio padrão), utilizando ou não recursos tecnológicos', Null, Null, Null, Null);
insert into habilidade (id, id_componente, codigo, bncc, ativo, descricao, campo_atuacao, pratica_liguagem, objeto_conhecimento, unidade_tematica) values (1341, 13, 'EM13MAT203', true, true, 'Aplicar conceitos matemáticos no planejamento, na execução e na análise de ações envolvendo a utilização de aplicativos e a criação de planilhas (para o controle de orçamento familiar, simuladores de cálculos de juros simples e compostos, entre outros), para tomar decisões', Null, Null, Null, Null);
insert into habilidade (id, id_componente, codigo, bncc, ativo, descricao, campo_atuacao, pratica_liguagem, objeto_conhecimento, unidade_tematica) values (1342, 13, 'EM13MAT301', true, true, 'Resolver e elaborar problemas do cotidiano, da Matemática e de outras áreas do conhecimento, que envolvem equações lineares simultâneas, usando técnicas algébricas e gráficas, com ou sem apoio de tecnologias digitais', Null, Null, Null, Null);
insert into habilidade (id, id_componente, codigo, bncc, ativo, descricao, campo_atuacao, pratica_liguagem, objeto_conhecimento, unidade_tematica) values (1343, 13, 'EM13MAT302', true, true, 'Construir modelos empregando as funções polinomiais de 1º ou 2º graus, para resolver problemas em contextos diversos, com ou sem apoio de tecnologias digitais', Null, Null, Null, Null);
insert into habilidade (id, id_componente, codigo, bncc, ativo, descricao, campo_atuacao, pratica_liguagem, objeto_conhecimento, unidade_tematica) values (1344, 13, 'EM13MAT303', true, true, 'Interpretar e comparar situações que envolvam juros simples com as que envolvem juros compostos, por meio de representações gráficas ou análise de planilhas, destacando o crescimento linear ou exponencial de cada caso', Null, Null, Null, Null);
insert into habilidade (id, id_componente, codigo, bncc, ativo, descricao, campo_atuacao, pratica_liguagem, objeto_conhecimento, unidade_tematica) values (1345, 13, 'EM13MAT304', true, true, 'Resolver e elaborar problemas com funções exponenciais nos quais seja necessário compreender e interpretar a variação das grandezas envolvidas, em contextos como o da Matemática Financeira, entre outros', Null, Null, Null, Null);
insert into habilidade (id, id_componente, codigo, bncc, ativo, descricao, campo_atuacao, pratica_liguagem, objeto_conhecimento, unidade_tematica) values (1346, 13, 'EM13MAT305', true, true, 'Resolver e elaborar problemas com funções logarítmicas nos quais seja necessário compreender e interpretar a variação das grandezas envolvidas, em contextos como os de abalos sísmicos, pH, radioatividade, Matemática Financeira, entre outros', Null, Null, Null, Null);
insert into habilidade (id, id_componente, codigo, bncc, ativo, descricao, campo_atuacao, pratica_liguagem, objeto_conhecimento, unidade_tematica) values (1347, 13, 'EM13MAT306', true, true, 'Resolver e elaborar problemas em contextos que envolvem fenômenos periódicos reais (ondas sonoras, fases da lua, movimentos cíclicos, entre outros) e comparar suas representações com as funções seno e cosseno, no plano cartesiano, com ou sem apoio de aplicativos de álgebra e geometria', Null, Null, Null, Null);
insert into habilidade (id, id_componente, codigo, bncc, ativo, descricao, campo_atuacao, pratica_liguagem, objeto_conhecimento, unidade_tematica) values (1348, 13, 'EM13MAT307', true, true, 'Empregar diferentes métodos para a obtenção da medida da área de uma superfície (reconfigurações, aproximação por cortes etc) e deduzir expressões de cálculo para aplicá-las em situações reais (como o remanejamento e a distribuição de plantações, entre outros), com ou sem apoio de tecnologias digitais', Null, Null, Null, Null);
insert into habilidade (id, id_componente, codigo, bncc, ativo, descricao, campo_atuacao, pratica_liguagem, objeto_conhecimento, unidade_tematica) values (1349, 13, 'EM13MAT308', true, true, 'Aplicar as relações métricas, incluindo as leis do seno e do cosseno ou as noções de congruência e semelhança, para resolver e elaborar problemas que envolvem triângulos, em variados contextos', Null, Null, Null, Null);
insert into habilidade (id, id_componente, codigo, bncc, ativo, descricao, campo_atuacao, pratica_liguagem, objeto_conhecimento, unidade_tematica) values (1350, 13, 'EM13MAT309', true, true, 'Resolver e elaborar problemas que envolvem o cálculo de áreas totais e de volumes de prismas, pirâmides e corpos redondos em situações reais (como o cálculo do gasto de material para revestimento ou pinturas de objetos cujos formatos sejam composições dos sólidos estudados), com ou sem apoio de tecnologias digitais', Null, Null, Null, Null);
insert into habilidade (id, id_componente, codigo, bncc, ativo, descricao, campo_atuacao, pratica_liguagem, objeto_conhecimento, unidade_tematica) values (1351, 13, 'EM13MAT310', true, true, 'Resolver e elaborar problemas de contagem envolvendo agrupamentos ordenáveis ou não de elementos, por meio dos princípios multiplicativo e aditivo, recorrendo a estratégias diversas, como o diagrama de árvore', Null, Null, Null, Null);
insert into habilidade (id, id_componente, codigo, bncc, ativo, descricao, campo_atuacao, pratica_liguagem, objeto_conhecimento, unidade_tematica) values (1352, 13, 'EM13MAT311', true, true, 'Identificar e descrever o espaço amostral de eventos aleatórios, realizando contagem das possibilidades, para resolver e elaborar problemas que envolvem o cálculo da probabilidade', Null, Null, Null, Null);
insert into habilidade (id, id_componente, codigo, bncc, ativo, descricao, campo_atuacao, pratica_liguagem, objeto_conhecimento, unidade_tematica) values (1353, 13, 'EM13MAT312', true, true, 'Resolver e elaborar problemas que envolvem o cálculo de probabilidade de eventos em experimentos aleatórios sucessivos', Null, Null, Null, Null);
insert into habilidade (id, id_componente, codigo, bncc, ativo, descricao, campo_atuacao, pratica_liguagem, objeto_conhecimento, unidade_tematica) values (1354, 13, 'EM13MAT313', true, true, 'Utilizar, quando necessário, a notação científica para expressar uma medida, compreendendo as noções de algarismos significativos e algarismos duvidosos, e reconhecendo que toda medida é inevitavelmente acompanhada de erro', Null, Null, Null, Null);
insert into habilidade (id, id_componente, codigo, bncc, ativo, descricao, campo_atuacao, pratica_liguagem, objeto_conhecimento, unidade_tematica) values (1355, 13, 'EM13MAT314', true, true, 'Resolver e elaborar problemas que envolvem grandezas determinadas pela razão ou pelo produto de outras (velocidade, densidade demográfica, energia elétrica etc)', Null, Null, Null, Null);
insert into habilidade (id, id_componente, codigo, bncc, ativo, descricao, campo_atuacao, pratica_liguagem, objeto_conhecimento, unidade_tematica) values (1356, 13, 'EM13MAT315', true, true, 'Investigar e registrar, por meio de um fluxograma, quando possível, um algoritmo que resolve um problema', Null, Null, Null, Null);
insert into habilidade (id, id_componente, codigo, bncc, ativo, descricao, campo_atuacao, pratica_liguagem, objeto_conhecimento, unidade_tematica) values (1357, 13, 'EM13MAT316', true, true, 'Resolver e elaborar problemas, em diferentes contextos, que envolvem cálculo e interpretação das medidas de tendência central (média, moda, mediana) e das medidas de dispersão (amplitude, variância e desvio padrão)', Null, Null, Null, Null);
insert into habilidade (id, id_componente, codigo, bncc, ativo, descricao, campo_atuacao, pratica_liguagem, objeto_conhecimento, unidade_tematica) values (1358, 13, 'EM13MAT401', true, true, 'Converter representações algébricas de funções polinomiais de 1º grau em representações geométricas no plano cartesiano, distinguindo os casos nos quais o comportamento é proporcional, recorrendo ou não a softwares ou aplicativos de álgebra e geometria dinâmica', Null, Null, Null, Null);
insert into habilidade (id, id_componente, codigo, bncc, ativo, descricao, campo_atuacao, pratica_liguagem, objeto_conhecimento, unidade_tematica) values (1359, 13, 'EM13MAT402', true, true, 'Converter representações algébricas de funções polinomiais de 2º grau em representações geométricas no plano cartesiano, distinguindo os casos nos quais uma variável for diretamente proporcional ao quadrado da outra, recorrendo ou não a softwares ou aplicativos de álgebra e geometria dinâmica, entre outros materiais', Null, Null, Null, Null);
insert into habilidade (id, id_componente, codigo, bncc, ativo, descricao, campo_atuacao, pratica_liguagem, objeto_conhecimento, unidade_tematica) values (1360, 13, 'EM13MAT403', true, true, 'Analisar e estabelecer relações, com ou sem apoio de tecnologias digitais, entre as representações de funções exponencial e logarítmica expressas em tabelas e em plano cartesiano, para identificar as características fundamentais (domínio, imagem, crescimento) de cada função', Null, Null, Null, Null);
insert into habilidade (id, id_componente, codigo, bncc, ativo, descricao, campo_atuacao, pratica_liguagem, objeto_conhecimento, unidade_tematica) values (1361, 13, 'EM13MAT404', true, true, 'Analisar funções definidas por uma ou mais sentenças (tabela do Imposto de Renda, contas de luz, água, gás etc), em suas representações algébrica e gráfica, identificando domínios de validade, imagem, crescimento e decrescimento, e convertendo essas representações de uma para outra, com ou sem apoio de tecnologias digitais', Null, Null, Null, Null);
insert into habilidade (id, id_componente, codigo, bncc, ativo, descricao, campo_atuacao, pratica_liguagem, objeto_conhecimento, unidade_tematica) values (1362, 13, 'EM13MAT405', true, true, 'Utilizar conceitos iniciais de uma linguagem de programação na implementação de algoritmos escritos em linguagem corrente e/ou matemática', Null, Null, Null, Null);
insert into habilidade (id, id_componente, codigo, bncc, ativo, descricao, campo_atuacao, pratica_liguagem, objeto_conhecimento, unidade_tematica) values (1363, 13, 'EM13MAT406', true, true, 'Construir e interpretar tabelas e gráficos de frequências com base em dados obtidos em pesquisas por amostras estatísticas, incluindo ou não o uso de softwares que inter-relacionem estatística, geometria e álgebra', Null, Null, Null, Null);
insert into habilidade (id, id_componente, codigo, bncc, ativo, descricao, campo_atuacao, pratica_liguagem, objeto_conhecimento, unidade_tematica) values (1364, 13, 'EM13MAT407', true, true, 'Interpretar e comparar conjuntos de dados estatísticos por meio de diferentes diagramas e gráficos (histograma, de caixa (box-plot), de ramos e folhas, entre outros), reconhecendo os mais eficientes para sua análise', Null, Null, Null, Null);
insert into habilidade (id, id_componente, codigo, bncc, ativo, descricao, campo_atuacao, pratica_liguagem, objeto_conhecimento, unidade_tematica) values (1365, 13, 'EM13MAT501', true, true, 'Investigar relações entre números expressos em tabelas para representá-los no plano cartesiano, identificando padrões e criando conjecturas para generalizar e expressar algebricamente essa generalização, reconhecendo quando essa representação é de função polinomial de 1º grau', Null, Null, Null, Null);
insert into habilidade (id, id_componente, codigo, bncc, ativo, descricao, campo_atuacao, pratica_liguagem, objeto_conhecimento, unidade_tematica) values (1366, 13, 'EM13MAT502', true, true, 'Investigar relações entre números expressos em tabelas para representá-los no plano cartesiano, identificando padrões e criando conjecturas para generalizar e expressar algebricamente essa generalização, reconhecendo quando essa representação é de função polinomial de 2º grau do tipo y = ax2', Null, Null, Null, Null);
insert into habilidade (id, id_componente, codigo, bncc, ativo, descricao, campo_atuacao, pratica_liguagem, objeto_conhecimento, unidade_tematica) values (1367, 13, 'EM13MAT503', true, true, 'Investigar pontos de máximo ou de mínimo de funções quadráticas em contextos envolvendo superfícies, Matemática Financeira ou Cinemática, entre outros, com apoio de tecnologias digitais', Null, Null, Null, Null);
insert into habilidade (id, id_componente, codigo, bncc, ativo, descricao, campo_atuacao, pratica_liguagem, objeto_conhecimento, unidade_tematica) values (1368, 13, 'EM13MAT504', true, true, 'Investigar processos de obtenção da medida do volume de prismas, pirâmides, cilindros e cones, incluindo o princípio de Cavalieri, para a obtenção das fórmulas de cálculo da medida do volume dessas figuras', Null, Null, Null, Null);
insert into habilidade (id, id_componente, codigo, bncc, ativo, descricao, campo_atuacao, pratica_liguagem, objeto_conhecimento, unidade_tematica) values (1369, 13, 'EM13MAT505', true, true, 'Resolver problemas sobre ladrilhamento do plano, com ou sem apoio de aplicativos de geometria dinâmica, para conjecturar a respeito dos tipos ou composição de polígonos que podem ser utilizados em ladrilhamento, generalizando padrões observados', Null, Null, Null, Null);
insert into habilidade (id, id_componente, codigo, bncc, ativo, descricao, campo_atuacao, pratica_liguagem, objeto_conhecimento, unidade_tematica) values (1370, 13, 'EM13MAT506', true, true, 'Representar graficamente a variação da área e do perímetro de um polígono regular quando os comprimentos de seus lados variam, analisando e classificando as funções envolvidas', Null, Null, Null, Null);
insert into habilidade (id, id_componente, codigo, bncc, ativo, descricao, campo_atuacao, pratica_liguagem, objeto_conhecimento, unidade_tematica) values (1371, 13, 'EM13MAT507', true, true, 'Identificar e associar progressões aritméticas (PA) a funções afins de domínios discretos, para análise de propriedades, dedução de algumas fórmulas e resolução de problemas', Null, Null, Null, Null);
insert into habilidade (id, id_componente, codigo, bncc, ativo, descricao, campo_atuacao, pratica_liguagem, objeto_conhecimento, unidade_tematica) values (1372, 13, 'EM13MAT508', true, true, 'Identificar e associar progressões geométricas (PG) a funções exponenciais de domínios discretos, para análise de propriedades, dedução de algumas fórmulas e resolução de problemas', Null, Null, Null, Null);
insert into habilidade (id, id_componente, codigo, bncc, ativo, descricao, campo_atuacao, pratica_liguagem, objeto_conhecimento, unidade_tematica) values (1373, 13, 'EM13MAT509', true, true, 'Investigar a deformação de ângulos e áreas provocada pelas diferentes projeções usadas em cartografia (como a cilíndrica e a cônica), com ou sem suporte de tecnologia digital', Null, Null, Null, Null);
insert into habilidade (id, id_componente, codigo, bncc, ativo, descricao, campo_atuacao, pratica_liguagem, objeto_conhecimento, unidade_tematica) values (1374, 13, 'EM13MAT510', true, true, 'Investigar conjuntos de dados relativos ao comportamento de duas variáveis numéricas, usando ou não tecnologias da informação, e, quando apropriado, levar em conta a variação e utilizar uma reta para descrever a relação observada', Null, Null, Null, Null);
insert into habilidade (id, id_componente, codigo, bncc, ativo, descricao, campo_atuacao, pratica_liguagem, objeto_conhecimento, unidade_tematica) values (1375, 13, 'EM13MAT511', true, true, 'Reconhecer a existência de diferentes tipos de espaços amostrais, discretos ou não, e de eventos, equiprováveis ou não, e investigar implicações no cálculo de probabilidades', Null, Null, Null, Null);

insert into habilidade_faixa_ano (id_habilidade, id_faixa_ano) values (1333, 13);
insert into habilidade_faixa_ano (id_habilidade, id_faixa_ano) values (1334, 13);
insert into habilidade_faixa_ano (id_habilidade, id_faixa_ano) values (1335, 13);
insert into habilidade_faixa_ano (id_habilidade, id_faixa_ano) values (1336, 13);
insert into habilidade_faixa_ano (id_habilidade, id_faixa_ano) values (1337, 13);
insert into habilidade_faixa_ano (id_habilidade, id_faixa_ano) values (1338, 13);
insert into habilidade_faixa_ano (id_habilidade, id_faixa_ano) values (1339, 13);
insert into habilidade_faixa_ano (id_habilidade, id_faixa_ano) values (1340, 13);
insert into habilidade_faixa_ano (id_habilidade, id_faixa_ano) values (1341, 13);
insert into habilidade_faixa_ano (id_habilidade, id_faixa_ano) values (1342, 13);
insert into habilidade_faixa_ano (id_habilidade, id_faixa_ano) values (1343, 13);
insert into habilidade_faixa_ano (id_habilidade, id_faixa_ano) values (1344, 13);
insert into habilidade_faixa_ano (id_habilidade, id_faixa_ano) values (1345, 13);
insert into habilidade_faixa_ano (id_habilidade, id_faixa_ano) values (1346, 13);
insert into habilidade_faixa_ano (id_habilidade, id_faixa_ano) values (1347, 13);
insert into habilidade_faixa_ano (id_habilidade, id_faixa_ano) values (1348, 13);
insert into habilidade_faixa_ano (id_habilidade, id_faixa_ano) values (1349, 13);
insert into habilidade_faixa_ano (id_habilidade, id_faixa_ano) values (1350, 13);
insert into habilidade_faixa_ano (id_habilidade, id_faixa_ano) values (1351, 13);
insert into habilidade_faixa_ano (id_habilidade, id_faixa_ano) values (1352, 13);
insert into habilidade_faixa_ano (id_habilidade, id_faixa_ano) values (1353, 13);
insert into habilidade_faixa_ano (id_habilidade, id_faixa_ano) values (1354, 13);
insert into habilidade_faixa_ano (id_habilidade, id_faixa_ano) values (1355, 13);
insert into habilidade_faixa_ano (id_habilidade, id_faixa_ano) values (1356, 13);
insert into habilidade_faixa_ano (id_habilidade, id_faixa_ano) values (1357, 13);
insert into habilidade_faixa_ano (id_habilidade, id_faixa_ano) values (1358, 13);
insert into habilidade_faixa_ano (id_habilidade, id_faixa_ano) values (1359, 13);
insert into habilidade_faixa_ano (id_habilidade, id_faixa_ano) values (1360, 13);
insert into habilidade_faixa_ano (id_habilidade, id_faixa_ano) values (1361, 13);
insert into habilidade_faixa_ano (id_habilidade, id_faixa_ano) values (1362, 13);
insert into habilidade_faixa_ano (id_habilidade, id_faixa_ano) values (1363, 13);
insert into habilidade_faixa_ano (id_habilidade, id_faixa_ano) values (1364, 13);
insert into habilidade_faixa_ano (id_habilidade, id_faixa_ano) values (1365, 13);
insert into habilidade_faixa_ano (id_habilidade, id_faixa_ano) values (1366, 13);
insert into habilidade_faixa_ano (id_habilidade, id_faixa_ano) values (1367, 13);
insert into habilidade_faixa_ano (id_habilidade, id_faixa_ano) values (1368, 13);
insert into habilidade_faixa_ano (id_habilidade, id_faixa_ano) values (1369, 13);
insert into habilidade_faixa_ano (id_habilidade, id_faixa_ano) values (1370, 13);
insert into habilidade_faixa_ano (id_habilidade, id_faixa_ano) values (1371, 13);
insert into habilidade_faixa_ano (id_habilidade, id_faixa_ano) values (1372, 13);
insert into habilidade_faixa_ano (id_habilidade, id_faixa_ano) values (1373, 13);
insert into habilidade_faixa_ano (id_habilidade, id_faixa_ano) values (1374, 13);
insert into habilidade_faixa_ano (id_habilidade, id_faixa_ano) values (1375, 13);
insert into habilidade_faixa_ano (id_habilidade, id_faixa_ano) values (1333, 14);
insert into habilidade_faixa_ano (id_habilidade, id_faixa_ano) values (1334, 14);
insert into habilidade_faixa_ano (id_habilidade, id_faixa_ano) values (1335, 14);
insert into habilidade_faixa_ano (id_habilidade, id_faixa_ano) values (1336, 14);
insert into habilidade_faixa_ano (id_habilidade, id_faixa_ano) values (1337, 14);
insert into habilidade_faixa_ano (id_habilidade, id_faixa_ano) values (1338, 14);
insert into habilidade_faixa_ano (id_habilidade, id_faixa_ano) values (1339, 14);
insert into habilidade_faixa_ano (id_habilidade, id_faixa_ano) values (1340, 14);
insert into habilidade_faixa_ano (id_habilidade, id_faixa_ano) values (1341, 14);
insert into habilidade_faixa_ano (id_habilidade, id_faixa_ano) values (1342, 14);
insert into habilidade_faixa_ano (id_habilidade, id_faixa_ano) values (1343, 14);
insert into habilidade_faixa_ano (id_habilidade, id_faixa_ano) values (1344, 14);
insert into habilidade_faixa_ano (id_habilidade, id_faixa_ano) values (1345, 14);
insert into habilidade_faixa_ano (id_habilidade, id_faixa_ano) values (1346, 14);
insert into habilidade_faixa_ano (id_habilidade, id_faixa_ano) values (1347, 14);
insert into habilidade_faixa_ano (id_habilidade, id_faixa_ano) values (1348, 14);
insert into habilidade_faixa_ano (id_habilidade, id_faixa_ano) values (1349, 14);
insert into habilidade_faixa_ano (id_habilidade, id_faixa_ano) values (1350, 14);
insert into habilidade_faixa_ano (id_habilidade, id_faixa_ano) values (1351, 14);
insert into habilidade_faixa_ano (id_habilidade, id_faixa_ano) values (1352, 14);
insert into habilidade_faixa_ano (id_habilidade, id_faixa_ano) values (1353, 14);
insert into habilidade_faixa_ano (id_habilidade, id_faixa_ano) values (1354, 14);
insert into habilidade_faixa_ano (id_habilidade, id_faixa_ano) values (1355, 14);
insert into habilidade_faixa_ano (id_habilidade, id_faixa_ano) values (1356, 14);
insert into habilidade_faixa_ano (id_habilidade, id_faixa_ano) values (1357, 14);
insert into habilidade_faixa_ano (id_habilidade, id_faixa_ano) values (1358, 14);
insert into habilidade_faixa_ano (id_habilidade, id_faixa_ano) values (1359, 14);
insert into habilidade_faixa_ano (id_habilidade, id_faixa_ano) values (1360, 14);
insert into habilidade_faixa_ano (id_habilidade, id_faixa_ano) values (1361, 14);
insert into habilidade_faixa_ano (id_habilidade, id_faixa_ano) values (1362, 14);
insert into habilidade_faixa_ano (id_habilidade, id_faixa_ano) values (1363, 14);
insert into habilidade_faixa_ano (id_habilidade, id_faixa_ano) values (1364, 14);
insert into habilidade_faixa_ano (id_habilidade, id_faixa_ano) values (1365, 14);
insert into habilidade_faixa_ano (id_habilidade, id_faixa_ano) values (1366, 14);
insert into habilidade_faixa_ano (id_habilidade, id_faixa_ano) values (1367, 14);
insert into habilidade_faixa_ano (id_habilidade, id_faixa_ano) values (1368, 14);
insert into habilidade_faixa_ano (id_habilidade, id_faixa_ano) values (1369, 14);
insert into habilidade_faixa_ano (id_habilidade, id_faixa_ano) values (1370, 14);
insert into habilidade_faixa_ano (id_habilidade, id_faixa_ano) values (1371, 14);
insert into habilidade_faixa_ano (id_habilidade, id_faixa_ano) values (1372, 14);
insert into habilidade_faixa_ano (id_habilidade, id_faixa_ano) values (1373, 14);
insert into habilidade_faixa_ano (id_habilidade, id_faixa_ano) values (1374, 14);
insert into habilidade_faixa_ano (id_habilidade, id_faixa_ano) values (1375, 14);
insert into habilidade_faixa_ano (id_habilidade, id_faixa_ano) values (1333, 15);
insert into habilidade_faixa_ano (id_habilidade, id_faixa_ano) values (1334, 15);
insert into habilidade_faixa_ano (id_habilidade, id_faixa_ano) values (1335, 15);
insert into habilidade_faixa_ano (id_habilidade, id_faixa_ano) values (1336, 15);
insert into habilidade_faixa_ano (id_habilidade, id_faixa_ano) values (1337, 15);
insert into habilidade_faixa_ano (id_habilidade, id_faixa_ano) values (1338, 15);
insert into habilidade_faixa_ano (id_habilidade, id_faixa_ano) values (1339, 15);
insert into habilidade_faixa_ano (id_habilidade, id_faixa_ano) values (1340, 15);
insert into habilidade_faixa_ano (id_habilidade, id_faixa_ano) values (1341, 15);
insert into habilidade_faixa_ano (id_habilidade, id_faixa_ano) values (1342, 15);
insert into habilidade_faixa_ano (id_habilidade, id_faixa_ano) values (1343, 15);
insert into habilidade_faixa_ano (id_habilidade, id_faixa_ano) values (1344, 15);
insert into habilidade_faixa_ano (id_habilidade, id_faixa_ano) values (1345, 15);
insert into habilidade_faixa_ano (id_habilidade, id_faixa_ano) values (1346, 15);
insert into habilidade_faixa_ano (id_habilidade, id_faixa_ano) values (1347, 15);
insert into habilidade_faixa_ano (id_habilidade, id_faixa_ano) values (1348, 15);
insert into habilidade_faixa_ano (id_habilidade, id_faixa_ano) values (1349, 15);
insert into habilidade_faixa_ano (id_habilidade, id_faixa_ano) values (1350, 15);
insert into habilidade_faixa_ano (id_habilidade, id_faixa_ano) values (1351, 15);
insert into habilidade_faixa_ano (id_habilidade, id_faixa_ano) values (1352, 15);
insert into habilidade_faixa_ano (id_habilidade, id_faixa_ano) values (1353, 15);
insert into habilidade_faixa_ano (id_habilidade, id_faixa_ano) values (1354, 15);
insert into habilidade_faixa_ano (id_habilidade, id_faixa_ano) values (1355, 15);
insert into habilidade_faixa_ano (id_habilidade, id_faixa_ano) values (1356, 15);
insert into habilidade_faixa_ano (id_habilidade, id_faixa_ano) values (1357, 15);
insert into habilidade_faixa_ano (id_habilidade, id_faixa_ano) values (1358, 15);
insert into habilidade_faixa_ano (id_habilidade, id_faixa_ano) values (1359, 15);
insert into habilidade_faixa_ano (id_habilidade, id_faixa_ano) values (1360, 15);
insert into habilidade_faixa_ano (id_habilidade, id_faixa_ano) values (1361, 15);
insert into habilidade_faixa_ano (id_habilidade, id_faixa_ano) values (1362, 15);
insert into habilidade_faixa_ano (id_habilidade, id_faixa_ano) values (1363, 15);
insert into habilidade_faixa_ano (id_habilidade, id_faixa_ano) values (1364, 15);
insert into habilidade_faixa_ano (id_habilidade, id_faixa_ano) values (1365, 15);
insert into habilidade_faixa_ano (id_habilidade, id_faixa_ano) values (1366, 15);
insert into habilidade_faixa_ano (id_habilidade, id_faixa_ano) values (1367, 15);
insert into habilidade_faixa_ano (id_habilidade, id_faixa_ano) values (1368, 15);
insert into habilidade_faixa_ano (id_habilidade, id_faixa_ano) values (1369, 15);
insert into habilidade_faixa_ano (id_habilidade, id_faixa_ano) values (1370, 15);
insert into habilidade_faixa_ano (id_habilidade, id_faixa_ano) values (1371, 15);
insert into habilidade_faixa_ano (id_habilidade, id_faixa_ano) values (1372, 15);
insert into habilidade_faixa_ano (id_habilidade, id_faixa_ano) values (1373, 15);
insert into habilidade_faixa_ano (id_habilidade, id_faixa_ano) values (1374, 15);
insert into habilidade_faixa_ano (id_habilidade, id_faixa_ano) values (1375, 15);

insert into habilidade (id, id_componente, codigo, bncc, ativo, descricao, campo_atuacao, pratica_liguagem, objeto_conhecimento, unidade_tematica) values (1376, 14, 'EM13CHS606', true, true, 'Analisar as características socioeconômicas da sociedade brasileira - com base na análise de documentos (dados, tabelas, mapas etc) de diferentes fontes - e propor medidas para enfrentar os problemas identificados e construir uma sociedade mais próspera, justa e inclusiva, que valorize o protagonismo de seus cidadãos e promova o autoconhecimento, a autoestima, a autoconfiança e a empatia', Null, Null, Null, Null);
insert into habilidade (id, id_componente, codigo, bncc, ativo, descricao, campo_atuacao, pratica_liguagem, objeto_conhecimento, unidade_tematica) values (1377, 14, 'EM13CNT101', true, true, 'Analisar e representar, com ou sem o uso de dispositivos e de aplicativos digitais específicos, as transformações e conservações em sistemas que envolvam quantidade de matéria, de energia e de movimento para realizar previsões sobre seus comportamentos em situações cotidianas e em processos produtivos que priorizem o desenvolvimento sustentável, o uso consciente dos recursos naturais e a preservação da vida em todas as suas formas', Null, Null, Null, Null);
insert into habilidade (id, id_componente, codigo, bncc, ativo, descricao, campo_atuacao, pratica_liguagem, objeto_conhecimento, unidade_tematica) values (1378, 14, 'EM13CNT102', true, true, 'Realizar previsões, avaliar intervenções e/ou construir protótipos de sistemas térmicos que visem à sustentabilidade, considerando sua composição e os efeitos das variáveis termodinâmicas sobre seu funcionamento, considerando também o uso de tecnologias digitais que auxiliem no cálculo de estimativas e no apoio à construção dos protótipos', Null, Null, Null, Null);
insert into habilidade (id, id_componente, codigo, bncc, ativo, descricao, campo_atuacao, pratica_liguagem, objeto_conhecimento, unidade_tematica) values (1379, 14, 'EM13CNT103', true, true, 'Utilizar o conhecimento sobre as radiações e suas origens para avaliar as potencialidades e os riscos de sua aplicação em equipamentos de uso cotidiano, na saúde, no ambiente, na indústria, na agricultura e na geração de energia elétrica', Null, Null, Null, Null);
insert into habilidade (id, id_componente, codigo, bncc, ativo, descricao, campo_atuacao, pratica_liguagem, objeto_conhecimento, unidade_tematica) values (1380, 14, 'EM13CNT104', true, true, 'Avaliar os benefícios e os riscos à saúde e ao ambiente, considerando a composição, a toxicidade e a reatividade de diferentes materiais e produtos, como também o nível de exposição a eles, posicionando-se criticamente e propondo soluções individuais e/ou coletivas para seus usos e descartes responsáveis', Null, Null, Null, Null);
insert into habilidade (id, id_componente, codigo, bncc, ativo, descricao, campo_atuacao, pratica_liguagem, objeto_conhecimento, unidade_tematica) values (1381, 14, 'EM13CNT105', true, true, 'Analisar os ciclos biogeoquímicos e interpretar os efeitos de fenômenos naturais e da interferência humana sobre esses ciclos, para promover ações individuais e/ ou coletivas que minimizem consequências nocivas à vida', Null, Null, Null, Null);
insert into habilidade (id, id_componente, codigo, bncc, ativo, descricao, campo_atuacao, pratica_liguagem, objeto_conhecimento, unidade_tematica) values (1382, 14, 'EM13CNT106', true, true, 'Avaliar, com ou sem o uso de dispositivos e aplicativos digitais, tecnologias e possíveis soluções para as demandas que envolvem a geração, o transporte, a distribuição e o consumo de energia elétrica, considerando a disponibilidade de recursos, a eficiência energética, a relação custo/benefício, as características geográficas e ambientais, a produção de resíduos e os impactos socioambientais e culturais', Null, Null, Null, Null);
insert into habilidade (id, id_componente, codigo, bncc, ativo, descricao, campo_atuacao, pratica_liguagem, objeto_conhecimento, unidade_tematica) values (1383, 14, 'EM13CNT107', true, true, 'Realizar previsões qualitativas e quantitativas sobre o funcionamento de geradores, motores elétricos e seus componentes, bobinas, transformadores, pilhas, baterias e dispositivos eletrônicos, com base na análise dos processos de transformação e condução de energia envolvidos - com ou sem o uso de dispositivos e aplicativos digitais -, para propor ações que visem a sustentabilidade', Null, Null, Null, Null);
insert into habilidade (id, id_componente, codigo, bncc, ativo, descricao, campo_atuacao, pratica_liguagem, objeto_conhecimento, unidade_tematica) values (1384, 14, 'EM13CNT201', true, true, 'Analisar e discutir modelos, teorias e leis propostos em diferentes épocas e culturas para comparar distintas explicações sobre o surgimento e a evolução da Vida, da Terra e do Universo com as teorias científicas aceitas atualmente', Null, Null, Null, Null);
insert into habilidade (id, id_componente, codigo, bncc, ativo, descricao, campo_atuacao, pratica_liguagem, objeto_conhecimento, unidade_tematica) values (1385, 14, 'EM13CNT202', true, true, 'Analisar as diversas formas de manifestação da vida em seus diferentes níveis de organização, bem como as condições ambientais favoráveis e os fatores limitantes a elas, com ou sem o uso de dispositivos e aplicativos digitais (como softwares de simulação e de realidade virtual, entre outros)', Null, Null, Null, Null);
insert into habilidade (id, id_componente, codigo, bncc, ativo, descricao, campo_atuacao, pratica_liguagem, objeto_conhecimento, unidade_tematica) values (1386, 14, 'EM13CNT203', true, true, 'Avaliar e prever efeitos de intervenções nos ecossistemas, e seus impactos nos seres vivos e no corpo humano, com base nos mecanismos de manutenção da vida, nos ciclos da matéria e nas transformações e transferências de energia, utilizando representações e simulações sobre tais fatores, com ou sem o uso de dispositivos e aplicativos digitais (como softwares de simulação e de realidade virtual, entre outros)', Null, Null, Null, Null);
insert into habilidade (id, id_componente, codigo, bncc, ativo, descricao, campo_atuacao, pratica_liguagem, objeto_conhecimento, unidade_tematica) values (1387, 14, 'EM13CNT204', true, true, 'Elaborar explicações, previsões e cálculos a respeito dos movimentos de objetos na Terra, no Sistema Solar e no Universo com base na análise das interações gravitacionais, com ou sem o uso de dispositivos e aplicativos digitais (como softwares de simulação e de realidade virtual, entre outros)', Null, Null, Null, Null);
insert into habilidade (id, id_componente, codigo, bncc, ativo, descricao, campo_atuacao, pratica_liguagem, objeto_conhecimento, unidade_tematica) values (1388, 14, 'EM13CNT205', true, true, 'Interpretar resultados e realizar previsões sobre atividades experimentais, fenômenos naturais e processos tecnológicos, com base nas noções de probabilidade e incerteza, reconhecendo os limites explicativos das ciências', Null, Null, Null, Null);
insert into habilidade (id, id_componente, codigo, bncc, ativo, descricao, campo_atuacao, pratica_liguagem, objeto_conhecimento, unidade_tematica) values (1389, 14, 'EM13CNT206', true, true, 'Discutir a importância da preservação e conservação da biodiversidade, considerando parâmetros qualitativos e quantitativos, e avaliar os efeitos da ação humana e das políticas ambientais para a garantia da sustentabilidade do planeta', Null, Null, Null, Null);
insert into habilidade (id, id_componente, codigo, bncc, ativo, descricao, campo_atuacao, pratica_liguagem, objeto_conhecimento, unidade_tematica) values (1390, 14, 'EM13CNT207', true, true, 'Identificar, analisar e discutir vulnerabilidades vinculadas às vivências e aos desafios contemporâneos aos quais as juventudes estão expostas, considerando os aspectos físico, psicoemocional e social, a fim de desenvolver e divulgar ações de prevenção e de promoção da saúde e do bem-estar', Null, Null, Null, Null);
insert into habilidade (id, id_componente, codigo, bncc, ativo, descricao, campo_atuacao, pratica_liguagem, objeto_conhecimento, unidade_tematica) values (1391, 14, 'EM13CNT208', true, true, 'Aplicar os princípios da evolução biológica para analisar a história humana, considerando sua origem, diversificação, dispersão pelo planeta e diferentes formas de interação com a natureza, valorizando e respeitando a diversidade étnica e cultural humana', Null, Null, Null, Null);
insert into habilidade (id, id_componente, codigo, bncc, ativo, descricao, campo_atuacao, pratica_liguagem, objeto_conhecimento, unidade_tematica) values (1392, 14, 'EM13CNT209', true, true, 'Analisar a evolução estelar associando-a aos modelos de origem e distribuição dos elementos químicos no Universo, compreendendo suas relações com as condições necessárias ao surgimento de sistemas solares e planetários, suas estruturas e composições e as possibilidades de existência de vida, utilizando representações e simulações, com ou sem o uso de dispositivos e aplicativos digitais (como softwares de simulação e de realidade virtual, entre outros)', Null, Null, Null, Null);
insert into habilidade (id, id_componente, codigo, bncc, ativo, descricao, campo_atuacao, pratica_liguagem, objeto_conhecimento, unidade_tematica) values (1393, 14, 'EM13CNT301', true, true, 'Construir questões, elaborar hipóteses, previsões e estimativas, empregar instrumentos de medição e representar e interpretar modelos explicativos, dados e/ou resultados experimentais para construir, avaliar e justificar conclusões no enfrentamento de situações-problema sob uma perspectiva científica', Null, Null, Null, Null);
insert into habilidade (id, id_componente, codigo, bncc, ativo, descricao, campo_atuacao, pratica_liguagem, objeto_conhecimento, unidade_tematica) values (1394, 14, 'EM13CNT302', true, true, 'Comunicar, para públicos variados, em diversos contextos, resultados de análises, pesquisas e/ou experimentos, elaborando e/ou interpretando textos, gráficos, tabelas, símbolos, códigos, sistemas de classificação e equações, por meio de diferentes linguagens, mídias, tecnologias digitais de informação e comunicação (TDIC), de modo a participar e/ou promover debates em torno de temas científicos e/ou tecnológicos de relevância sociocultural e ambiental', Null, Null, Null, Null);
insert into habilidade (id, id_componente, codigo, bncc, ativo, descricao, campo_atuacao, pratica_liguagem, objeto_conhecimento, unidade_tematica) values (1395, 14, 'EM13CNT303', true, true, 'Interpretar textos de divulgação científica que tratem de temáticas das Ciências da Natureza, disponíveis em diferentes mídias, considerando a apresentação dos dados, tanto na forma de textos como em equações, gráficos e/ou tabelas, a consistência dos argumentos e a coerência das conclusões, visando construir estratégias de seleção de fontes confiáveis de informações', Null, Null, Null, Null);
insert into habilidade (id, id_componente, codigo, bncc, ativo, descricao, campo_atuacao, pratica_liguagem, objeto_conhecimento, unidade_tematica) values (1396, 14, 'EM13CNT304', true, true, 'Analisar e debater situações controversas sobre a aplicação de conhecimentos da área de Ciências da Natureza (tais como tecnologias do DNA, tratamentos com células-tronco, neurotecnologias, produção de tecnologias de defesa, estratégias de controle de pragas, entre outros), com base em argumentos consistentes, legais, éticos e responsáveis, distinguindo diferentes pontos de vista', Null, Null, Null, Null);
insert into habilidade (id, id_componente, codigo, bncc, ativo, descricao, campo_atuacao, pratica_liguagem, objeto_conhecimento, unidade_tematica) values (1397, 14, 'EM13CNT305', true, true, 'Investigar e discutir o uso indevido de conhecimentos das Ciências da Natureza na justificativa de processos de discriminação, segregação e privação de direitos individuais e coletivos, em diferentes contextos sociais e históricos, para promover a equidade e o respeito à diversidade', Null, Null, Null, Null);
insert into habilidade (id, id_componente, codigo, bncc, ativo, descricao, campo_atuacao, pratica_liguagem, objeto_conhecimento, unidade_tematica) values (1398, 14, 'EM13CNT306', true, true, 'Avaliar os riscos envolvidos em atividades cotidianas, aplicando conhecimentos das Ciências da Natureza, para justificar o uso de equipamentos e recursos, bem como comportamentos de segurança, visando à integridade física, individual e coletiva, e socioambiental, podendo fazer uso de dispositivos e aplicativos digitais que viabilizem a estruturação de simulações de tais riscos', Null, Null, Null, Null);
insert into habilidade (id, id_componente, codigo, bncc, ativo, descricao, campo_atuacao, pratica_liguagem, objeto_conhecimento, unidade_tematica) values (1399, 14, 'EM13CNT307', true, true, 'Analisar as propriedades dos materiais para avaliar a adequação de seu uso em diferentes aplicações (industriais, cotidianas, arquitetônicas ou tecnológicas) e/ ou propor soluções seguras e sustentáveis considerando seu contexto local e cotidiano', Null, Null, Null, Null);
insert into habilidade (id, id_componente, codigo, bncc, ativo, descricao, campo_atuacao, pratica_liguagem, objeto_conhecimento, unidade_tematica) values (1400, 14, 'EM13CNT308', true, true, 'Investigar e analisar o funcionamento de equipamentos elétricos e/ou eletrônicos e sistemas de automação para compreender as tecnologias contemporâneas e avaliar seus impactos sociais, culturais e ambientais', Null, Null, Null, Null);
insert into habilidade (id, id_componente, codigo, bncc, ativo, descricao, campo_atuacao, pratica_liguagem, objeto_conhecimento, unidade_tematica) values (1401, 14, 'EM13CNT309', true, true, 'Analisar questões socioambientais, políticas e econômicas relativas à dependência do mundo atual em relação aos recursos não renováveis e discutir a necessidade de introdução de alternativas e novas tecnologias energéticas e de materiais, comparando diferentes tipos de motores e processos de produção de novos materiais', Null, Null, Null, Null);

insert into habilidade_faixa_ano (id_habilidade, id_faixa_ano) values (1376, 13);
insert into habilidade_faixa_ano (id_habilidade, id_faixa_ano) values (1377, 13);
insert into habilidade_faixa_ano (id_habilidade, id_faixa_ano) values (1378, 13);
insert into habilidade_faixa_ano (id_habilidade, id_faixa_ano) values (1379, 13);
insert into habilidade_faixa_ano (id_habilidade, id_faixa_ano) values (1380, 13);
insert into habilidade_faixa_ano (id_habilidade, id_faixa_ano) values (1381, 13);
insert into habilidade_faixa_ano (id_habilidade, id_faixa_ano) values (1382, 13);
insert into habilidade_faixa_ano (id_habilidade, id_faixa_ano) values (1383, 13);
insert into habilidade_faixa_ano (id_habilidade, id_faixa_ano) values (1384, 13);
insert into habilidade_faixa_ano (id_habilidade, id_faixa_ano) values (1385, 13);
insert into habilidade_faixa_ano (id_habilidade, id_faixa_ano) values (1386, 13);
insert into habilidade_faixa_ano (id_habilidade, id_faixa_ano) values (1387, 13);
insert into habilidade_faixa_ano (id_habilidade, id_faixa_ano) values (1388, 13);
insert into habilidade_faixa_ano (id_habilidade, id_faixa_ano) values (1389, 13);
insert into habilidade_faixa_ano (id_habilidade, id_faixa_ano) values (1390, 13);
insert into habilidade_faixa_ano (id_habilidade, id_faixa_ano) values (1391, 13);
insert into habilidade_faixa_ano (id_habilidade, id_faixa_ano) values (1392, 13);
insert into habilidade_faixa_ano (id_habilidade, id_faixa_ano) values (1393, 13);
insert into habilidade_faixa_ano (id_habilidade, id_faixa_ano) values (1394, 13);
insert into habilidade_faixa_ano (id_habilidade, id_faixa_ano) values (1395, 13);
insert into habilidade_faixa_ano (id_habilidade, id_faixa_ano) values (1396, 13);
insert into habilidade_faixa_ano (id_habilidade, id_faixa_ano) values (1397, 13);
insert into habilidade_faixa_ano (id_habilidade, id_faixa_ano) values (1398, 13);
insert into habilidade_faixa_ano (id_habilidade, id_faixa_ano) values (1399, 13);
insert into habilidade_faixa_ano (id_habilidade, id_faixa_ano) values (1400, 13);
insert into habilidade_faixa_ano (id_habilidade, id_faixa_ano) values (1401, 13);
insert into habilidade_faixa_ano (id_habilidade, id_faixa_ano) values (1376, 14);
insert into habilidade_faixa_ano (id_habilidade, id_faixa_ano) values (1377, 14);
insert into habilidade_faixa_ano (id_habilidade, id_faixa_ano) values (1378, 14);
insert into habilidade_faixa_ano (id_habilidade, id_faixa_ano) values (1379, 14);
insert into habilidade_faixa_ano (id_habilidade, id_faixa_ano) values (1380, 14);
insert into habilidade_faixa_ano (id_habilidade, id_faixa_ano) values (1381, 14);
insert into habilidade_faixa_ano (id_habilidade, id_faixa_ano) values (1382, 14);
insert into habilidade_faixa_ano (id_habilidade, id_faixa_ano) values (1383, 14);
insert into habilidade_faixa_ano (id_habilidade, id_faixa_ano) values (1384, 14);
insert into habilidade_faixa_ano (id_habilidade, id_faixa_ano) values (1385, 14);
insert into habilidade_faixa_ano (id_habilidade, id_faixa_ano) values (1386, 14);
insert into habilidade_faixa_ano (id_habilidade, id_faixa_ano) values (1387, 14);
insert into habilidade_faixa_ano (id_habilidade, id_faixa_ano) values (1388, 14);
insert into habilidade_faixa_ano (id_habilidade, id_faixa_ano) values (1389, 14);
insert into habilidade_faixa_ano (id_habilidade, id_faixa_ano) values (1390, 14);
insert into habilidade_faixa_ano (id_habilidade, id_faixa_ano) values (1391, 14);
insert into habilidade_faixa_ano (id_habilidade, id_faixa_ano) values (1392, 14);
insert into habilidade_faixa_ano (id_habilidade, id_faixa_ano) values (1393, 14);
insert into habilidade_faixa_ano (id_habilidade, id_faixa_ano) values (1394, 14);
insert into habilidade_faixa_ano (id_habilidade, id_faixa_ano) values (1395, 14);
insert into habilidade_faixa_ano (id_habilidade, id_faixa_ano) values (1396, 14);
insert into habilidade_faixa_ano (id_habilidade, id_faixa_ano) values (1397, 14);
insert into habilidade_faixa_ano (id_habilidade, id_faixa_ano) values (1398, 14);
insert into habilidade_faixa_ano (id_habilidade, id_faixa_ano) values (1399, 14);
insert into habilidade_faixa_ano (id_habilidade, id_faixa_ano) values (1400, 14);
insert into habilidade_faixa_ano (id_habilidade, id_faixa_ano) values (1401, 14);
insert into habilidade_faixa_ano (id_habilidade, id_faixa_ano) values (1376, 15);
insert into habilidade_faixa_ano (id_habilidade, id_faixa_ano) values (1377, 15);
insert into habilidade_faixa_ano (id_habilidade, id_faixa_ano) values (1378, 15);
insert into habilidade_faixa_ano (id_habilidade, id_faixa_ano) values (1379, 15);
insert into habilidade_faixa_ano (id_habilidade, id_faixa_ano) values (1380, 15);
insert into habilidade_faixa_ano (id_habilidade, id_faixa_ano) values (1381, 15);
insert into habilidade_faixa_ano (id_habilidade, id_faixa_ano) values (1382, 15);
insert into habilidade_faixa_ano (id_habilidade, id_faixa_ano) values (1383, 15);
insert into habilidade_faixa_ano (id_habilidade, id_faixa_ano) values (1384, 15);
insert into habilidade_faixa_ano (id_habilidade, id_faixa_ano) values (1385, 15);
insert into habilidade_faixa_ano (id_habilidade, id_faixa_ano) values (1386, 15);
insert into habilidade_faixa_ano (id_habilidade, id_faixa_ano) values (1387, 15);
insert into habilidade_faixa_ano (id_habilidade, id_faixa_ano) values (1388, 15);
insert into habilidade_faixa_ano (id_habilidade, id_faixa_ano) values (1389, 15);
insert into habilidade_faixa_ano (id_habilidade, id_faixa_ano) values (1390, 15);
insert into habilidade_faixa_ano (id_habilidade, id_faixa_ano) values (1391, 15);
insert into habilidade_faixa_ano (id_habilidade, id_faixa_ano) values (1392, 15);
insert into habilidade_faixa_ano (id_habilidade, id_faixa_ano) values (1393, 15);
insert into habilidade_faixa_ano (id_habilidade, id_faixa_ano) values (1394, 15);
insert into habilidade_faixa_ano (id_habilidade, id_faixa_ano) values (1395, 15);
insert into habilidade_faixa_ano (id_habilidade, id_faixa_ano) values (1396, 15);
insert into habilidade_faixa_ano (id_habilidade, id_faixa_ano) values (1397, 15);
insert into habilidade_faixa_ano (id_habilidade, id_faixa_ano) values (1398, 15);
insert into habilidade_faixa_ano (id_habilidade, id_faixa_ano) values (1399, 15);
insert into habilidade_faixa_ano (id_habilidade, id_faixa_ano) values (1400, 15);
insert into habilidade_faixa_ano (id_habilidade, id_faixa_ano) values (1401, 15);

insert into habilidade (id, id_componente, codigo, bncc, ativo, descricao, campo_atuacao, pratica_liguagem, objeto_conhecimento, unidade_tematica) values (1402, 15, 'EM13CHS101', true, true, 'Identificar, analisar e comparar diferentes fontes e narrativas expressas em diversas linguagens, com vistas à compreensão de ideias filosóficas e de processos e eventos históricos, geográficos, políticos, econômicos, sociais, ambientais e culturais', Null, Null, Null, Null);
insert into habilidade (id, id_componente, codigo, bncc, ativo, descricao, campo_atuacao, pratica_liguagem, objeto_conhecimento, unidade_tematica) values (1403, 15, 'EM13CHS102', true, true, 'Identificar, analisar e discutir as circunstâncias históricas, geográficas, políticas, econômicas, sociais, ambientais e culturais de matrizes conceituais (etnocentrismo, racismo, evolução, modernidade, cooperativismo/desenvolvimento etc), avaliando criticamente seu significado histórico e comparando-as a narrativas que contemplem outros agentes e discursos', Null, Null, Null, Null);
insert into habilidade (id, id_componente, codigo, bncc, ativo, descricao, campo_atuacao, pratica_liguagem, objeto_conhecimento, unidade_tematica) values (1404, 15, 'EM13CHS103', true, true, 'Elaborar hipóteses, selecionar evidências e compor argumentos relativos a processos políticos, econômicos, sociais, ambientais, culturais e epistemológicos, com base na sistematização de dados e informações de diversas naturezas (expressões artísticas, textos filosóficos e sociológicos, documentos históricos e geográficos, gráficos, mapas, tabelas, tradições orais, entre outros)', Null, Null, Null, Null);
insert into habilidade (id, id_componente, codigo, bncc, ativo, descricao, campo_atuacao, pratica_liguagem, objeto_conhecimento, unidade_tematica) values (1405, 15, 'EM13CHS104', true, true, 'Analisar objetos e vestígios da cultura material e imaterial de modo a identificar conhecimentos, valores, crenças e práticas que caracterizam a identidade e a diversidade cultural de diferentes sociedades inseridas no tempo e no espaço', Null, Null, Null, Null);
insert into habilidade (id, id_componente, codigo, bncc, ativo, descricao, campo_atuacao, pratica_liguagem, objeto_conhecimento, unidade_tematica) values (1406, 15, 'EM13CHS105', true, true, 'Identificar, contextualizar e criticar tipologias evolutivas (populações nômades e sedentárias, entre outras) e oposições dicotômicas (cidade/campo, cultura/ natureza, civilizados/bárbaros, razão/emoção, material/virtual etc), explicitando suas ambiguidades', Null, Null, Null, Null);
insert into habilidade (id, id_componente, codigo, bncc, ativo, descricao, campo_atuacao, pratica_liguagem, objeto_conhecimento, unidade_tematica) values (1407, 15, 'EM13CHS106', true, true, 'Utilizar as linguagens cartográfica, gráfica e iconográfica, diferentes gêneros textuais e tecnologias digitais de informação e comunicação de forma crítica, significativa, reflexiva e ética nas diversas práticas sociais, incluindo as escolares, para se comunicar, acessar e difundir informações, produzir conhecimentos, resolver problemas e exercer protagonismo e autoria na vida pessoal e coletiva', Null, Null, Null, Null);
insert into habilidade (id, id_componente, codigo, bncc, ativo, descricao, campo_atuacao, pratica_liguagem, objeto_conhecimento, unidade_tematica) values (1408, 15, 'EM13CHS201', true, true, 'Analisar e caracterizar as dinâmicas das populações, das mercadorias e do capital nos diversos continentes, com destaque para a mobilidade e a fixação de pessoas, grupos humanos e povos, em função de eventos naturais, políticos, econômicos, sociais, religiosos e culturais, de modo a compreender e posicionar-se criticamente em relação a esses processos e às possíveis relações entre eles', Null, Null, Null, Null);
insert into habilidade (id, id_componente, codigo, bncc, ativo, descricao, campo_atuacao, pratica_liguagem, objeto_conhecimento, unidade_tematica) values (1409, 15, 'EM13CHS202', true, true, 'Analisar e avaliar os impactos das tecnologias na estruturação e nas dinâmicas de grupos, povos e sociedades contemporâneos (fluxos populacionais, financeiros, de mercadorias, de informações, de valores éticos e culturais etc), bem como suas interferências nas decisões políticas, sociais, ambientais, econômicas e culturais', Null, Null, Null, Null);
insert into habilidade (id, id_componente, codigo, bncc, ativo, descricao, campo_atuacao, pratica_liguagem, objeto_conhecimento, unidade_tematica) values (1410, 15, 'EM13CHS203', true, true, 'Comparar os significados de território, fronteiras e vazio (espacial, temporal e cultural) em diferentes sociedades, contextualizando e relativizando visões dualistas (civilização/barbárie, nomadismo/sedentarismo, esclarecimento/obscurantismo, cidade/campo, entre outras)', Null, Null, Null, Null);
insert into habilidade (id, id_componente, codigo, bncc, ativo, descricao, campo_atuacao, pratica_liguagem, objeto_conhecimento, unidade_tematica) values (1411, 15, 'EM13CHS204', true, true, 'Comparar e avaliar os processos de ocupação do espaço e a formação de territórios, territorialidades e fronteiras, identificando o papel de diferentes agentes (como grupos sociais e culturais, impérios, Estados Nacionais e organismos internacionais) e considerando os conflitos populacionais (internos e externos), a diversidade étnico-cultural e as características socioeconômicas, políticas e tecnológicas', Null, Null, Null, Null);
insert into habilidade (id, id_componente, codigo, bncc, ativo, descricao, campo_atuacao, pratica_liguagem, objeto_conhecimento, unidade_tematica) values (1412, 15, 'EM13CHS205', true, true, 'Analisar a produção de diferentes territorialidades em suas dimensões culturais, econômicas, ambientais, políticas e sociais, no Brasil e no mundo contemporâneo, com destaque para as culturas juvenis', Null, Null, Null, Null);
insert into habilidade (id, id_componente, codigo, bncc, ativo, descricao, campo_atuacao, pratica_liguagem, objeto_conhecimento, unidade_tematica) values (1413, 15, 'EM13CHS206', true, true, 'Analisar a ocupação humana e a produção do espaço em diferentes tempos, aplicando os princípios de localização, distribuição, ordem, extensão, conexão, arranjos, casualidade, entre outros que contribuem para o raciocínio geográfico', Null, Null, Null, Null);
insert into habilidade (id, id_componente, codigo, bncc, ativo, descricao, campo_atuacao, pratica_liguagem, objeto_conhecimento, unidade_tematica) values (1414, 15, 'EM13CHS301', true, true, 'Problematizar hábitos e práticas individuais e coletivos de produção, reaproveitamento e descarte de resíduos em metrópoles, áreas urbanas e rurais, e comunidades com diferentes características socioeconômicas, e elaborar e/ou selecionar propostas de ação que promovam a sustentabilidade socioambiental, o combate à poluição sistêmica e o consumo responsável', Null, Null, Null, Null);
insert into habilidade (id, id_componente, codigo, bncc, ativo, descricao, campo_atuacao, pratica_liguagem, objeto_conhecimento, unidade_tematica) values (1415, 15, 'EM13CHS302', true, true, 'Analisar e avaliar criticamente os impactos econômicos e socioambientais de cadeias produtivas ligadas à exploração de recursos naturais e às atividades agropecuárias em diferentes ambientes e escalas de análise, considerando o modo de vida das populações locais - entre elas as indígenas, quilombolas e demais comunidades tradicionais -, suas práticas agroextrativistas e o compromisso com a sustentabilidade', Null, Null, Null, Null);
insert into habilidade (id, id_componente, codigo, bncc, ativo, descricao, campo_atuacao, pratica_liguagem, objeto_conhecimento, unidade_tematica) values (1416, 15, 'EM13CHS303', true, true, 'Debater e avaliar o papel da indústria cultural e das culturas de massa no estímulo ao consumismo, seus impactos econômicos e socioambientais, com vistas à percepção crítica das necessidades criadas pelo consumo e à adoção de hábitos sustentáveis', Null, Null, Null, Null);
insert into habilidade (id, id_componente, codigo, bncc, ativo, descricao, campo_atuacao, pratica_liguagem, objeto_conhecimento, unidade_tematica) values (1417, 15, 'EM13CHS304', true, true, 'Analisar os impactos socioambientais decorrentes de práticas de instituições governamentais, de empresas e de indivíduos, discutindo as origens dessas práticas, selecionando, incorporando e promovendo aquelas que favoreçam a consciência e a ética socioambiental e o consumo responsável', Null, Null, Null, Null);
insert into habilidade (id, id_componente, codigo, bncc, ativo, descricao, campo_atuacao, pratica_liguagem, objeto_conhecimento, unidade_tematica) values (1418, 15, 'EM13CHS305', true, true, 'Analisar e discutir o papel e as competências legais dos organismos nacionais e internacionais de regulação, controle e fiscalização ambiental e dos acordos internacionais para a promoção e a garantia de práticas ambientais sustentáveis', Null, Null, Null, Null);
insert into habilidade (id, id_componente, codigo, bncc, ativo, descricao, campo_atuacao, pratica_liguagem, objeto_conhecimento, unidade_tematica) values (1419, 15, 'EM13CHS306', true, true, 'Contextualizar, comparar e avaliar os impactos de diferentes modelos socioeconômicos no uso dos recursos naturais e na promoção da sustentabilidade econômica e socioambiental do planeta (como a adoção dos sistemas da agrobiodiversidade e agroflorestal por diferentes comunidades, entre outros)', Null, Null, Null, Null);
insert into habilidade (id, id_componente, codigo, bncc, ativo, descricao, campo_atuacao, pratica_liguagem, objeto_conhecimento, unidade_tematica) values (1420, 15, 'EM13CHS401', true, true, 'Identificar e analisar as relações entre sujeitos, grupos, classes sociais e sociedades com culturas distintas diante das transformações técnicas, tecnológicas e informacionais e das novas formas de trabalho ao longo do tempo, em diferentes espaços (urbanos e rurais) e contextos', Null, Null, Null, Null);
insert into habilidade (id, id_componente, codigo, bncc, ativo, descricao, campo_atuacao, pratica_liguagem, objeto_conhecimento, unidade_tematica) values (1421, 15, 'EM13CHS402', true, true, 'Analisar e comparar indicadores de emprego, trabalho e renda em diferentes espaços, escalas e tempos, associando-os a processos de estratificação e desigualdade socioeconômica', Null, Null, Null, Null);
insert into habilidade (id, id_componente, codigo, bncc, ativo, descricao, campo_atuacao, pratica_liguagem, objeto_conhecimento, unidade_tematica) values (1422, 15, 'EM13CHS403', true, true, 'Caracterizar e analisar os impactos das transformações tecnológicas nas relações sociais e de trabalho próprias da contemporaneidade, promovendo ações voltadas à superação das desigualdades sociais, da opressão e da violação dos Direitos Humanos', Null, Null, Null, Null);
insert into habilidade (id, id_componente, codigo, bncc, ativo, descricao, campo_atuacao, pratica_liguagem, objeto_conhecimento, unidade_tematica) values (1423, 15, 'EM13CHS404', true, true, 'Identificar e discutir os múltiplos aspectos do trabalho em diferentes circunstâncias e contextos históricos e/ou geográficos e seus efeitos sobre as gerações, em especial, os jovens, levando em consideração, na atualidade, as transformações técnicas, tecnológicas e informacionais', Null, Null, Null, Null);
insert into habilidade (id, id_componente, codigo, bncc, ativo, descricao, campo_atuacao, pratica_liguagem, objeto_conhecimento, unidade_tematica) values (1424, 15, 'EM13CHS501', true, true, 'Analisar os fundamentos da ética em diferentes culturas, tempos e espaços, identificando processos que contribuem para a formação de sujeitos éticos que valorizem a liberdade, a cooperação, a autonomia, o empreendedorismo, a convivência democrática e a solidariedade', Null, Null, Null, Null);
insert into habilidade (id, id_componente, codigo, bncc, ativo, descricao, campo_atuacao, pratica_liguagem, objeto_conhecimento, unidade_tematica) values (1425, 15, 'EM13CHS502', true, true, 'Analisar situações da vida cotidiana, estilos de vida, valores, condutas etc, desnaturalizando e problematizando formas de desigualdade, preconceito, intolerância e discriminação, e identificar ações que promovam os Direitos Humanos, a solidariedade e o respeito às diferenças e às liberdades individuais', Null, Null, Null, Null);
insert into habilidade (id, id_componente, codigo, bncc, ativo, descricao, campo_atuacao, pratica_liguagem, objeto_conhecimento, unidade_tematica) values (1426, 15, 'EM13CHS503', true, true, 'Identificar diversas formas de violência (física, simbólica, psicológica etc), suas principais vítimas, suas causas sociais, psicológicas e afetivas, seus significados e usos políticos, sociais e culturais, discutindo e avaliando mecanismos para combatê-las, com base em argumentos éticos', Null, Null, Null, Null);
insert into habilidade (id, id_componente, codigo, bncc, ativo, descricao, campo_atuacao, pratica_liguagem, objeto_conhecimento, unidade_tematica) values (1427, 15, 'EM13CHS504', true, true, 'Analisar e avaliar os impasses ético-políticos decorrentes das transformações culturais, sociais, históricas, científicas e tecnológicas no mundo contemporâneo e seus desdobramentos nas atitudes e nos valores de indivíduos, grupos sociais, sociedades e culturas', Null, Null, Null, Null);
insert into habilidade (id, id_componente, codigo, bncc, ativo, descricao, campo_atuacao, pratica_liguagem, objeto_conhecimento, unidade_tematica) values (1428, 15, 'EM13CHS601', true, true, 'Identificar e analisar as demandas e os protagonismos políticos, sociais e culturais dos povos indígenas e das populações afrodescendentes (incluindo as quilombolas) no Brasil contemporâneo considerando a história das Américas e o contexto de exclusão e inclusão precária desses grupos na ordem social e econômica atual, promovendo ações para a redução das desigualdades étnico-raciais no país', Null, Null, Null, Null);
insert into habilidade (id, id_componente, codigo, bncc, ativo, descricao, campo_atuacao, pratica_liguagem, objeto_conhecimento, unidade_tematica) values (1429, 15, 'EM13CHS602', true, true, 'Identificar e caracterizar a presença do paternalismo, do autoritarismo e do populismo na política, na sociedade e nas culturas brasileira e latino-americana, em períodos ditatoriais e democráticos, relacionando-os com as formas de organização e de articulação das sociedades em defesa da autonomia, da liberdade, do diálogo e da promoção da democracia, da cidadania e dos direitos humanos na sociedade atual', Null, Null, Null, Null);
insert into habilidade (id, id_componente, codigo, bncc, ativo, descricao, campo_atuacao, pratica_liguagem, objeto_conhecimento, unidade_tematica) values (1430, 15, 'EM13CHS603', true, true, 'Analisar a formação de diferentes países, povos e nações e de suas experiências políticas e de exercício da cidadania, aplicando conceitos políticos básicos (Estado, poder, formas, sistemas e regimes de governo, soberania etc)', Null, Null, Null, Null);
insert into habilidade (id, id_componente, codigo, bncc, ativo, descricao, campo_atuacao, pratica_liguagem, objeto_conhecimento, unidade_tematica) values (1431, 15, 'EM13CHS604', true, true, 'Discutir o papel dos organismos internacionais no contexto mundial, com vistas à elaboração de uma visão crítica sobre seus limites e suas formas de atuação nos países, considerando os aspectos positivos e negativos dessa atuação para as populações locais', Null, Null, Null, Null);
insert into habilidade (id, id_componente, codigo, bncc, ativo, descricao, campo_atuacao, pratica_liguagem, objeto_conhecimento, unidade_tematica) values (1432, 15, 'EM13CHS605', true, true, 'Analisar os princípios da declaração dos Direitos Humanos, recorrendo às noções de justiça, igualdade e fraternidade, identificar os progressos e entraves à concretização desses direitos nas diversas sociedades contemporâneas e promover ações concretas diante da desigualdade e das violações desses direitos em diferentes espaços de vivência, respeitando a identidade de cada grupo e de cada indivíduo', Null, Null, Null, Null);
insert into habilidade (id, id_componente, codigo, bncc, ativo, descricao, campo_atuacao, pratica_liguagem, objeto_conhecimento, unidade_tematica) values (1433, 15, 'EM13LGG105', true, true, 'Analisar e experimentar diversos processos de remidiação de produções multissemióticas, multimídia e transmídia, desenvolvendo diferentes modos de participação e intervenção social', Null, Null, Null, Null);

insert into habilidade_faixa_ano (id_habilidade, id_faixa_ano) values (1402, 13);
insert into habilidade_faixa_ano (id_habilidade, id_faixa_ano) values (1403, 13);
insert into habilidade_faixa_ano (id_habilidade, id_faixa_ano) values (1404, 13);
insert into habilidade_faixa_ano (id_habilidade, id_faixa_ano) values (1405, 13);
insert into habilidade_faixa_ano (id_habilidade, id_faixa_ano) values (1406, 13);
insert into habilidade_faixa_ano (id_habilidade, id_faixa_ano) values (1407, 13);
insert into habilidade_faixa_ano (id_habilidade, id_faixa_ano) values (1408, 13);
insert into habilidade_faixa_ano (id_habilidade, id_faixa_ano) values (1409, 13);
insert into habilidade_faixa_ano (id_habilidade, id_faixa_ano) values (1410, 13);
insert into habilidade_faixa_ano (id_habilidade, id_faixa_ano) values (1411, 13);
insert into habilidade_faixa_ano (id_habilidade, id_faixa_ano) values (1412, 13);
insert into habilidade_faixa_ano (id_habilidade, id_faixa_ano) values (1413, 13);
insert into habilidade_faixa_ano (id_habilidade, id_faixa_ano) values (1414, 13);
insert into habilidade_faixa_ano (id_habilidade, id_faixa_ano) values (1415, 13);
insert into habilidade_faixa_ano (id_habilidade, id_faixa_ano) values (1416, 13);
insert into habilidade_faixa_ano (id_habilidade, id_faixa_ano) values (1417, 13);
insert into habilidade_faixa_ano (id_habilidade, id_faixa_ano) values (1418, 13);
insert into habilidade_faixa_ano (id_habilidade, id_faixa_ano) values (1419, 13);
insert into habilidade_faixa_ano (id_habilidade, id_faixa_ano) values (1420, 13);
insert into habilidade_faixa_ano (id_habilidade, id_faixa_ano) values (1421, 13);
insert into habilidade_faixa_ano (id_habilidade, id_faixa_ano) values (1422, 13);
insert into habilidade_faixa_ano (id_habilidade, id_faixa_ano) values (1423, 13);
insert into habilidade_faixa_ano (id_habilidade, id_faixa_ano) values (1424, 13);
insert into habilidade_faixa_ano (id_habilidade, id_faixa_ano) values (1425, 13);
insert into habilidade_faixa_ano (id_habilidade, id_faixa_ano) values (1426, 13);
insert into habilidade_faixa_ano (id_habilidade, id_faixa_ano) values (1427, 13);
insert into habilidade_faixa_ano (id_habilidade, id_faixa_ano) values (1428, 13);
insert into habilidade_faixa_ano (id_habilidade, id_faixa_ano) values (1429, 13);
insert into habilidade_faixa_ano (id_habilidade, id_faixa_ano) values (1430, 13);
insert into habilidade_faixa_ano (id_habilidade, id_faixa_ano) values (1431, 13);
insert into habilidade_faixa_ano (id_habilidade, id_faixa_ano) values (1432, 13);
insert into habilidade_faixa_ano (id_habilidade, id_faixa_ano) values (1433, 13);
insert into habilidade_faixa_ano (id_habilidade, id_faixa_ano) values (1402, 14);
insert into habilidade_faixa_ano (id_habilidade, id_faixa_ano) values (1403, 14);
insert into habilidade_faixa_ano (id_habilidade, id_faixa_ano) values (1404, 14);
insert into habilidade_faixa_ano (id_habilidade, id_faixa_ano) values (1405, 14);
insert into habilidade_faixa_ano (id_habilidade, id_faixa_ano) values (1406, 14);
insert into habilidade_faixa_ano (id_habilidade, id_faixa_ano) values (1407, 14);
insert into habilidade_faixa_ano (id_habilidade, id_faixa_ano) values (1408, 14);
insert into habilidade_faixa_ano (id_habilidade, id_faixa_ano) values (1409, 14);
insert into habilidade_faixa_ano (id_habilidade, id_faixa_ano) values (1410, 14);
insert into habilidade_faixa_ano (id_habilidade, id_faixa_ano) values (1411, 14);
insert into habilidade_faixa_ano (id_habilidade, id_faixa_ano) values (1412, 14);
insert into habilidade_faixa_ano (id_habilidade, id_faixa_ano) values (1413, 14);
insert into habilidade_faixa_ano (id_habilidade, id_faixa_ano) values (1414, 14);
insert into habilidade_faixa_ano (id_habilidade, id_faixa_ano) values (1415, 14);
insert into habilidade_faixa_ano (id_habilidade, id_faixa_ano) values (1416, 14);
insert into habilidade_faixa_ano (id_habilidade, id_faixa_ano) values (1417, 14);
insert into habilidade_faixa_ano (id_habilidade, id_faixa_ano) values (1418, 14);
insert into habilidade_faixa_ano (id_habilidade, id_faixa_ano) values (1419, 14);
insert into habilidade_faixa_ano (id_habilidade, id_faixa_ano) values (1420, 14);
insert into habilidade_faixa_ano (id_habilidade, id_faixa_ano) values (1421, 14);
insert into habilidade_faixa_ano (id_habilidade, id_faixa_ano) values (1422, 14);
insert into habilidade_faixa_ano (id_habilidade, id_faixa_ano) values (1423, 14);
insert into habilidade_faixa_ano (id_habilidade, id_faixa_ano) values (1424, 14);
insert into habilidade_faixa_ano (id_habilidade, id_faixa_ano) values (1425, 14);
insert into habilidade_faixa_ano (id_habilidade, id_faixa_ano) values (1426, 14);
insert into habilidade_faixa_ano (id_habilidade, id_faixa_ano) values (1427, 14);
insert into habilidade_faixa_ano (id_habilidade, id_faixa_ano) values (1428, 14);
insert into habilidade_faixa_ano (id_habilidade, id_faixa_ano) values (1429, 14);
insert into habilidade_faixa_ano (id_habilidade, id_faixa_ano) values (1430, 14);
insert into habilidade_faixa_ano (id_habilidade, id_faixa_ano) values (1431, 14);
insert into habilidade_faixa_ano (id_habilidade, id_faixa_ano) values (1432, 14);
insert into habilidade_faixa_ano (id_habilidade, id_faixa_ano) values (1433, 14);
insert into habilidade_faixa_ano (id_habilidade, id_faixa_ano) values (1402, 15);
insert into habilidade_faixa_ano (id_habilidade, id_faixa_ano) values (1403, 15);
insert into habilidade_faixa_ano (id_habilidade, id_faixa_ano) values (1404, 15);
insert into habilidade_faixa_ano (id_habilidade, id_faixa_ano) values (1405, 15);
insert into habilidade_faixa_ano (id_habilidade, id_faixa_ano) values (1406, 15);
insert into habilidade_faixa_ano (id_habilidade, id_faixa_ano) values (1407, 15);
insert into habilidade_faixa_ano (id_habilidade, id_faixa_ano) values (1408, 15);
insert into habilidade_faixa_ano (id_habilidade, id_faixa_ano) values (1409, 15);
insert into habilidade_faixa_ano (id_habilidade, id_faixa_ano) values (1410, 15);
insert into habilidade_faixa_ano (id_habilidade, id_faixa_ano) values (1411, 15);
insert into habilidade_faixa_ano (id_habilidade, id_faixa_ano) values (1412, 15);
insert into habilidade_faixa_ano (id_habilidade, id_faixa_ano) values (1413, 15);
insert into habilidade_faixa_ano (id_habilidade, id_faixa_ano) values (1414, 15);
insert into habilidade_faixa_ano (id_habilidade, id_faixa_ano) values (1415, 15);
insert into habilidade_faixa_ano (id_habilidade, id_faixa_ano) values (1416, 15);
insert into habilidade_faixa_ano (id_habilidade, id_faixa_ano) values (1417, 15);
insert into habilidade_faixa_ano (id_habilidade, id_faixa_ano) values (1418, 15);
insert into habilidade_faixa_ano (id_habilidade, id_faixa_ano) values (1419, 15);
insert into habilidade_faixa_ano (id_habilidade, id_faixa_ano) values (1420, 15);
insert into habilidade_faixa_ano (id_habilidade, id_faixa_ano) values (1421, 15);
insert into habilidade_faixa_ano (id_habilidade, id_faixa_ano) values (1422, 15);
insert into habilidade_faixa_ano (id_habilidade, id_faixa_ano) values (1423, 15);
insert into habilidade_faixa_ano (id_habilidade, id_faixa_ano) values (1424, 15);
insert into habilidade_faixa_ano (id_habilidade, id_faixa_ano) values (1425, 15);
insert into habilidade_faixa_ano (id_habilidade, id_faixa_ano) values (1426, 15);
insert into habilidade_faixa_ano (id_habilidade, id_faixa_ano) values (1427, 15);
insert into habilidade_faixa_ano (id_habilidade, id_faixa_ano) values (1428, 15);
insert into habilidade_faixa_ano (id_habilidade, id_faixa_ano) values (1429, 15);
insert into habilidade_faixa_ano (id_habilidade, id_faixa_ano) values (1430, 15);
insert into habilidade_faixa_ano (id_habilidade, id_faixa_ano) values (1431, 15);
insert into habilidade_faixa_ano (id_habilidade, id_faixa_ano) values (1432, 15);
insert into habilidade_faixa_ano (id_habilidade, id_faixa_ano) values (1433, 15);

insert into habilidade (id, id_componente, codigo, bncc, ativo, descricao, campo_atuacao, pratica_liguagem, objeto_conhecimento, unidade_tematica) values (1434, 12, 'EM13LP01', true, true, 'Relacionar o texto, tanto na produção como na leitura/escuta, com suas condições de produção e seu contexto sócio-histórico de circulação (leitor/audiência previstos, objetivos, pontos de vista e perspectivas, papel social do autor, época, gênero do discurso etc), de forma a ampliar as possibilidades de construção de sentidos e de análise crítica e produzir textos adequados a diferentes situações', 'Todos os Campos de atuação social', Null, Null, Null);
insert into habilidade (id, id_componente, codigo, bncc, ativo, descricao, campo_atuacao, pratica_liguagem, objeto_conhecimento, unidade_tematica) values (1435, 12, 'EM13LP02', true, true, 'Estabelecer relações entre as partes do texto, tanto na produção como na leitura/escuta, considerando a construção composicional e o estilo do gênero, usando/reconhecendo adequadamente elementos e recursos coesivos diversos que contribuam para a coerência, a continuidade do texto e sua progressão temática, e organizando informações, tendo em vista as condições de produção e as relações lógico-discursivas envolvidas (causa/efeito ou consequência; tese/argumentos; problema/solução; definição/exemplos etc)', 'Todos os Campos de atuação social', Null, Null, Null);
insert into habilidade (id, id_componente, codigo, bncc, ativo, descricao, campo_atuacao, pratica_liguagem, objeto_conhecimento, unidade_tematica) values (1436, 12, 'EM13LP03', true, true, 'Analisar relações de intertextualidade e interdiscursividade que permitam a explicitação de relações dialógicas, a identificação de posicionamentos ou de perspectivas, a compreensão de paráfrases, paródias e estilizações, entre outras possibilidades', 'Todos os Campos de atuação social', Null, Null, Null);
insert into habilidade (id, id_componente, codigo, bncc, ativo, descricao, campo_atuacao, pratica_liguagem, objeto_conhecimento, unidade_tematica) values (1437, 12, 'EM13LP04', true, true, 'Estabelecer relações de interdiscursividade e intertextualidade para explicitar, sustentar e conferir consistência a posicionamentos e para construir e corroborar explicações e relatos, fazendo uso de citações e paráfrases devidamente marcadas', 'Todos os Campos de atuação social', Null, Null, Null);
insert into habilidade (id, id_componente, codigo, bncc, ativo, descricao, campo_atuacao, pratica_liguagem, objeto_conhecimento, unidade_tematica) values (1438, 12, 'EM13LP05', true, true, 'Analisar, em textos argumentativos, os posicionamentos assumidos, os movimentos argumentativos (sustentação, refutação/contra-argumentação e negociação) e os argumentos utilizados para sustentá-los, para avaliar sua força e eficácia, e posicionar-se criticamente diante da questão discutida e/ou dos argumentos utilizados, recorrendo aos mecanismos linguísticos necessários', 'Todos os Campos de atuação social', Null, Null, Null);
insert into habilidade (id, id_componente, codigo, bncc, ativo, descricao, campo_atuacao, pratica_liguagem, objeto_conhecimento, unidade_tematica) values (1439, 12, 'EM13LP06', true, true, 'Analisar efeitos de sentido decorrentes de usos expressivos da linguagem, da escolha de determinadas palavras ou expressões e da ordenação, combinação e contraposição de palavras, dentre outros, para ampliar as possibilidades de construção de sentidos e de uso crítico da língua', 'Todos os Campos de atuação social', Null, Null, Null);
insert into habilidade (id, id_componente, codigo, bncc, ativo, descricao, campo_atuacao, pratica_liguagem, objeto_conhecimento, unidade_tematica) values (1440, 12, 'EM13LP07', true, true, 'Analisar, em textos de diferentes gêneros, marcas que expressam a posição do enunciador frente àquilo que é dito: uso de diferentes modalidades (epistêmica, deôntica e apreciativa) e de diferentes recursos gramaticais que operam como modalizadores (verbos modais, tempos e modos verbais, expressões modais, adjetivos, locuções ou orações adjetivas, advérbios, locuções ou orações adverbiais, entonação etc), uso de estratégias de impessoalização (uso de terceira pessoa e de voz passiva etc), com vistas ao incremento da compreensão e da criticidade e ao manejo adequado desses elementos nos textos produzidos, considerando os contextos de produção', 'Todos os Campos de atuação social', Null, Null, Null);
insert into habilidade (id, id_componente, codigo, bncc, ativo, descricao, campo_atuacao, pratica_liguagem, objeto_conhecimento, unidade_tematica) values (1441, 12, 'EM13LP08', true, true, 'Analisar elementos e aspectos da sintaxe do português, como a ordem dos constituintes da sentença (e os efeito que causam sua inversão), a estrutura dos sintagmas, as categorias sintáticas, os processos de coordenação e subordinação (e os efeitos de seus usos) e a sintaxe de concordância e de regência, de modo a potencializar os processos de compreensão e produção de textos e a possibilitar escolhas adequadas à situação comunicativa', 'Todos os Campos de atuação social', Null, Null, Null);
insert into habilidade (id, id_componente, codigo, bncc, ativo, descricao, campo_atuacao, pratica_liguagem, objeto_conhecimento, unidade_tematica) values (1442, 12, 'EM13LP09', true, true, 'Comparar o tratamento dado pela gramática tradicional e pelas gramáticas de uso contemporâneas em relação a diferentes tópicos gramaticais, de forma a perceber as diferenças de abordagem e o fenômeno da variação linguística e analisar motivações que levam ao predomínio do ensino da norma-padrão na escola', 'Todos os Campos de atuação social', Null, Null, Null);
insert into habilidade (id, id_componente, codigo, bncc, ativo, descricao, campo_atuacao, pratica_liguagem, objeto_conhecimento, unidade_tematica) values (1443, 12, 'EM13LP10', true, true, 'Analisar o fenômeno da variação linguística, em seus diferentes níveis (variações fonético-fonológica, lexical, sintática, semântica e estilístico-pragmática) e em suas diferentes dimensões (regional, histórica, social, situacional, ocupacional, etária etc), de forma a ampliar a compreensão sobre a natureza viva e dinâmica da língua e sobre o fenômeno da constituição de variedades linguísticas de prestígio e estigmatizadas, e a fundamentar o respeito às variedades linguísticas e o combate a preconceitos linguísticos', 'Todos os Campos de atuação social', Null, Null, Null);
insert into habilidade (id, id_componente, codigo, bncc, ativo, descricao, campo_atuacao, pratica_liguagem, objeto_conhecimento, unidade_tematica) values (1444, 12, 'EM13LP11', true, true, 'Fazer curadoria de informação, tendo em vista diferentes propósitos e projetos discursivos', 'Todos os Campos de atuação social', Null, Null, Null);
insert into habilidade (id, id_componente, codigo, bncc, ativo, descricao, campo_atuacao, pratica_liguagem, objeto_conhecimento, unidade_tematica) values (1445, 12, 'EM13LP12', true, true, 'Selecionar informações, dados e argumentos em fontes confiáveis, impressas e digitais, e utilizá-los de forma referenciada, para que o texto a ser produzido tenha um nível de aprofundamento adequado (para além do senso comum) e contemple a sustentação das posições defendidas', 'Todos os Campos de atuação social', Null, Null, Null);
insert into habilidade (id, id_componente, codigo, bncc, ativo, descricao, campo_atuacao, pratica_liguagem, objeto_conhecimento, unidade_tematica) values (1446, 12, 'EM13LP13', true, true, 'Analisar, a partir de referências contextuais, estéticas e culturais, efeitos de sentido decorrentes de escolhas de elementos sonoros (volume, timbre, intensidade, pausas, ritmo, efeitos sonoros, sincronização etc) e de suas relações com o verbal, levando-os em conta na produção de áudios, para ampliar as possibilidades de construção de sentidos e de apreciação', 'Todos os Campos de atuação social', Null, Null, Null);
insert into habilidade (id, id_componente, codigo, bncc, ativo, descricao, campo_atuacao, pratica_liguagem, objeto_conhecimento, unidade_tematica) values (1447, 12, 'EM13LP14', true, true, 'Analisar, a partir de referências contextuais, estéticas e culturais, efeitos de sentido decorrentes de escolhas e composição das imagens (enquadramento, ângulo/vetor, foco/profundidade de campo, iluminação, cor, linhas, formas etc) e de sua sequenciação (disposição e transição, movimentos de câmera, remix, entre outros), das performances (movimentos do corpo, gestos, ocupação do espaço cênico), dos elementos sonoros (entonação, trilha sonora, sampleamento etc) e das relações desses elementos com o verbal, levando em conta esses efeitos nas produções de imagens e vídeos, para ampliar as possibilidades de construção de sentidos e de apreciação', 'Todos os Campos de atuação social', Null, Null, Null);
insert into habilidade (id, id_componente, codigo, bncc, ativo, descricao, campo_atuacao, pratica_liguagem, objeto_conhecimento, unidade_tematica) values (1448, 12, 'EM13LP15', true, true, 'Planejar, produzir, revisar, editar, reescrever e avaliar textos escritos e multissemióticos, considerando sua adequação às condições de produção do texto, no que diz respeito ao lugar social a ser assumido e à imagem que se pretende passar a respeito de si mesmo, ao leitor pretendido, ao veículo e mídia em que o texto ou produção cultural vai circular, ao contexto imediato e sócio-histórico mais geral, ao gênero textual em questão e suas regularidades, à variedade linguística apropriada a esse contexto e ao uso do conhecimento dos aspectos notacionais (ortografia padrão, pontuação adequada, mecanismos de concordância nominal e verbal, regência verbal etc), sempre que o contexto o exigir', 'Todos os Campos de atuação social', Null, Null, Null);
insert into habilidade (id, id_componente, codigo, bncc, ativo, descricao, campo_atuacao, pratica_liguagem, objeto_conhecimento, unidade_tematica) values (1449, 12, 'EM13LP16', true, true, 'Produzir e analisar textos orais, considerando sua adequação aos contextos de produção, à forma composicional e ao estilo do gênero em questão, à clareza, à progressão temática e à variedade linguística empregada, como também aos elementos relacionados à fala (modulação de voz, entonação, ritmo, altura e intensidade, respiração etc) e à cinestesia (postura corporal, movimentos e gestualidade significativa, expressão facial, contato de olho com plateia etc)', 'Todos os Campos de atuação social', Null, Null, Null);
insert into habilidade (id, id_componente, codigo, bncc, ativo, descricao, campo_atuacao, pratica_liguagem, objeto_conhecimento, unidade_tematica) values (1450, 12, 'EM13LP17', true, true, 'Elaborar roteiros para a produção de vídeos variados (vlog, videoclipe, videominuto, documentário etc), apresentações teatrais, narrativas multimídia e transmídia, podcasts, playlists comentadas etc, para ampliar as possibilidades de produção de sentidos e engajar-se em práticas autorais e coletivas', 'Todos os Campos de atuação social', Null, Null, Null);
insert into habilidade (id, id_componente, codigo, bncc, ativo, descricao, campo_atuacao, pratica_liguagem, objeto_conhecimento, unidade_tematica) values (1451, 12, 'EM13LP18', true, true, 'Utilizar softwares de edição de textos, fotos, vídeos e áudio, além de ferramentas e ambientes colaborativos para criar textos e produções multissemióticas com finalidades diversas, explorando os recursos e efeitos disponíveis e apropriando-se de práticas colaborativas de escrita, de construção coletiva do conhecimento e de desenvolvimento de projetos', 'Todos os Campos de atuação social', Null, Null, Null);
insert into habilidade (id, id_componente, codigo, bncc, ativo, descricao, campo_atuacao, pratica_liguagem, objeto_conhecimento, unidade_tematica) values (1452, 12, 'EM13LP19', true, true, 'Apresentar-se por meio de textos multimodais diversos (perfis variados, gifs biográficos, biodata, currículo web, videocurrículo etc) e de ferramentas digitais (ferramenta de gif, wiki, site etc), para falar de si mesmo de formas variadas, considerando diferentes situações e objetivos', 'Campo da vida pessoal', Null, Null, Null);
insert into habilidade (id, id_componente, codigo, bncc, ativo, descricao, campo_atuacao, pratica_liguagem, objeto_conhecimento, unidade_tematica) values (1453, 12, 'EM13LP20', true, true, 'Compartilhar gostos, interesses, práticas culturais, temas/ problemas/questões que despertam maior interesse ou preocupação, respeitando e valorizando diferenças, como forma de identificar afinidades e interesses comuns, como também de organizar e/ou participar de grupos, clubes, oficinas e afins', 'Campo da vida pessoal', Null, Null, Null);
insert into habilidade (id, id_componente, codigo, bncc, ativo, descricao, campo_atuacao, pratica_liguagem, objeto_conhecimento, unidade_tematica) values (1454, 12, 'EM13LP21', true, true, 'Produzir, de forma colaborativa, e socializar playlists comentadas de preferências culturais e de entretenimento, revistas culturais, fanzines, e-zines ou publicações afins que divulguem, comentem e avaliem músicas, games, séries, filmes, quadrinhos, livros, peças, exposições, espetáculos de dança etc, de forma a compartilhar gostos, identificar afinidades, fomentar comunidades etc', 'Campo da vida pessoal', Null, Null, Null);
insert into habilidade (id, id_componente, codigo, bncc, ativo, descricao, campo_atuacao, pratica_liguagem, objeto_conhecimento, unidade_tematica) values (1455, 12, 'EM13LP22', true, true, 'Construir e/ou atualizar, de forma colaborativa, registros dinâmicos (mapas, wiki etc) de profissões e ocupações de seu interesse (áreas de atuação, dados sobre formação, fazeres, produções, depoimentos de profissionais etc) que possibilitem vislumbrar trajetórias pessoais e profissionais', 'Campo da vida pessoal', Null, Null, Null);
insert into habilidade (id, id_componente, codigo, bncc, ativo, descricao, campo_atuacao, pratica_liguagem, objeto_conhecimento, unidade_tematica) values (1456, 12, 'EM13LP23', true, true, 'Analisar criticamente o histórico e o discurso político de candidatos, propagandas políticas, políticas públicas, programas e propostas de governo, de forma a participar do debate político e tomar decisões conscientes e fundamentadas', 'Campo de atuação na vida pública', Null, Null, Null);
insert into habilidade (id, id_componente, codigo, bncc, ativo, descricao, campo_atuacao, pratica_liguagem, objeto_conhecimento, unidade_tematica) values (1457, 12, 'EM13LP24', true, true, 'Analisar formas não institucionalizadas de participação social, sobretudo as vinculadas a manifestações artísticas, produções culturais, intervenções urbanas e formas de expressão típica das culturas juvenis que pretendam expor uma problemática ou promover uma reflexão/ação, posicionando-se em relação a essas produções e manifestações', 'Campo de atuação na vida pública', Null, Null, Null);
insert into habilidade (id, id_componente, codigo, bncc, ativo, descricao, campo_atuacao, pratica_liguagem, objeto_conhecimento, unidade_tematica) values (1458, 12, 'EM13LP25', true, true, 'Participar de reuniões na escola (conselho de escola e de classe, grêmio livre etc), agremiações, coletivos ou movimentos, entre outros, em debates, assembleias, fóruns de discussão etc, exercitando a escuta atenta, respeitando seu turno e tempo de fala, posicionando-se de forma fundamentada, respeitosa e ética diante da apresentação de propostas e defesas de opiniões, usando estratégias linguísticas típicas de negociação e de apoio e/ou de consideração do discurso do outro (como solicitar esclarecimento, detalhamento, fazer referência direta ou retomar a fala do outro, parafraseando-a para endossá-la, enfatizá-la, complementá-la ou enfraquecê-la), considerando propostas alternativas e reformulando seu posicionamento, quando for caso, com vistas ao entendimento e ao bem comum', 'Campo de atuação na vida pública', Null, Null, Null);
insert into habilidade (id, id_componente, codigo, bncc, ativo, descricao, campo_atuacao, pratica_liguagem, objeto_conhecimento, unidade_tematica) values (1459, 12, 'EM13LP26', true, true, 'Relacionar textos e documentos legais e normativos de âmbito universal, nacional, local ou escolar que envolvam a definição de direitos e deveres - em especial, os voltados a adolescentes e jovens - aos seus contextos de produção, identificando ou inferindo possíveis motivações e finalidades, como forma de ampliar a compreensão desses direitos e deveres', 'Campo de atuação na vida pública', Null, Null, Null);
insert into habilidade (id, id_componente, codigo, bncc, ativo, descricao, campo_atuacao, pratica_liguagem, objeto_conhecimento, unidade_tematica) values (1460, 12, 'EM13LP27', true, true, 'Engajar-se na busca de solução para problemas que envolvam a coletividade, denunciando o desrespeito a direitos, organizando e/ou participando de discussões, campanhas e debates, produzindo textos reivindicatórios, normativos, entre outras possibilidades, como forma de fomentar os princípios democráticos e uma atuação pautada pela ética da responsabilidade, pelo consumo consciente e pela consciência socioambiental', 'Campo de atuação na vida pública', Null, Null, Null);
insert into habilidade (id, id_componente, codigo, bncc, ativo, descricao, campo_atuacao, pratica_liguagem, objeto_conhecimento, unidade_tematica) values (1461, 12, 'EM13LP28', true, true, 'Organizar situações de estudo e utilizar procedimentos e estratégias de leitura adequados aos objetivos e à natureza do conhecimento em questão', 'Campo das práticas de estudo e pesquisa', Null, Null, Null);
insert into habilidade (id, id_componente, codigo, bncc, ativo, descricao, campo_atuacao, pratica_liguagem, objeto_conhecimento, unidade_tematica) values (1462, 12, 'EM13LP29', true, true, 'Resumir e resenhar textos, por meio do uso de paráfrases, de marcas do discurso reportado e de citações, para uso em textos de divulgação de estudos e pesquisas', 'Campo das práticas de estudo e pesquisa', Null, Null, Null);
insert into habilidade (id, id_componente, codigo, bncc, ativo, descricao, campo_atuacao, pratica_liguagem, objeto_conhecimento, unidade_tematica) values (1463, 12, 'EM13LP30', true, true, 'Realizar pesquisas de diferentes tipos (bibliográfica, de campo, experimento científico, levantamento de dados etc), usando fontes abertas e confiáveis, registrando o processo e comunicando os resultados, tendo em vista os objetivos pretendidos e demais elementos do contexto de produção, como forma de compreender como o conhecimento científico é produzido e apropriar-se dos procedimentos e dos gêneros textuais envolvidos na realização de pesquisas', 'Campo das práticas de estudo e pesquisa', Null, Null, Null);
insert into habilidade (id, id_componente, codigo, bncc, ativo, descricao, campo_atuacao, pratica_liguagem, objeto_conhecimento, unidade_tematica) values (1464, 12, 'EM13LP31', true, true, 'Compreender criticamente textos de divulgação científica orais, escritos e multissemióticos de diferentes áreas do conhecimento, identificando sua organização tópica e a hierarquização das informações, identificando e descartando fontes não confiáveis e problematizando enfoques tendenciosos ou superficiais', 'Campo das práticas de estudo e pesquisa', Null, Null, Null);
insert into habilidade (id, id_componente, codigo, bncc, ativo, descricao, campo_atuacao, pratica_liguagem, objeto_conhecimento, unidade_tematica) values (1465, 12, 'EM13LP32', true, true, 'Selecionar informações e dados necessários para uma dada pesquisa (sem excedê-los) em diferentes fontes (orais, impressas, digitais etc) e comparar autonomamente esses conteúdos, levando em conta seus contextos de produção, referências e índices de confiabilidade, e percebendo coincidências, complementaridades, contradições, erros ou imprecisões conceituais e de dados, de forma a compreender e posicionar-se criticamente sobre esses conteúdos e estabelecer recortes precisos', 'Campo das práticas de estudo e pesquisa', Null, Null, Null);
insert into habilidade (id, id_componente, codigo, bncc, ativo, descricao, campo_atuacao, pratica_liguagem, objeto_conhecimento, unidade_tematica) values (1466, 12, 'EM13LP33', true, true, 'Selecionar, elaborar e utilizar instrumentos de coleta de dados e informações (questionários, enquetes, mapeamentos, opinários) e de tratamento e análise dos conteúdos obtidos, que atendam adequadamente a diferentes objetivos de pesquisa', 'Campo das práticas de estudo e pesquisa', Null, Null, Null);
insert into habilidade (id, id_componente, codigo, bncc, ativo, descricao, campo_atuacao, pratica_liguagem, objeto_conhecimento, unidade_tematica) values (1467, 12, 'EM13LP34', true, true, 'Produzir textos para a divulgação do conhecimento e de resultados de levantamentos e pesquisas - texto monográfico, ensaio, artigo de divulgação científica, verbete de enciclopédia (colaborativa ou não), infográfico (estático ou animado), relato de experimento, relatório, relatório multimidiático de campo, reportagem científica, podcast ou vlog científico, apresentações orais, seminários, comunicações em mesas redondas, mapas dinâmicos etc -, considerando o contexto de produção e utilizando os conhecimentos sobre os gêneros de divulgação científica, de forma a engajar-se em processos significativos de socialização e divulgação do conhecimento', 'Campo das práticas de estudo e pesquisa', Null, Null, Null);
insert into habilidade (id, id_componente, codigo, bncc, ativo, descricao, campo_atuacao, pratica_liguagem, objeto_conhecimento, unidade_tematica) values (1468, 12, 'EM13LP35', true, true, 'Utilizar adequadamente ferramentas de apoio a apresentações orais, escolhendo e usando tipos e tamanhos de fontes que permitam boa visualização, topicalizando e/ou organizando o conteúdo em itens, inserindo de forma adequada imagens, gráficos, tabelas, formas e elementos gráficos, dimensionando a quantidade texto e imagem por slide e usando, de forma harmônica, recursos (efeitos de transição, slides mestres, layouts personalizados, gravação de áudios em slides etc)', 'Campo das práticas de estudo e pesquisa', Null, Null, Null);
insert into habilidade (id, id_componente, codigo, bncc, ativo, descricao, campo_atuacao, pratica_liguagem, objeto_conhecimento, unidade_tematica) values (1469, 12, 'EM13LP36', true, true, 'Analisar os interesses que movem o campo jornalístico, os impactos das novas tecnologias digitais de informação e comunicação e da Web 20 no campo e as condições que fazem da informação uma mercadoria e da checagem de informação uma prática (e um serviço) essencial, adotando atitude analítica e crítica diante dos textos jornalísticos', 'Campo jornalístico-midiático', Null, Null, Null);
insert into habilidade (id, id_componente, codigo, bncc, ativo, descricao, campo_atuacao, pratica_liguagem, objeto_conhecimento, unidade_tematica) values (1470, 12, 'EM13LP37', true, true, 'Conhecer e analisar diferentes projetos editorias - institucionais, privados, públicos, financiados, independentes etc -, de forma a ampliar o repertório de escolhas possíveis de fontes de informação e opinião, reconhecendo o papel da mídia plural para a consolidação da democracia', 'Campo jornalístico-midiático', Null, Null, Null);
insert into habilidade (id, id_componente, codigo, bncc, ativo, descricao, campo_atuacao, pratica_liguagem, objeto_conhecimento, unidade_tematica) values (1471, 12, 'EM13LP38', true, true, 'Analisar os diferentes graus de parcialidade/imparcialidade (no limite, a não neutralidade) em textos noticiosos, comparando relatos de diferentes fontes e analisando o recorte feito de fatos/dados e os efeitos de sentido provocados pelas escolhas realizadas pelo autor do texto, de forma a manter uma atitude crítica diante dos textos jornalísticos e tornar-se consciente das escolhas feitas como produtor', 'Campo jornalístico-midiático', Null, Null, Null);
insert into habilidade (id, id_componente, codigo, bncc, ativo, descricao, campo_atuacao, pratica_liguagem, objeto_conhecimento, unidade_tematica) values (1472, 12, 'EM13LP39', true, true, 'Usar procedimentos de checagem de fatos noticiados e fotos publicadas (verificar/avaliar veículo, fonte, data e local da publicação, autoria, URL, formatação; comparar diferentes fontes; consultar ferramentas e sites checadores etc), de forma a combater a proliferação de notícias falsas (fake news)', 'Campo jornalístico-midiático', Null, Null, Null);
insert into habilidade (id, id_componente, codigo, bncc, ativo, descricao, campo_atuacao, pratica_liguagem, objeto_conhecimento, unidade_tematica) values (1473, 12, 'EM13LP40', true, true, 'Analisar o fenômeno da pós-verdade - discutindo as condições e os mecanismos de disseminação de fake news e também exemplos, causas e consequências desse fenômeno e da prevalência de crenças e opiniões sobre fatos -, de forma a adotar atitude crítica em relação ao fenômeno e desenvolver uma postura flexível que permita rever crenças e opiniões quando fatos apurados as contradisserem', 'Campo jornalístico-midiático', Null, Null, Null);
insert into habilidade (id, id_componente, codigo, bncc, ativo, descricao, campo_atuacao, pratica_liguagem, objeto_conhecimento, unidade_tematica) values (1474, 12, 'EM13LP41', true, true, 'Analisar os processos humanos e automáticos de curadoria que operam nas redes sociais e outros domínios da internet, comparando os feeds de diferentes páginas de redes sociais e discutindo os efeitos desses modelos de curadoria, de forma a ampliar as possibilidades de trato com o diferente e minimizar o efeito bolha e a manipulação de terceiros', 'Campo jornalístico-midiático', Null, Null, Null);
insert into habilidade (id, id_componente, codigo, bncc, ativo, descricao, campo_atuacao, pratica_liguagem, objeto_conhecimento, unidade_tematica) values (1475, 12, 'EM13LP42', true, true, 'Acompanhar, analisar e discutir a cobertura da mídia diante de acontecimentos e questões de relevância social, local e global, comparando diferentes enfoques e perspectivas, por meio do uso de ferramentas de curadoria (como agregadores de conteúdo) e da consulta a serviços e fontes de checagem e curadoria de informação, de forma a aprofundar o entendimento sobre um determinado fato ou questão, identificar o enfoque preponderante da mídia e manter-se implicado, de forma crítica, com os fatos e as questões que afetam a coletividade', 'Campo jornalístico-midiático', Null, Null, Null);
insert into habilidade (id, id_componente, codigo, bncc, ativo, descricao, campo_atuacao, pratica_liguagem, objeto_conhecimento, unidade_tematica) values (1476, 12, 'EM13LP43', true, true, 'Atuar de forma fundamentada, ética e crítica na produção e no compartilhamento de comentários, textos noticiosos e de opinião, memes, gifs, remixes variados etc em redes sociais ou outros ambientes digitais', 'Campo jornalístico-midiático', Null, Null, Null);
insert into habilidade (id, id_componente, codigo, bncc, ativo, descricao, campo_atuacao, pratica_liguagem, objeto_conhecimento, unidade_tematica) values (1477, 12, 'EM13LP44', true, true, 'Analisar formas contemporâneas de publicidade em contexto digital (advergame, anúncios em vídeos, social advertising, unboxing, narrativa mercadológica, entre outras), e peças de campanhas publicitárias e políticas (cartazes, folhetos, anúncios, propagandas em diferentes mídias, spots, jingles etc), identificando valores e representações de situações, grupos e configurações sociais veiculadas, desconstruindo estereótipos, destacando estratégias de engajamento e viralização e explicando os mecanismos de persuasão utilizados e os efeitos de sentido provocados pelas escolhas feitas em termos de elementos e recursos linguístico-discursivos, imagéticos, sonoros, gestuais e espaciais, entre outros', 'Campo jornalístico-midiático', Null, Null, Null);
insert into habilidade (id, id_componente, codigo, bncc, ativo, descricao, campo_atuacao, pratica_liguagem, objeto_conhecimento, unidade_tematica) values (1478, 12, 'EM13LP45', true, true, 'Analisar, discutir, produzir e socializar, tendo em vista temas e acontecimentos de interesse local ou global, notícias, fotodenúncias, fotorreportagens, reportagens multimidiáticas, documentários, infográficos, podcasts noticiosos, artigos de opinião, críticas da mídia, vlogs de opinião, textos de apresentação e apreciação de produções culturais (resenhas, ensaios etc) e outros gêneros próprios das formas de expressão das culturas juvenis (vlogs e podcasts culturais, gameplay etc), em várias mídias, vivenciando de forma significativa o papel de repórter, analista, crítico, editorialista ou articulista, leitor, vlogueiro e booktuber, entre outros', 'Campo jornalístico-midiático', Null, Null, Null);
insert into habilidade (id, id_componente, codigo, bncc, ativo, descricao, campo_atuacao, pratica_liguagem, objeto_conhecimento, unidade_tematica) values (1479, 12, 'EM13LP46', true, true, 'Compartilhar sentidos construídos na leitura/escuta de textos literários, percebendo diferenças e eventuais tensões entre as formas pessoais e as coletivas de apreensão desses textos, para exercitar o diálogo cultural e aguçar a perspectiva crítica', 'Campo artístico-literário', Null, Null, Null);
insert into habilidade (id, id_componente, codigo, bncc, ativo, descricao, campo_atuacao, pratica_liguagem, objeto_conhecimento, unidade_tematica) values (1480, 12, 'EM13LP47', true, true, 'Participar de eventos (saraus, competições orais, audições, mostras, festivais, feiras culturais e literárias, rodas e clubes de leitura, cooperativas culturais, jograis, repentes, slams etc), inclusive para socializar obras da própria autoria (poemas, contos e suas variedades, roteiros e microrroteiros, videominutos, playlists comentadas de música etc) e/ou interpretar obras de outros, inserindo-se nas diferentes práticas culturais de seu tempo', 'Campo artístico-literário', Null, Null, Null);
insert into habilidade (id, id_componente, codigo, bncc, ativo, descricao, campo_atuacao, pratica_liguagem, objeto_conhecimento, unidade_tematica) values (1481, 12, 'EM13LP48', true, true, 'Identificar assimilações, rupturas e permanências no processo de constituição da literatura brasileira e ao longo de sua trajetória, por meio da leitura e análise de obras fundamentais do cânone ocidental, em especial da literatura portuguesa, para perceber a historicidade de matrizes e procedimentos estéticos', 'Campo artístico-literário', Null, Null, Null);
insert into habilidade (id, id_componente, codigo, bncc, ativo, descricao, campo_atuacao, pratica_liguagem, objeto_conhecimento, unidade_tematica) values (1482, 12, 'EM13LP49', true, true, 'Perceber as peculiaridades estruturais e estilísticas de diferentes gêneros literários (a apreensão pessoal do cotidiano nas crônicas, a manifestação livre e subjetiva do eu lírico diante do mundo nos poemas, a múltipla perspectiva da vida humana e social dos romances, a dimensão política e social de textos da literatura marginal e da periferia etc) para experimentar os diferentes ângulos de apreensão do indivíduo e do mundo pela literatura', 'Campo artístico-literário', Null, Null, Null);
insert into habilidade (id, id_componente, codigo, bncc, ativo, descricao, campo_atuacao, pratica_liguagem, objeto_conhecimento, unidade_tematica) values (1483, 12, 'EM13LP50', true, true, 'Analisar relações intertextuais e interdiscursivas entre obras de diferentes autores e gêneros literários de um mesmo momento histórico e de momentos históricos diversos, explorando os modos como a literatura e as artes em geral se constituem, dialogam e se retroalimentam', 'Campo artístico-literário', Null, Null, Null);
insert into habilidade (id, id_componente, codigo, bncc, ativo, descricao, campo_atuacao, pratica_liguagem, objeto_conhecimento, unidade_tematica) values (1484, 12, 'EM13LP51', true, true, 'Selecionar obras do repertório artístico-literário contemporâneo à disposição segundo suas predileções, de modo a constituir um acervo pessoal e dele se apropriar para se inserir e intervir com autonomia e criticidade no meio cultural', 'Campo artístico-literário', Null, Null, Null);
insert into habilidade (id, id_componente, codigo, bncc, ativo, descricao, campo_atuacao, pratica_liguagem, objeto_conhecimento, unidade_tematica) values (1485, 12, 'EM13LP52', true, true, 'Analisar obras significativas das literaturas brasileiras e de outros países e povos, em especial a portuguesa, a indígena, a africana e a latino-americana, com base em ferramentas da crítica literária (estrutura da composição, estilo, aspectos discursivos) ou outros critérios relacionados a diferentes matrizes culturais, considerando o contexto de produção (visões de mundo, diálogos com outros textos, inserções em movimentos estéticos e culturais etc) e o modo como dialogam com o presente', 'Campo artístico-literário', Null, Null, Null);
insert into habilidade (id, id_componente, codigo, bncc, ativo, descricao, campo_atuacao, pratica_liguagem, objeto_conhecimento, unidade_tematica) values (1486, 12, 'EM13LP53', true, true, 'Produzir apresentações e comentários apreciativos e críticos sobre livros, filmes, discos, canções, espetáculos de teatro e dança, exposições etc (resenhas, vlogs e podcasts literários e artísticos, playlists comentadas, fanzines, e-zines etc)', 'Campo artístico-literário', Null, Null, Null);
insert into habilidade (id, id_componente, codigo, bncc, ativo, descricao, campo_atuacao, pratica_liguagem, objeto_conhecimento, unidade_tematica) values (1487, 12, 'EM13LP54', true, true, 'Criar obras autorais, em diferentes gêneros e mídias - mediante seleção e apropriação de recursos textuais e expressivos do repertório artístico -, e/ou produções derivadas (paródias, estilizações, fanfics, fanclipes etc), como forma de dialogar crítica e/ou subjetivamente com o texto literário', 'Campo artístico-literário', Null, Null, Null);

insert into habilidade_faixa_ano (id_habilidade, id_faixa_ano) values (1434, 13);
insert into habilidade_faixa_ano (id_habilidade, id_faixa_ano) values (1435, 13);
insert into habilidade_faixa_ano (id_habilidade, id_faixa_ano) values (1436, 13);
insert into habilidade_faixa_ano (id_habilidade, id_faixa_ano) values (1437, 13);
insert into habilidade_faixa_ano (id_habilidade, id_faixa_ano) values (1438, 13);
insert into habilidade_faixa_ano (id_habilidade, id_faixa_ano) values (1439, 13);
insert into habilidade_faixa_ano (id_habilidade, id_faixa_ano) values (1440, 13);
insert into habilidade_faixa_ano (id_habilidade, id_faixa_ano) values (1441, 13);
insert into habilidade_faixa_ano (id_habilidade, id_faixa_ano) values (1442, 13);
insert into habilidade_faixa_ano (id_habilidade, id_faixa_ano) values (1443, 13);
insert into habilidade_faixa_ano (id_habilidade, id_faixa_ano) values (1444, 13);
insert into habilidade_faixa_ano (id_habilidade, id_faixa_ano) values (1445, 13);
insert into habilidade_faixa_ano (id_habilidade, id_faixa_ano) values (1446, 13);
insert into habilidade_faixa_ano (id_habilidade, id_faixa_ano) values (1447, 13);
insert into habilidade_faixa_ano (id_habilidade, id_faixa_ano) values (1448, 13);
insert into habilidade_faixa_ano (id_habilidade, id_faixa_ano) values (1449, 13);
insert into habilidade_faixa_ano (id_habilidade, id_faixa_ano) values (1450, 13);
insert into habilidade_faixa_ano (id_habilidade, id_faixa_ano) values (1451, 13);
insert into habilidade_faixa_ano (id_habilidade, id_faixa_ano) values (1452, 13);
insert into habilidade_faixa_ano (id_habilidade, id_faixa_ano) values (1453, 13);
insert into habilidade_faixa_ano (id_habilidade, id_faixa_ano) values (1454, 13);
insert into habilidade_faixa_ano (id_habilidade, id_faixa_ano) values (1455, 13);
insert into habilidade_faixa_ano (id_habilidade, id_faixa_ano) values (1456, 13);
insert into habilidade_faixa_ano (id_habilidade, id_faixa_ano) values (1457, 13);
insert into habilidade_faixa_ano (id_habilidade, id_faixa_ano) values (1458, 13);
insert into habilidade_faixa_ano (id_habilidade, id_faixa_ano) values (1459, 13);
insert into habilidade_faixa_ano (id_habilidade, id_faixa_ano) values (1460, 13);
insert into habilidade_faixa_ano (id_habilidade, id_faixa_ano) values (1461, 13);
insert into habilidade_faixa_ano (id_habilidade, id_faixa_ano) values (1462, 13);
insert into habilidade_faixa_ano (id_habilidade, id_faixa_ano) values (1463, 13);
insert into habilidade_faixa_ano (id_habilidade, id_faixa_ano) values (1464, 13);
insert into habilidade_faixa_ano (id_habilidade, id_faixa_ano) values (1465, 13);
insert into habilidade_faixa_ano (id_habilidade, id_faixa_ano) values (1466, 13);
insert into habilidade_faixa_ano (id_habilidade, id_faixa_ano) values (1467, 13);
insert into habilidade_faixa_ano (id_habilidade, id_faixa_ano) values (1468, 13);
insert into habilidade_faixa_ano (id_habilidade, id_faixa_ano) values (1469, 13);
insert into habilidade_faixa_ano (id_habilidade, id_faixa_ano) values (1470, 13);
insert into habilidade_faixa_ano (id_habilidade, id_faixa_ano) values (1471, 13);
insert into habilidade_faixa_ano (id_habilidade, id_faixa_ano) values (1472, 13);
insert into habilidade_faixa_ano (id_habilidade, id_faixa_ano) values (1473, 13);
insert into habilidade_faixa_ano (id_habilidade, id_faixa_ano) values (1474, 13);
insert into habilidade_faixa_ano (id_habilidade, id_faixa_ano) values (1475, 13);
insert into habilidade_faixa_ano (id_habilidade, id_faixa_ano) values (1476, 13);
insert into habilidade_faixa_ano (id_habilidade, id_faixa_ano) values (1477, 13);
insert into habilidade_faixa_ano (id_habilidade, id_faixa_ano) values (1478, 13);
insert into habilidade_faixa_ano (id_habilidade, id_faixa_ano) values (1479, 13);
insert into habilidade_faixa_ano (id_habilidade, id_faixa_ano) values (1480, 13);
insert into habilidade_faixa_ano (id_habilidade, id_faixa_ano) values (1481, 13);
insert into habilidade_faixa_ano (id_habilidade, id_faixa_ano) values (1482, 13);
insert into habilidade_faixa_ano (id_habilidade, id_faixa_ano) values (1483, 13);
insert into habilidade_faixa_ano (id_habilidade, id_faixa_ano) values (1484, 13);
insert into habilidade_faixa_ano (id_habilidade, id_faixa_ano) values (1485, 13);
insert into habilidade_faixa_ano (id_habilidade, id_faixa_ano) values (1486, 13);
insert into habilidade_faixa_ano (id_habilidade, id_faixa_ano) values (1487, 13);
insert into habilidade_faixa_ano (id_habilidade, id_faixa_ano) values (1434, 14);
insert into habilidade_faixa_ano (id_habilidade, id_faixa_ano) values (1435, 14);
insert into habilidade_faixa_ano (id_habilidade, id_faixa_ano) values (1436, 14);
insert into habilidade_faixa_ano (id_habilidade, id_faixa_ano) values (1437, 14);
insert into habilidade_faixa_ano (id_habilidade, id_faixa_ano) values (1438, 14);
insert into habilidade_faixa_ano (id_habilidade, id_faixa_ano) values (1439, 14);
insert into habilidade_faixa_ano (id_habilidade, id_faixa_ano) values (1440, 14);
insert into habilidade_faixa_ano (id_habilidade, id_faixa_ano) values (1441, 14);
insert into habilidade_faixa_ano (id_habilidade, id_faixa_ano) values (1442, 14);
insert into habilidade_faixa_ano (id_habilidade, id_faixa_ano) values (1443, 14);
insert into habilidade_faixa_ano (id_habilidade, id_faixa_ano) values (1444, 14);
insert into habilidade_faixa_ano (id_habilidade, id_faixa_ano) values (1445, 14);
insert into habilidade_faixa_ano (id_habilidade, id_faixa_ano) values (1446, 14);
insert into habilidade_faixa_ano (id_habilidade, id_faixa_ano) values (1447, 14);
insert into habilidade_faixa_ano (id_habilidade, id_faixa_ano) values (1448, 14);
insert into habilidade_faixa_ano (id_habilidade, id_faixa_ano) values (1449, 14);
insert into habilidade_faixa_ano (id_habilidade, id_faixa_ano) values (1450, 14);
insert into habilidade_faixa_ano (id_habilidade, id_faixa_ano) values (1451, 14);
insert into habilidade_faixa_ano (id_habilidade, id_faixa_ano) values (1452, 14);
insert into habilidade_faixa_ano (id_habilidade, id_faixa_ano) values (1453, 14);
insert into habilidade_faixa_ano (id_habilidade, id_faixa_ano) values (1454, 14);
insert into habilidade_faixa_ano (id_habilidade, id_faixa_ano) values (1455, 14);
insert into habilidade_faixa_ano (id_habilidade, id_faixa_ano) values (1456, 14);
insert into habilidade_faixa_ano (id_habilidade, id_faixa_ano) values (1457, 14);
insert into habilidade_faixa_ano (id_habilidade, id_faixa_ano) values (1458, 14);
insert into habilidade_faixa_ano (id_habilidade, id_faixa_ano) values (1459, 14);
insert into habilidade_faixa_ano (id_habilidade, id_faixa_ano) values (1460, 14);
insert into habilidade_faixa_ano (id_habilidade, id_faixa_ano) values (1461, 14);
insert into habilidade_faixa_ano (id_habilidade, id_faixa_ano) values (1462, 14);
insert into habilidade_faixa_ano (id_habilidade, id_faixa_ano) values (1463, 14);
insert into habilidade_faixa_ano (id_habilidade, id_faixa_ano) values (1464, 14);
insert into habilidade_faixa_ano (id_habilidade, id_faixa_ano) values (1465, 14);
insert into habilidade_faixa_ano (id_habilidade, id_faixa_ano) values (1466, 14);
insert into habilidade_faixa_ano (id_habilidade, id_faixa_ano) values (1467, 14);
insert into habilidade_faixa_ano (id_habilidade, id_faixa_ano) values (1468, 14);
insert into habilidade_faixa_ano (id_habilidade, id_faixa_ano) values (1469, 14);
insert into habilidade_faixa_ano (id_habilidade, id_faixa_ano) values (1470, 14);
insert into habilidade_faixa_ano (id_habilidade, id_faixa_ano) values (1471, 14);
insert into habilidade_faixa_ano (id_habilidade, id_faixa_ano) values (1472, 14);
insert into habilidade_faixa_ano (id_habilidade, id_faixa_ano) values (1473, 14);
insert into habilidade_faixa_ano (id_habilidade, id_faixa_ano) values (1474, 14);
insert into habilidade_faixa_ano (id_habilidade, id_faixa_ano) values (1475, 14);
insert into habilidade_faixa_ano (id_habilidade, id_faixa_ano) values (1476, 14);
insert into habilidade_faixa_ano (id_habilidade, id_faixa_ano) values (1477, 14);
insert into habilidade_faixa_ano (id_habilidade, id_faixa_ano) values (1478, 14);
insert into habilidade_faixa_ano (id_habilidade, id_faixa_ano) values (1479, 14);
insert into habilidade_faixa_ano (id_habilidade, id_faixa_ano) values (1480, 14);
insert into habilidade_faixa_ano (id_habilidade, id_faixa_ano) values (1481, 14);
insert into habilidade_faixa_ano (id_habilidade, id_faixa_ano) values (1482, 14);
insert into habilidade_faixa_ano (id_habilidade, id_faixa_ano) values (1483, 14);
insert into habilidade_faixa_ano (id_habilidade, id_faixa_ano) values (1484, 14);
insert into habilidade_faixa_ano (id_habilidade, id_faixa_ano) values (1485, 14);
insert into habilidade_faixa_ano (id_habilidade, id_faixa_ano) values (1486, 14);
insert into habilidade_faixa_ano (id_habilidade, id_faixa_ano) values (1487, 14);
insert into habilidade_faixa_ano (id_habilidade, id_faixa_ano) values (1434, 15);
insert into habilidade_faixa_ano (id_habilidade, id_faixa_ano) values (1435, 15);
insert into habilidade_faixa_ano (id_habilidade, id_faixa_ano) values (1436, 15);
insert into habilidade_faixa_ano (id_habilidade, id_faixa_ano) values (1437, 15);
insert into habilidade_faixa_ano (id_habilidade, id_faixa_ano) values (1438, 15);
insert into habilidade_faixa_ano (id_habilidade, id_faixa_ano) values (1439, 15);
insert into habilidade_faixa_ano (id_habilidade, id_faixa_ano) values (1440, 15);
insert into habilidade_faixa_ano (id_habilidade, id_faixa_ano) values (1441, 15);
insert into habilidade_faixa_ano (id_habilidade, id_faixa_ano) values (1442, 15);
insert into habilidade_faixa_ano (id_habilidade, id_faixa_ano) values (1443, 15);
insert into habilidade_faixa_ano (id_habilidade, id_faixa_ano) values (1444, 15);
insert into habilidade_faixa_ano (id_habilidade, id_faixa_ano) values (1445, 15);
insert into habilidade_faixa_ano (id_habilidade, id_faixa_ano) values (1446, 15);
insert into habilidade_faixa_ano (id_habilidade, id_faixa_ano) values (1447, 15);
insert into habilidade_faixa_ano (id_habilidade, id_faixa_ano) values (1448, 15);
insert into habilidade_faixa_ano (id_habilidade, id_faixa_ano) values (1449, 15);
insert into habilidade_faixa_ano (id_habilidade, id_faixa_ano) values (1450, 15);
insert into habilidade_faixa_ano (id_habilidade, id_faixa_ano) values (1451, 15);
insert into habilidade_faixa_ano (id_habilidade, id_faixa_ano) values (1452, 15);
insert into habilidade_faixa_ano (id_habilidade, id_faixa_ano) values (1453, 15);
insert into habilidade_faixa_ano (id_habilidade, id_faixa_ano) values (1454, 15);
insert into habilidade_faixa_ano (id_habilidade, id_faixa_ano) values (1455, 15);
insert into habilidade_faixa_ano (id_habilidade, id_faixa_ano) values (1456, 15);
insert into habilidade_faixa_ano (id_habilidade, id_faixa_ano) values (1457, 15);
insert into habilidade_faixa_ano (id_habilidade, id_faixa_ano) values (1458, 15);
insert into habilidade_faixa_ano (id_habilidade, id_faixa_ano) values (1459, 15);
insert into habilidade_faixa_ano (id_habilidade, id_faixa_ano) values (1460, 15);
insert into habilidade_faixa_ano (id_habilidade, id_faixa_ano) values (1461, 15);
insert into habilidade_faixa_ano (id_habilidade, id_faixa_ano) values (1462, 15);
insert into habilidade_faixa_ano (id_habilidade, id_faixa_ano) values (1463, 15);
insert into habilidade_faixa_ano (id_habilidade, id_faixa_ano) values (1464, 15);
insert into habilidade_faixa_ano (id_habilidade, id_faixa_ano) values (1465, 15);
insert into habilidade_faixa_ano (id_habilidade, id_faixa_ano) values (1466, 15);
insert into habilidade_faixa_ano (id_habilidade, id_faixa_ano) values (1467, 15);
insert into habilidade_faixa_ano (id_habilidade, id_faixa_ano) values (1468, 15);
insert into habilidade_faixa_ano (id_habilidade, id_faixa_ano) values (1469, 15);
insert into habilidade_faixa_ano (id_habilidade, id_faixa_ano) values (1470, 15);
insert into habilidade_faixa_ano (id_habilidade, id_faixa_ano) values (1471, 15);
insert into habilidade_faixa_ano (id_habilidade, id_faixa_ano) values (1472, 15);
insert into habilidade_faixa_ano (id_habilidade, id_faixa_ano) values (1473, 15);
insert into habilidade_faixa_ano (id_habilidade, id_faixa_ano) values (1474, 15);
insert into habilidade_faixa_ano (id_habilidade, id_faixa_ano) values (1475, 15);
insert into habilidade_faixa_ano (id_habilidade, id_faixa_ano) values (1476, 15);
insert into habilidade_faixa_ano (id_habilidade, id_faixa_ano) values (1477, 15);
insert into habilidade_faixa_ano (id_habilidade, id_faixa_ano) values (1478, 15);
insert into habilidade_faixa_ano (id_habilidade, id_faixa_ano) values (1479, 15);
insert into habilidade_faixa_ano (id_habilidade, id_faixa_ano) values (1480, 15);
insert into habilidade_faixa_ano (id_habilidade, id_faixa_ano) values (1481, 15);
insert into habilidade_faixa_ano (id_habilidade, id_faixa_ano) values (1482, 15);
insert into habilidade_faixa_ano (id_habilidade, id_faixa_ano) values (1483, 15);
insert into habilidade_faixa_ano (id_habilidade, id_faixa_ano) values (1484, 15);
insert into habilidade_faixa_ano (id_habilidade, id_faixa_ano) values (1485, 15);
insert into habilidade_faixa_ano (id_habilidade, id_faixa_ano) values (1486, 15);
insert into habilidade_faixa_ano (id_habilidade, id_faixa_ano) values (1487, 15);

insert into habilidade_competencia (id_habilidade, id_competencia) values (1435, 105);
insert into habilidade_competencia (id_habilidade, id_competencia) values (1436, 105);
insert into habilidade_competencia (id_habilidade, id_competencia) values (1437, 105);
insert into habilidade_competencia (id_habilidade, id_competencia) values (1439, 105);
insert into habilidade_competencia (id_habilidade, id_competencia) values (1440, 105);
insert into habilidade_competencia (id_habilidade, id_competencia) values (1441, 105);
insert into habilidade_competencia (id_habilidade, id_competencia) values (1445, 105);
insert into habilidade_competencia (id_habilidade, id_competencia) values (1446, 105);
insert into habilidade_competencia (id_habilidade, id_competencia) values (1447, 105);
insert into habilidade_competencia (id_habilidade, id_competencia) values (1448, 105);
insert into habilidade_competencia (id_habilidade, id_competencia) values (1449, 105);
insert into habilidade_competencia (id_habilidade, id_competencia) values (1454, 105);
insert into habilidade_competencia (id_habilidade, id_competencia) values (1456, 105);
insert into habilidade_competencia (id_habilidade, id_competencia) values (1457, 105);
insert into habilidade_competencia (id_habilidade, id_competencia) values (1458, 105);
insert into habilidade_competencia (id_habilidade, id_competencia) values (1459, 105);
insert into habilidade_competencia (id_habilidade, id_competencia) values (1464, 105);
insert into habilidade_competencia (id_habilidade, id_competencia) values (1471, 105);
insert into habilidade_competencia (id_habilidade, id_competencia) values (1477, 105);
insert into habilidade_competencia (id_habilidade, id_competencia) values (1478, 105);
insert into habilidade_competencia (id_habilidade, id_competencia) values (1481, 105);
insert into habilidade_competencia (id_habilidade, id_competencia) values (1482, 105);
insert into habilidade_competencia (id_habilidade, id_competencia) values (1485, 105);
insert into habilidade_competencia (id_habilidade, id_competencia) values (1486, 105);
insert into habilidade_competencia (id_habilidade, id_competencia) values (1487, 105);
insert into habilidade_competencia (id_habilidade, id_competencia) values (1434, 106);
insert into habilidade_competencia (id_habilidade, id_competencia) values (1453, 106);
insert into habilidade_competencia (id_habilidade, id_competencia) values (1458, 106);
insert into habilidade_competencia (id_habilidade, id_competencia) values (1462, 106);
insert into habilidade_competencia (id_habilidade, id_competencia) values (1469, 106);
insert into habilidade_competencia (id_habilidade, id_competencia) values (1470, 106);
insert into habilidade_competencia (id_habilidade, id_competencia) values (1471, 106);
insert into habilidade_competencia (id_habilidade, id_competencia) values (1473, 106);
insert into habilidade_competencia (id_habilidade, id_competencia) values (1475, 106);
insert into habilidade_competencia (id_habilidade, id_competencia) values (1485, 106);
insert into habilidade_competencia (id_habilidade, id_competencia) values (1438, 107);
insert into habilidade_competencia (id_habilidade, id_competencia) values (1448, 107);
insert into habilidade_competencia (id_habilidade, id_competencia) values (1450, 107);
insert into habilidade_competencia (id_habilidade, id_competencia) values (1452, 107);
insert into habilidade_competencia (id_habilidade, id_competencia) values (1453, 107);
insert into habilidade_competencia (id_habilidade, id_competencia) values (1455, 107);
insert into habilidade_competencia (id_habilidade, id_competencia) values (1458, 107);
insert into habilidade_competencia (id_habilidade, id_competencia) values (1460, 107);
insert into habilidade_competencia (id_habilidade, id_competencia) values (1461, 107);
insert into habilidade_competencia (id_habilidade, id_competencia) values (1462, 107);
insert into habilidade_competencia (id_habilidade, id_competencia) values (1466, 107);
insert into habilidade_competencia (id_habilidade, id_competencia) values (1467, 107);
insert into habilidade_competencia (id_habilidade, id_competencia) values (1478, 107);
insert into habilidade_competencia (id_habilidade, id_competencia) values (1480, 107);
insert into habilidade_competencia (id_habilidade, id_competencia) values (1484, 107);
insert into habilidade_competencia (id_habilidade, id_competencia) values (1486, 107);
insert into habilidade_competencia (id_habilidade, id_competencia) values (1487, 107);
insert into habilidade_competencia (id_habilidade, id_competencia) values (1442, 108);
insert into habilidade_competencia (id_habilidade, id_competencia) values (1443, 108);
insert into habilidade_competencia (id_habilidade, id_competencia) values (1449, 108);
insert into habilidade_competencia (id_habilidade, id_competencia) values (1454, 110);
insert into habilidade_competencia (id_habilidade, id_competencia) values (1479, 110);
insert into habilidade_competencia (id_habilidade, id_competencia) values (1480, 110);
insert into habilidade_competencia (id_habilidade, id_competencia) values (1481, 110);
insert into habilidade_competencia (id_habilidade, id_competencia) values (1482, 110);
insert into habilidade_competencia (id_habilidade, id_competencia) values (1483, 110);
insert into habilidade_competencia (id_habilidade, id_competencia) values (1444, 111);
insert into habilidade_competencia (id_habilidade, id_competencia) values (1445, 111);
insert into habilidade_competencia (id_habilidade, id_competencia) values (1450, 111);
insert into habilidade_competencia (id_habilidade, id_competencia) values (1451, 111);
insert into habilidade_competencia (id_habilidade, id_competencia) values (1456, 111);
insert into habilidade_competencia (id_habilidade, id_competencia) values (1461, 111);
insert into habilidade_competencia (id_habilidade, id_competencia) values (1463, 111);
insert into habilidade_competencia (id_habilidade, id_competencia) values (1465, 111);
insert into habilidade_competencia (id_habilidade, id_competencia) values (1468, 111);
insert into habilidade_competencia (id_habilidade, id_competencia) values (1472, 111);
insert into habilidade_competencia (id_habilidade, id_competencia) values (1473, 111);
insert into habilidade_competencia (id_habilidade, id_competencia) values (1474, 111);
insert into habilidade_competencia (id_habilidade, id_competencia) values (1476, 111);
insert into habilidade_competencia (id_habilidade, id_competencia) values (1477, 111);

SELECT setval('public.seq_id_direito', 6, true);
SELECT setval('public.seq_id_objetivo', 93, true);
SELECT setval('public.seq_id_competencia', 125, true);
SELECT setval('public.seq_id_habilidade', 1487, true);
SELECT setval('public.seq_id_componente', 15, true);
SELECT setval('public.seq_id_faixa_ano', 15, true);
SELECT setval('public.seq_id_campo_experiencia', 5, true);
SELECT setval('public.seq_id_nivel', 3, true);

ALTER TABLE public.direito ALTER COLUMN id SET DEFAULT nextval('seq_id_direito'::regclass);
ALTER TABLE public.objetivo ALTER COLUMN id SET DEFAULT nextval('seq_id_objetivo'::regclass);
ALTER TABLE public.competencia ALTER COLUMN id SET DEFAULT nextval('seq_id_competencia'::regclass);
ALTER TABLE public.habilidade ALTER COLUMN id SET DEFAULT nextval('seq_id_habilidade'::regclass);
ALTER TABLE public.componente ALTER COLUMN id SET DEFAULT nextval('seq_id_componente'::regclass);
ALTER TABLE public.faixa_ano ALTER COLUMN id SET DEFAULT nextval('seq_id_componente'::regclass);
ALTER TABLE public.campo_experiencia ALTER COLUMN id SET DEFAULT nextval('seq_id_campo_experiencia'::regclass);
ALTER TABLE public.nivel ALTER COLUMN id SET DEFAULT nextval('seq_id_nivel'::regclass);


--carga de valores e atitudes (Comentado devido a carga estar no script de carga geral)
 delete from atitude;
 delete from valor;
 ALTER TABLE public.atitude ALTER COLUMN id DROP DEFAULT;
 ALTER TABLE public.valor ALTER COLUMN id DROP DEFAULT;

 insert into valor (id, codigo, ativo, id_instituicao, nome) values (1, 'V0001', true, (select min(id) from instituicao), 'Paz');
 insert into valor (id, codigo, ativo, id_instituicao, nome) values (2, 'V0002', true, (select min(id) from instituicao), 'Amor');
 insert into valor (id, codigo, ativo, id_instituicao, nome) values (3, 'V0003', true, (select min(id) from instituicao), 'Espiritualidade');
 insert into valor (id, codigo, ativo, id_instituicao, nome) values (4, 'V0004', true, (select min(id) from instituicao), 'Justiça');
 insert into valor (id, codigo, ativo, id_instituicao, nome) values (5, 'V0005', true, (select min(id) from instituicao), 'Verdade');
 insert into valor (id, codigo, ativo, id_instituicao, nome) values (6, 'V0006', true, (select min(id) from instituicao), 'Bem');

 insert into atitude  (id, codigo, ativa, id_valor, id_instituicao, nome) values (1, 'A0001', true, 1, (select min(id) from instituicao), 'Demonstro respeito pelos meus colegas'); 
 insert into atitude  (id, codigo, ativa, id_valor, id_instituicao, nome) values (2, 'A0002', true, 1, (select min(id) from instituicao), 'Demonstro respeito pelos meus  professores');
 insert into atitude  (id, codigo, ativa, id_valor, id_instituicao, nome) values (3, 'A0003', true, 1, (select min(id) from instituicao), 'Primo pela boa relação em sala de aula');
 insert into atitude  (id, codigo, ativa, id_valor, id_instituicao, nome) values (4, 'A0004', true, 1, (select min(id) from instituicao), 'Sou tolerante com opiniões e posturas diversas');
 insert into atitude  (id, codigo, ativa, id_valor, id_instituicao, nome) values (5, 'A0005', true, 1, (select min(id) from instituicao), 'Defendo  a cultura de paz, superando conflitos');
 insert into atitude  (id, codigo, ativa, id_valor, id_instituicao, nome) values (6, 'A0006', true, 1, (select min(id) from instituicao), 'Resolvo conflitos em prol das relações');
 insert into atitude  (id, codigo, ativa, id_valor, id_instituicao, nome) values (7, 'A0007', true, 1, (select min(id) from instituicao), 'Sou  resiliente nas situações de tensões');
 insert into atitude  (id, codigo, ativa, id_valor, id_instituicao, nome) values (8, 'A0008', true, 1, (select min(id) from instituicao), 'Sou  equilibrado na defesa de minhas opiniões');

 insert into atitude  (id, codigo, ativa, id_valor, id_instituicao, nome) values (9, 'A0009', true, 2, (select min(id) from instituicao), 'Tenho empatia,  colocando-me no lugar do outro');  
 insert into atitude  (id, codigo, ativa, id_valor, id_instituicao, nome) values (10, 'A0010', true, 2, (select min(id) from instituicao), 'Sou  cordial nas relações interpessoais'); 
 insert into atitude  (id, codigo, ativa, id_valor, id_instituicao, nome) values (11, 'A0011', true, 2, (select min(id) from instituicao), 'Respeito  as diferenças');  
 insert into atitude  (id, codigo, ativa, id_valor, id_instituicao, nome) values (12, 'A0012', true, 2, (select min(id) from instituicao), 'Demonstro  apreço pelos estudos'); 
 insert into atitude  (id, codigo, ativa, id_valor, id_instituicao, nome) values (13, 'A0013', true, 2, (select min(id) from instituicao), 'Apoio  gratuitamente quem necessita'); 
 insert into atitude  (id, codigo, ativa, id_valor, id_instituicao, nome) values (14, 'A0014', true, 2, (select min(id) from instituicao), 'Demonstro  satisfação para com a vida'); 
 insert into atitude  (id, codigo, ativa, id_valor, id_instituicao, nome) values (15, 'A0015', true, 2, (select min(id) from instituicao), 'Trabalho bem em equipe');  
 insert into atitude  (id, codigo, ativa, id_valor, id_instituicao, nome) values (16, 'A0016', true, 2, (select min(id) from instituicao), 'Dialogo e convivo bem  com o outro'); 

 insert into atitude  (id, codigo, ativa, id_valor, id_instituicao, nome) values (17, 'A0017', true, 3, (select min(id) from instituicao), 'Demonstro  reverência para com a vida');
 insert into atitude  (id, codigo, ativa, id_valor, id_instituicao, nome) values (18, 'A0018', true, 3, (select min(id) from instituicao), 'Trabalho minha  autoconsciência'); 
 insert into atitude  (id, codigo, ativa, id_valor, id_instituicao, nome) values (19, 'A0019', true, 3, (select min(id) from instituicao), 'Busco  e confio no Transcendente');
 insert into atitude  (id, codigo, ativa, id_valor, id_instituicao, nome) values (20, 'A0020', true, 3, (select min(id) from instituicao), 'Trabalho  minha  vida  espiritual dando sentido à vida');
 insert into atitude  (id, codigo, ativa, id_valor, id_instituicao, nome) values (21, 'A0021', true, 3, (select min(id) from instituicao), 'Desenvolvo  a interioridade');
 insert into atitude  (id, codigo, ativa, id_valor, id_instituicao, nome) values (22, 'A0022', true, 3, (select min(id) from instituicao), 'Tenho uma consciência cósmica de cuidado com a Vida');
 insert into atitude  (id, codigo, ativa, id_valor, id_instituicao, nome) values (23, 'A0023', true, 3, (select min(id) from instituicao), 'Cuido  da Vida ,  engajando-me  em ações concretas');

 insert into atitude  (id, codigo, ativa, id_valor, id_instituicao, nome) values (24, 'A0024', true, 4, (select min(id) from instituicao), 'Primo  pela igualdade em sala de aula');
 insert into atitude  (id, codigo, ativa, id_valor, id_instituicao, nome) values (25, 'A0025', true, 4, (select min(id) from instituicao), 'Sou  justo no trato com os professores');
 insert into atitude  (id, codigo, ativa, id_valor, id_instituicao, nome) values (26, 'A0026', true, 4, (select min(id) from instituicao), 'Sou  ético ao realizar as atividades propostas(exercícios e provas)');
 insert into atitude  (id, codigo, ativa, id_valor, id_instituicao, nome) values (27, 'A0027', true, 4, (select min(id) from instituicao), 'Tenho  senso moral , discernindo o certo e errado'); 
 insert into atitude  (id, codigo, ativa, id_valor, id_instituicao, nome) values (28, 'A0028', true, 4, (select min(id) from instituicao), 'Primo pela minha autonomia intelectual e emocional');
 insert into atitude  (id, codigo, ativa, id_valor, id_instituicao, nome) values (29, 'A0029', true, 4, (select min(id) from instituicao), 'Sou  honesto ao avaliar o outro e a mim mesmo');
 insert into atitude  (id, codigo, ativa, id_valor, id_instituicao, nome) values (30, 'A0030', true, 4, (select min(id) from instituicao), 'Sou  solidário para com quem necessita');
 insert into atitude  (id, codigo, ativa, id_valor, id_instituicao, nome) values (31, 'A0031', true, 4, (select min(id) from instituicao), 'Obedeço as  regras e combinados pedagógicos');

 insert into atitude  (id, codigo, ativa, id_valor, id_instituicao, nome) values (32, 'A0032', true, 5, (select min(id) from instituicao), 'Sou  responsável com o estudo pessoal');
 insert into atitude  (id, codigo, ativa, id_valor, id_instituicao, nome) values (33, 'A0033', true, 5, (select min(id) from instituicao), 'Dedico-me com afinco  às atividades de sala de aula');
 insert into atitude  (id, codigo, ativa, id_valor, id_instituicao, nome) values (34, 'A0034', true, 5, (select min(id) from instituicao), 'Sou  verdadeiro e  assumo meus  erros');
 insert into atitude  (id, codigo, ativa, id_valor, id_instituicao, nome) values (35, 'A0035', true, 5, (select min(id) from instituicao), 'Demonstro  curiosidade e vontade de aprender');
 insert into atitude  (id, codigo, ativa, id_valor, id_instituicao, nome) values (36, 'A0036', true, 5, (select min(id) from instituicao), 'Tomo  decisões com coerência e responsabilidade');
 insert into atitude  (id, codigo, ativa, id_valor, id_instituicao, nome) values (37, 'A0037', true, 5, (select min(id) from instituicao), 'Minha avaliação é sincera no processo de aprendizagem');
 insert into atitude  (id, codigo, ativa, id_valor, id_instituicao, nome) values (38, 'A0038', true, 5, (select min(id) from instituicao), 'Aceito opiniões diferentes');
 insert into atitude  (id, codigo, ativa, id_valor, id_instituicao, nome) values (39, 'A0039', true, 5, (select min(id) from instituicao), 'Avalio o outro com respeito');

 insert into atitude  (id, codigo, ativa, id_valor, id_instituicao, nome) values (40, 'A0040', true, 6, (select min(id) from instituicao), 'Zelo pelo  ambiente harmonioso em sala de aula e na escola');
 insert into atitude  (id, codigo, ativa, id_valor, id_instituicao, nome) values (41, 'A0041', true, 6, (select min(id) from instituicao), 'Cuido  dos materiais de uso comum na escola');
 insert into atitude  (id, codigo, ativa, id_valor, id_instituicao, nome) values (42, 'A0042', true, 6, (select min(id) from instituicao), 'Demonstro  capacidade de escuta e alteridade');
 insert into atitude  (id, codigo, ativa, id_valor, id_instituicao, nome) values (43, 'A0043', true, 6, (select min(id) from instituicao), 'Sou  grato pelo que recebo da escola, na família, etc');
 insert into atitude  (id, codigo, ativa, id_valor, id_instituicao, nome) values (44, 'A0044', true, 6, (select min(id) from instituicao), 'Sou  crítico na análise de situações problemas');
 insert into atitude  (id, codigo, ativa, id_valor, id_instituicao, nome) values (45, 'A0045', true, 6, (select min(id) from instituicao), 'Demonstro  um olhar positivo diante da vida');
 insert into atitude  (id, codigo, ativa, id_valor, id_instituicao, nome) values (46, 'A0046', true, 6, (select min(id) from instituicao), 'Demonstro  desapego e capacidade de doação');
 insert into atitude  (id, codigo, ativa, id_valor, id_instituicao, nome) values (47, 'A0047', true, 6, (select min(id) from instituicao), 'Sou  sóbrio e não me envolver em situações de risco');

 SELECT setval('public.seq_id_atitude', 47, true);
 SELECT setval('public.seq_id_valor', 6, true);
 ALTER TABLE public.atitude ALTER COLUMN id SET DEFAULT nextval('seq_id_atitude'::regclass);
 ALTER TABLE public.valor ALTER COLUMN id SET DEFAULT nextval('seq_id_valor'::regclass);



